CODIGO,TÍTULO,AUTOR,EDITORIAL,ESTADO,UBICACIÓN 
DRTSC.2.001,INTRODUCCIÓN A LA PROGRAMACIÓN ,EDGARDO ALBERTO ROMERO MASÍS,EDITORIAL UNIVERSIDAD DON BOSCO,EXCELENTE,M1A1
DRTSC.2.002,"DOS: SISTEMA OPERATIVO. MANUAL BÁSICO, LO QUE USTED NECESITA SABER",JAIME HERNÁNDEZ C.,EDITORIAL CEIBA ATLÁNTIDA,BUEN ESTADO,M1A1
DRTSC.2.003,"BOLETÍN BIBLIOGRÁFICO / BIBLIOTECAS JUDICIALES ""DR. RICARDO GALLARDO""  No. 13 DE ENERO - ABRIL DE 1998",DR. RICARDO GALLARDO,-,BUEN ESTADO,M1A1
DRTSC.2.004,ANUARIO LEGISLATIVO: DEL 1° DE MAYO DE 2004 AL 30 DE ABRIL DE 2005,ASAMBLEA LEGISLATIVA DE EL SALVADOR,IMPRENTA Y OFFSET RICALDONE,BUEN ESTADO,M1A1
DRTSC.2.005,ANUARIO LEGISLATIVO: DEL 1° DE MAYO DE 2005 AL 30 DE ABRIL DE 2006,ASAMBLEA LEGISLATIVA DE EL SALVADOR,IMPRENTA Y OFFSET RICALDONE,BUEN ESTADO,M1A1
DRTSC.2.006,ANUARIO LEGISLATIVO: DEL 1° DE MAYO DE 2005 AL 30 DE ABRIL DE 2006,ASAMBLEA LEGISLATIVA DE EL SALVADOR,IMPRENTA Y OFFSET RICALDONE,BUEN ESTADO,M1A1
DRTSC.2.007,ANUARIO LEGISLATIVO: DEL 1° DE MAYO DE 2006 AL 30 DE ABRIL DE 2007,ASAMBLEA LEGISLATIVA DE EL SALVADOR,IMPRENTA Y OFFSET RICALDONE,BUEN ESTADO,M1A1
DRTSC.2.008,ANUARIO LEGISLATIVO: DEL 1° DE MAYO DE 2007 AL 30 DE ABRIL DE 2008,ASAMBLEA LEGISLATIVA DE EL SALVADOR,IMPRENTA Y OFFSET RICALDONE,BUEN ESTADO,M1A1
DRTSC.2.009,ENCICLOPEDIA ILUSTRADA DE BIOLOGÍA,DISTRIBUIDORA ESCAR E. U.,DISTRIBUIDORA ESCAR E. U.,EXCELENTE,M1A1
DRTSC.2.010,ENCICLOPEDIA ILUSTRADA DE BIOLOGÍA,DISTRIBUIDORA ESCAR E. U.,DISTRIBUIDORA ESCAR E. U.,EXCELENTE,M1A1
DRTSC.2.011,1000 COSAS SUPER INTERESANTES QUE LOS NIÑOS QUIEREN SABER,"SABINE FRITZ, ELKE SCHWALM Y OTROS AUTORES",PANAMERICANA EDITORIAL,EXCELENTE,M1A1
DRTSC.2.012,1000 COSAS SUPER INTERESANTES QUE LOS NIÑOS QUIEREN SABER,"SABINE FRITZ, ELKE SCHWALM Y OTROS AUTORES",PANAMERICANA EDITORIAL,EXCELENTE,M1A1
DRTSC.2.013,"ANALES DEL MUSEO NACIONAL DE ANTROPOLOGÍA DR. DAVID J. GUZMÁN. CUARTA ÉPOCA No. 54, ENERO - DICIEMBRE DE 2015",MUSEO NACIONAL DE ANTROPOLOGÍA DR. DAVID J. GUZMÁN / SECRETARIA DE CULTURA DE LA PRESIDENCIA,DIRECCIÓN DE PUBLICACIONES E IMPRESOS (DPI),EXCELENTE,M1A1
DRTSC.2.014,"ANALES DEL MUSEO NACIONAL DE ANTROPOLOGÍA DR. DAVID J. GUZMÁN. CUARTA ÉPOCA No. 54, ENERO - DICIEMBRE DE 2015",MUSEO NACIONAL DE ANTROPOLOGÍA DR. DAVID J. GUZMÁN / SECRETARIA DE CULTURA DE LA PRESIDENCIA,DIRECCIÓN DE PUBLICACIONES E IMPRESOS (DPI),EXCELENTE,M1A1
DRTSC.2.015,"ANALES DEL MUSEO NACIONAL DE ANTROPOLOGÍA DR. DAVID J. GUZMÁN. CUARTA ÉPOCA No. 54, ENERO - DICIEMBRE DE 2015",MUSEO NACIONAL DE ANTROPOLOGÍA DR. DAVID J. GUZMÁN / SECRETARIA DE CULTURA DE LA PRESIDENCIA,DIRECCIÓN DE PUBLICACIONES E IMPRESOS (DPI),EXCELENTE,M1A1
DRTSC.2.016,"ANALES DEL MUSEO NACIONAL DE ANTROPOLOGÍA DR. DAVID J. GUZMÁN. CUARTA ÉPOCA No. 55, ENERO - JUNIO DE 2016",MUSEO NACIONAL DE ANTROPOLOGÍA DR. DAVID J. GUZMÁN / SECRETARIA DE CULTURA DE LA PRESIDENCIA,DIRECCIÓN DE PUBLICACIONES E IMPRESOS (DPI),EXCELENTE,M1A1
DRTSC.2.017,"ANALES DEL MUSEO NACIONAL DE ANTROPOLOGÍA DR. DAVID J. GUZMÁN. CUARTA ÉPOCA No. 55, ENERO - JUNIO DE 2016",MUSEO NACIONAL DE ANTROPOLOGÍA DR. DAVID J. GUZMÁN / SECRETARIA DE CULTURA DE LA PRESIDENCIA,DIRECCIÓN DE PUBLICACIONES E IMPRESOS (DPI),EXCELENTE,M1A1
DRTSC.2.018,"ANALES DEL MUSEO NACIONAL DE ANTROPOLOGÍA DR. DAVID J. GUZMÁN. CUARTA ÉPOCA No. 55, ENERO - JUNIO DE 2016",MUSEO NACIONAL DE ANTROPOLOGÍA DR. DAVID J. GUZMÁN / SECRETARIA DE CULTURA DE LA PRESIDENCIA,DIRECCIÓN DE PUBLICACIONES E IMPRESOS (DPI),EXCELENTE,M1A1
DRTSC.2.019,"ANALES DEL MUSEO NACIONAL DE ANTROPOLOGÍA DR. DAVID J. GUZMÁN. CUARTA ÉPOCA No. 56, JULIO - DICIEMBRE DE 2016",MUSEO NACIONAL DE ANTROPOLOGÍA DR. DAVID J. GUZMÁN / SECRETARIA DE CULTURA DE LA PRESIDENCIA,DIRECCIÓN DE PUBLICACIONES E IMPRESOS (DPI),EXCELENTE,M1A1
DRTSC.2.020,"ANALES DEL MUSEO NACIONAL DE ANTROPOLOGÍA DR. DAVID J. GUZMÁN. CUARTA ÉPOCA No. 56, JULIO - DICIEMBRE DE 2016",MUSEO NACIONAL DE ANTROPOLOGÍA DR. DAVID J. GUZMÁN / SECRETARIA DE CULTURA DE LA PRESIDENCIA,DIRECCIÓN DE PUBLICACIONES E IMPRESOS (DPI),EXCELENTE,M1A1
DRTSC.2.021,"ANALES DEL MUSEO NACIONAL DE ANTROPOLOGÍA DR. DAVID J. GUZMÁN. CUARTA ÉPOCA No. 56, JULIO - DICIEMBRE DE 2016",MUSEO NACIONAL DE ANTROPOLOGÍA DR. DAVID J. GUZMÁN / SECRETARIA DE CULTURA DE LA PRESIDENCIA,DIRECCIÓN DE PUBLICACIONES E IMPRESOS (DPI),EXCELENTE,M1A1
DRTSC.2.022,"ANÁLISIS: REVISTA DEL INSTITUTO DE INVESTIGACIÓN CIENTÍFICA UNSSA, TOMO II, N° 12 / 13, ENERO  - FEBRERO 1999",UNIVERSIDAD NUEVA SAN SALVADOR,ARTYCOLOR EDITORES IMPRESORES,EXCELENTE,M1A1
DRTSC.2.023,"ANAQUELES: REVISTA DE LA BIBLIOTECA NACIONAL ""FRANCISCO GAVIDIA"" NUEVA ÉPOCA, No. 01, 2015",SECRETARIA DE CULTURA DE LA PRESIDENCIA  / DIRECCIÓN NACIONAL DE ARCHIVO Y BIBLIOTECAS,DIRECCIÓN DE PUBLICACIONES E IMPRESOS (DPI),EXCELENTE,M1A1
DRTSC.2.024,"ANAQUELES: REVISTA DE LA BIBLIOTECA NACIONAL ""FRANCISCO GAVIDIA"" NUEVA ÉPOCA, No. 01, 2015",SECRETARIA DE CULTURA DE LA PRESIDENCIA  / DIRECCIÓN NACIONAL DE ARCHIVO Y BIBLIOTECAS,DIRECCIÓN DE PUBLICACIONES E IMPRESOS (DPI),EXCELENTE,M1A1
DRTSC.2.025,"ANAQUELES: REVISTA DE LA BIBLIOTECA NACIONAL ""FRANCISCO GAVIDIA"" NUEVA ÉPOCA, No. 01, 2015",SECRETARIA DE CULTURA DE LA PRESIDENCIA  / DIRECCIÓN NACIONAL DE ARCHIVO Y BIBLIOTECAS,DIRECCIÓN DE PUBLICACIONES E IMPRESOS (DPI),EXCELENTE,M1A1
DRTSC.2.026,"BOLETÍN 27: ACADEMIA SALVADOREÑA DE LA LENGUA, CORRESPONDIENTE A LA REAL ACADEMIA ESPAÑOLA",SECRETARIA DE CULTURA DE LA PRESIDENCIA,DIRECCIÓN DE PUBLICACIONES E IMPRESOS (DPI),EXCELENTE,M1A1
DRTSC.2.027,"CONTEXTO LATINOAMERICANO: REVISTA DE ANÁLISIS POLÍTICO, No. 1 SEPTIEMBRE - DICIEMBRE DE 2006",OCEAN SUR,ROBERTO REGALADO,BUEN ESTADO,M1A1
DRTSC.2.028,"CUADERNO DE INVESTIGACIÓN: AÑO 1, N° 1, 2004, EMIGRACIÓN",UNIVERSIDAD FRANCISCO GAVIDIA,UFG EDITORES,BUEN ESTADO,M1A1
DRTSC.2.029,CULTURA: REVISTA DEL CONSEJO NACIONAL PARA LA CULTURA Y EL ARTE. No. 81 ENERO - ABRIL 1998,CONSEJO NACIONAL PARA LA CULTURA Y EL ARTE (CONCULTURA),DIRECCIÓN DE PUBLICACIONES E IMPRESOS,BUEN ESTADO,M1A2
DRTSC.2.030,CULTURA: REVISTA DEL CONSEJO NACIONAL PARA LA CULTURA Y EL ARTE. No. 81 ENERO - ABRIL 1998,CONSEJO NACIONAL PARA LA CULTURA Y EL ARTE (CONCULTURA),DIRECCIÓN DE PUBLICACIONES E IMPRESOS,BUEN ESTADO,M1A2
DRTSC.2.031,CULTURA: REVISTA DEL CONSEJO NACIONAL PARA LA CULTURA Y EL ARTE. No. 81 ENERO - ABRIL 1998,CONSEJO NACIONAL PARA LA CULTURA Y EL ARTE (CONCULTURA),DIRECCIÓN DE PUBLICACIONES E IMPRESOS,BUEN ESTADO,M1A2
DRTSC.2.032,CULTURA: REVISTA DEL CONSEJO NACIONAL PARA LA CULTURA Y EL ARTE. No. 82 MAYO - AGOSTO 1998,CONSEJO NACIONAL PARA LA CULTURA Y EL ARTE (CONCULTURA),DIRECCIÓN DE PUBLICACIONES E IMPRESOS,BUEN ESTADO,M1A2
DRTSC.2.033,CULTURA: REVISTA DEL CONSEJO NACIONAL PARA LA CULTURA Y EL ARTE. No. 82 MAYO - AGOSTO 1998,CONSEJO NACIONAL PARA LA CULTURA Y EL ARTE (CONCULTURA),DIRECCIÓN DE PUBLICACIONES E IMPRESOS,BUEN ESTADO,M1A2
DRTSC.2.034,CULTURA: REVISTA DEL CONSEJO NACIONAL PARA LA CULTURA Y EL ARTE. No. 82 MAYO - AGOSTO 1998,CONSEJO NACIONAL PARA LA CULTURA Y EL ARTE (CONCULTURA),DIRECCIÓN DE PUBLICACIONES E IMPRESOS,BUEN ESTADO,M1A2
DRTSC.2.035,CULTURA: REVISTA DEL CONSEJO NACIONAL PARA LA CULTURA Y EL ARTE. No. 83 SEPTIEMBRE - DICIEMBRE 1998,CONSEJO NACIONAL PARA LA CULTURA Y EL ARTE (CONCULTURA),DIRECCIÓN DE PUBLICACIONES E IMPRESOS,BUEN ESTADO,M1A2
DRTSC.2.036,CULTURA: REVISTA DEL CONSEJO NACIONAL PARA LA CULTURA Y EL ARTE. No. 83 SEPTIEMBRE - DICIEMBRE 1998,CONSEJO NACIONAL PARA LA CULTURA Y EL ARTE (CONCULTURA),DIRECCIÓN DE PUBLICACIONES E IMPRESOS,BUEN ESTADO,M1A2
DRTSC.2.037,CULTURA: REVISTA DEL CONSEJO NACIONAL PARA LA CULTURA Y EL ARTE. No. 83 SEPTIEMBRE - DICIEMBRE 1998,CONSEJO NACIONAL PARA LA CULTURA Y EL ARTE (CONCULTURA),DIRECCIÓN DE PUBLICACIONES E IMPRESOS,BUEN ESTADO,M1A2
DRTSC.2.038,CULTURA: REVISTA DEL CONSEJO NACIONAL PARA LA CULTURA Y EL ARTE. No. 83 SEPTIEMBRE - DICIEMBRE 1998,CONSEJO NACIONAL PARA LA CULTURA Y EL ARTE (CONCULTURA),DIRECCIÓN DE PUBLICACIONES E IMPRESOS,BUEN ESTADO,M1A2
DRTSC.2.039,CULTURA: REVISTA DEL CONSEJO NACIONAL PARA LA CULTURA Y EL ARTE.  No. 85 MAYO - AGOSTO 1999,CONSEJO NACIONAL PARA LA CULTURA Y EL ARTE (CONCULTURA),DIRECCIÓN DE PUBLICACIONES E IMPRESOS,BUEN ESTADO,M1A2
DRTSC.2.040,CULTURA: REVISTA DEL CONSEJO NACIONAL PARA LA CULTURA Y EL ARTE.  No. 85 MAYO - AGOSTO 1999,CONSEJO NACIONAL PARA LA CULTURA Y EL ARTE (CONCULTURA),DIRECCIÓN DE PUBLICACIONES E IMPRESOS,BUEN ESTADO,M1A2
DRTSC.2.041,CULTURA: REVISTA DEL CONSEJO NACIONAL PARA LA CULTURA Y EL ARTE.  No. 85 MAYO - AGOSTO 1999,CONSEJO NACIONAL PARA LA CULTURA Y EL ARTE (CONCULTURA),DIRECCIÓN DE PUBLICACIONES E IMPRESOS,BUEN ESTADO,M1A2
DRTSC.2.042,CULTURA: REVISTA DEL CONSEJO NACIONAL PARA LA CULTURA Y EL ARTE. No. 86 ENERO - ABRIL 2002,CONSEJO NACIONAL PARA LA CULTURA Y EL ARTE (CONCULTURA),DIRECCIÓN DE PUBLICACIONES E IMPRESOS,BUEN ESTADO,M1A2
DRTSC.2.043,CULTURA: REVISTA DEL CONSEJO NACIONAL PARA LA CULTURA Y EL ARTE. No. 86 ENERO - ABRIL 2002,CONSEJO NACIONAL PARA LA CULTURA Y EL ARTE (CONCULTURA),DIRECCIÓN DE PUBLICACIONES E IMPRESOS,BUEN ESTADO,M1A2
DRTSC.2.044,CULTURA: REVISTA DEL CONSEJO NACIONAL PARA LA CULTURA Y EL ARTE. No. 86 ENERO - ABRIL 2002,CONSEJO NACIONAL PARA LA CULTURA Y EL ARTE (CONCULTURA),DIRECCIÓN DE PUBLICACIONES E IMPRESOS,BUEN ESTADO,M1A2
DRTSC.2.045,CULTURA: REVISTA DEL CONSEJO NACIONAL PARA LA CULTURA Y EL ARTE.  No. 87 / 88  MAYO - DICIEMBRE 2002,CONSEJO NACIONAL PARA LA CULTURA Y EL ARTE (CONCULTURA),DIRECCIÓN DE PUBLICACIONES E IMPRESOS,BUEN ESTADO,M1A2
DRTSC.2.046,CULTURA: REVISTA DEL CONSEJO NACIONAL PARA LA CULTURA Y EL ARTE.  No. 87 / 88 MAYO - DICIEMBRE 2002,CONSEJO NACIONAL PARA LA CULTURA Y EL ARTE (CONCULTURA),DIRECCIÓN DE PUBLICACIONES E IMPRESOS,BUEN ESTADO,M1A2
DRTSC.2.047,CULTURA: REVISTA DEL CONSEJO NACIONAL PARA LA CULTURA Y EL ARTE.  No. 87 / 88 MAYO - DICIEMBRE 2002,CONSEJO NACIONAL PARA LA CULTURA Y EL ARTE (CONCULTURA),DIRECCIÓN DE PUBLICACIONES E IMPRESOS,BUEN ESTADO,M1A2
DRTSC.2.048,CULTURA: REVISTA DEL CONSEJO NACIONAL PARA LA CULTURA Y EL ARTE.  No. 94 SEPTIEMBRE - DICIEMBRE 2006,CONSEJO NACIONAL PARA LA CULTURA Y EL ARTE (CONCULTURA),DIRECCIÓN DE PUBLICACIONES E IMPRESOS,BUEN ESTADO,M1A2
DRTSC.2.049,CULTURA: REVISTA DEL CONSEJO NACIONAL PARA LA CULTURA Y EL ARTE.  No. 94 SEPTIEMBRE - DICIEMBRE 2006,CONSEJO NACIONAL PARA LA CULTURA Y EL ARTE (CONCULTURA),DIRECCIÓN DE PUBLICACIONES E IMPRESOS,BUEN ESTADO,M1A2
DRTSC.2.050,CULTURA: REVISTA DEL CONSEJO NACIONAL PARA LA CULTURA Y EL ARTE.  No. 94 SEPTIEMBRE - DICIEMBRE 2006,CONSEJO NACIONAL PARA LA CULTURA Y EL ARTE (CONCULTURA),DIRECCIÓN DE PUBLICACIONES E IMPRESOS,BUEN ESTADO,M1A2
DRTSC.2.051,CULTURA: REVISTA DEL CONSEJO NACIONAL PARA LA CULTURA Y EL ARTE.  No. 95 ENERO - ABRIL 2007,CONSEJO NACIONAL PARA LA CULTURA Y EL ARTE (CONCULTURA),DIRECCIÓN DE PUBLICACIONES E IMPRESOS,BUEN ESTADO,M1A2
DRTSC.2.052,CULTURA: REVISTA DEL CONSEJO NACIONAL PARA LA CULTURA Y EL ARTE.  No. 95 ENERO - ABRIL 2007,CONSEJO NACIONAL PARA LA CULTURA Y EL ARTE (CONCULTURA),DIRECCIÓN DE PUBLICACIONES E IMPRESOS,BUEN ESTADO,M1A2
DRTSC.2.053,CULTURA: REVISTA DEL CONSEJO NACIONAL PARA LA CULTURA Y EL ARTE.  No. 95 ENERO - ABRIL 2007,CONSEJO NACIONAL PARA LA CULTURA Y EL ARTE (CONCULTURA),DIRECCIÓN DE PUBLICACIONES E IMPRESOS,BUEN ESTADO,M1A2
DRTSC.2.054,CULTURA: REVISTA DEL CONSEJO NACIONAL PARA LA CULTURA Y EL ARTE.  No. 96 MAYO - AGOSTO 2007,CONSEJO NACIONAL PARA LA CULTURA Y EL ARTE (CONCULTURA),DIRECCIÓN DE PUBLICACIONES E IMPRESOS,BUEN ESTADO,M1A2
DRTSC.2.055,CULTURA: REVISTA DEL CONSEJO NACIONAL PARA LA CULTURA Y EL ARTE.  No. 96 MAYO - AGOSTO 2007,CONSEJO NACIONAL PARA LA CULTURA Y EL ARTE (CONCULTURA),DIRECCIÓN DE PUBLICACIONES E IMPRESOS,BUEN ESTADO,M1A2
DRTSC.2.056,CULTURA: REVISTA DEL CONSEJO NACIONAL PARA LA CULTURA Y EL ARTE.  No. 96 MAYO - AGOSTO 2007,CONSEJO NACIONAL PARA LA CULTURA Y EL ARTE (CONCULTURA),DIRECCIÓN DE PUBLICACIONES E IMPRESOS,BUEN ESTADO,M1A2
DRTSC.2.057,CULTURA: REVISTA DEL CONSEJO NACIONAL PARA LA CULTURA Y EL ARTE. No. 97 / 98 SEPTIEMBRE 2007 - ABRIL 2008,CONSEJO NACIONAL PARA LA CULTURA Y EL ARTE (CONCULTURA),DIRECCIÓN DE PUBLICACIONES E IMPRESOS,EXCELENTE,M1A2
DRTSC.2.058,CULTURA: REVISTA DEL CONSEJO NACIONAL PARA LA CULTURA Y EL ARTE. No. 97 / 98 SEPTIEMBRE 2007 - ABRIL 2008,CONSEJO NACIONAL PARA LA CULTURA Y EL ARTE (CONCULTURA),DIRECCIÓN DE PUBLICACIONES E IMPRESOS,EXCELENTE,M1A2
DRTSC.2.059,CULTURA: REVISTA DEL CONSEJO NACIONAL PARA LA CULTURA Y EL ARTE. No. 97 / 98 SEPTIEMBRE 2007 - ABRIL 2008,CONSEJO NACIONAL PARA LA CULTURA Y EL ARTE (CONCULTURA),DIRECCIÓN DE PUBLICACIONES E IMPRESOS,EXCELENTE,M1A2
DRTSC.2.060,CULTURA: REVISTA DEL CONSEJO NACIONAL PARA LA CULTURA Y EL ARTE.  No. 99 MAYO - AGOSTO 2008,CONSEJO NACIONAL PARA LA CULTURA Y EL ARTE (CONCULTURA),DIRECCIÓN DE PUBLICACIONES E IMPRESOS,EXCELENTE,M1A2
DRTSC.2.061,CULTURA: REVISTA DEL CONSEJO NACIONAL PARA LA CULTURA Y EL ARTE.  No. 99 MAYO - AGOSTO 2008,CONSEJO NACIONAL PARA LA CULTURA Y EL ARTE (CONCULTURA),DIRECCIÓN DE PUBLICACIONES E IMPRESOS,EXCELENTE,M1A2
DRTSC.2.062,CULTURA: REVISTA DEL CONSEJO NACIONAL PARA LA CULTURA Y EL ARTE.  No. 99 MAYO - AGOSTO 2008,CONSEJO NACIONAL PARA LA CULTURA Y EL ARTE (CONCULTURA),DIRECCIÓN DE PUBLICACIONES E IMPRESOS,EXCELENTE,M1A2
DRTSC.2.063,CULTURA: REVISTA DEL CONSEJO NACIONAL PARA LA CULTURA Y EL ARTE. No. 100 SEPTIEMBRE 2008 - FEBRERO 2009,CONSEJO NACIONAL PARA LA CULTURA Y EL ARTE (CONCULTURA),DIRECCIÓN DE PUBLICACIONES E IMPRESOS,EXCELENTE,M1A2
DRTSC.2.064,CULTURA: REVISTA DEL CONSEJO NACIONAL PARA LA CULTURA Y EL ARTE. No. 100 SEPTIEMBRE 2008 - FEBRERO 2009,CONSEJO NACIONAL PARA LA CULTURA Y EL ARTE (CONCULTURA),DIRECCIÓN DE PUBLICACIONES E IMPRESOS,EXCELENTE,M1A2
DRTSC.2.065,CULTURA: REVISTA DEL CONSEJO NACIONAL PARA LA CULTURA Y EL ARTE. No. 100 SEPTIEMBRE 2008 - FEBRERO 2009,CONSEJO NACIONAL PARA LA CULTURA Y EL ARTE (CONCULTURA),DIRECCIÓN DE PUBLICACIONES E IMPRESOS,EXCELENTE,M1A2
DRTSC.2.066,CULTURA: REVISTA DE LA SECRETARÍA DE CULTURA DE LA PRESIDENCIA.  No. 103 JULIO - OCTUBRE 2010,SECRETARÍA DE CULTURA DE LA PRESIDENCIA,DIRECCIÓN DE PUBLICACIONES E IMPRESOS,EXCELENTE,M1A3
DRTSC.2.067,CULTURA: REVISTA DE LA SECRETARÍA DE CULTURA DE LA PRESIDENCIA.  No. 103 JULIO - OCTUBRE 2010,SECRETARÍA DE CULTURA DE LA PRESIDENCIA,DIRECCIÓN DE PUBLICACIONES E IMPRESOS,EXCELENTE,M1A3
DRTSC.2.068,CULTURA: REVISTA DE LA SECRETARÍA DE CULTURA DE LA PRESIDENCIA.  No. 103 JULIO - OCTUBRE 2010,SECRETARÍA DE CULTURA DE LA PRESIDENCIA,DIRECCIÓN DE PUBLICACIONES E IMPRESOS,EXCELENTE,M1A3
DRTSC.2.069,CULTURA: REVISTA DE LA SECRETARÍA DE CULTURA DE LA PRESIDENCIA.  No. 104 NOVIEMBRE - DICIEMBRE 2010,SECRETARÍA DE CULTURA DE LA PRESIDENCIA,DIRECCIÓN DE PUBLICACIONES E IMPRESOS,EXCELENTE,M1A3
DRTSC.2.070,CULTURA: REVISTA DE LA SECRETARÍA DE CULTURA DE LA PRESIDENCIA.  No. 104 NOVIEMBRE - DICIEMBRE 2010,SECRETARÍA DE CULTURA DE LA PRESIDENCIA,DIRECCIÓN DE PUBLICACIONES E IMPRESOS,EXCELENTE,M1A3
DRTSC.2.071,CULTURA: REVISTA DE LA SECRETARÍA DE CULTURA DE LA PRESIDENCIA.  No. 104 NOVIEMBRE - DICIEMBRE 2010,SECRETARÍA DE CULTURA DE LA PRESIDENCIA,DIRECCIÓN DE PUBLICACIONES E IMPRESOS,EXCELENTE,M1A3
DRTSC.2.072,CULTURA: REVISTA DE LA SECRETARÍA DE CULTURA DE LA PRESIDENCIA.  No. 105 ENERO - MARZO 2011,SECRETARÍA DE CULTURA DE LA PRESIDENCIA,DIRECCIÓN DE PUBLICACIONES E IMPRESOS,EXCELENTE,M1A3
DRTSC.2.073,CULTURA: REVISTA DE LA SECRETARÍA DE CULTURA DE LA PRESIDENCIA.  No. 105 ENERO - MARZO 2011,SECRETARÍA DE CULTURA DE LA PRESIDENCIA,DIRECCIÓN DE PUBLICACIONES E IMPRESOS,EXCELENTE,M1A3
DRTSC.2.074,CULTURA: REVISTA DE LA SECRETARÍA DE CULTURA DE LA PRESIDENCIA.  No. 105 ENERO - MARZO 2011,SECRETARÍA DE CULTURA DE LA PRESIDENCIA,DIRECCIÓN DE PUBLICACIONES E IMPRESOS,EXCELENTE,M1A3
DRTSC.2.075,CULTURA: REVISTA DE LA SECRETARÍA DE CULTURA DE LA PRESIDENCIA.  No. 106 ABRIL - JUNIO 2011,SECRETARÍA DE CULTURA DE LA PRESIDENCIA,DIRECCIÓN DE PUBLICACIONES E IMPRESOS,EXCELENTE,M1A3
DRTSC.2.076,CULTURA: REVISTA DE LA SECRETARÍA DE CULTURA DE LA PRESIDENCIA.  No. 106 ABRIL - JUNIO 2011,SECRETARÍA DE CULTURA DE LA PRESIDENCIA,DIRECCIÓN DE PUBLICACIONES E IMPRESOS,EXCELENTE,M1A3
DRTSC.2.077,CULTURA: REVISTA DE LA SECRETARÍA DE CULTURA DE LA PRESIDENCIA.  No. 106 ABRIL - JUNIO 2011,SECRETARÍA DE CULTURA DE LA PRESIDENCIA,DIRECCIÓN DE PUBLICACIONES E IMPRESOS,EXCELENTE,M1A3
DRTSC.2.078,CULTURA: REVISTA DE LA SECRETARÍA DE CULTURA DE LA PRESIDENCIA.  No. 107 JULIO - DICIEMBRE 2011,SECRETARÍA DE CULTURA DE LA PRESIDENCIA,DIRECCIÓN DE PUBLICACIONES E IMPRESOS,EXCELENTE,M1A3
DRTSC.2.079,CULTURA: REVISTA DE LA SECRETARÍA DE CULTURA DE LA PRESIDENCIA.  No. 107 JULIO - DICIEMBRE 2011,SECRETARÍA DE CULTURA DE LA PRESIDENCIA,DIRECCIÓN DE PUBLICACIONES E IMPRESOS,EXCELENTE,M1A3
DRTSC.2.080,CULTURA: REVISTA DE LA SECRETARÍA DE CULTURA DE LA PRESIDENCIA.  No. 107 JULIO - DICIEMBRE 2011,SECRETARÍA DE CULTURA DE LA PRESIDENCIA,DIRECCIÓN DE PUBLICACIONES E IMPRESOS,EXCELENTE,M1A3
DRTSC.2.081,"CULTURA: REVISTA DE LA SECRETARÍA DE CULTURA DE LA PRESIDENCIA DE EL SALVADOR, No. 109, ENERO - ABRIL 2013.",SECRETARÍA DE CULTURA DE LA PRESIDENCIA,DIRECCIÓN DE PUBLICACIONES E IMPRESOS,EXCELENTE,M1A3
DRTSC.2.082,"CULTURA: REVISTA DE LA SECRETARÍA DE CULTURA DE LA PRESIDENCIA DE EL SALVADOR, No. 109, ENERO - ABRIL 2013.",SECRETARÍA DE CULTURA DE LA PRESIDENCIA,DIRECCIÓN DE PUBLICACIONES E IMPRESOS,EXCELENTE,M1A3
DRTSC.2.083,"CULTURA: REVISTA DE LA SECRETARÍA DE CULTURA DE LA PRESIDENCIA DE EL SALVADOR, No. 109, ENERO - ABRIL 2013.",SECRETARÍA DE CULTURA DE LA PRESIDENCIA,DIRECCIÓN DE PUBLICACIONES E IMPRESOS,EXCELENTE,M1A3
DRTSC.2.084,"CULTURA: REVISTA DE LA SECRETARÍA DE CULTURA DE LA PRESIDENCIA DE EL SALVADOR, No. 110, MAYO - AGOSTO 2013",SECRETARÍA DE CULTURA DE LA PRESIDENCIA,DIRECCIÓN DE PUBLICACIONES E IMPRESOS,EXCELENTE,M1A3
DRTSC.2.085,"REVISTA CULTURA 110, MAYO - AGOSTO 2013. SECRETARÍA DE CULTURA DE LA PRESIDENCIA DE EL SALVADOR",SECRETARÍA DE CULTURA DE LA PRESIDENCIA,DIRECCIÓN DE PUBLICACIONES E IMPRESOS,EXCELENTE,M1A3
DRTSC.2.086,"REVISTA CULTURA 110, MAYO - AGOSTO 2013. SECRETARÍA DE CULTURA DE LA PRESIDENCIA DE EL SALVADOR",SECRETARÍA DE CULTURA DE LA PRESIDENCIA,DIRECCIÓN DE PUBLICACIONES E IMPRESOS,EXCELENTE,M1A3
DRTSC.2.087,"CULTURA: REVISTA DE LA SECRETARÍA DE CULTURA DE LA PRESIDENCIA DE EL SALVADOR, No. 111, SEPTIEMBRE - DICIEMBRE 2013.",SECRETARÍA DE CULTURA DE LA PRESIDENCIA,DIRECCIÓN DE PUBLICACIONES E IMPRESOS,EXCELENTE,M1A3
DRTSC.2.088,"CULTURA: REVISTA DE LA SECRETARÍA DE CULTURA DE LA PRESIDENCIA DE EL SALVADOR, No. 111, SEPTIEMBRE - DICIEMBRE 2013.",SECRETARÍA DE CULTURA DE LA PRESIDENCIA,DIRECCIÓN DE PUBLICACIONES E IMPRESOS,EXCELENTE,M1A3
DRTSC.2.089,"CULTURA: REVISTA DE LA SECRETARÍA DE CULTURA DE LA PRESIDENCIA DE EL SALVADOR, No. 111, SEPTIEMBRE - DICIEMBRE 2013.",SECRETARÍA DE CULTURA DE LA PRESIDENCIA,DIRECCIÓN DE PUBLICACIONES E IMPRESOS,EXCELENTE,M1A3
DRTSC.2.090,"CULTURA: REVISTA DE LA SECRETARÍA DE CULTURA DE LA PRESIDENCIA DE EL SALVADOR, No. 112, ENERO - JUNIO 2014. ",SECRETARÍA DE CULTURA DE LA PRESIDENCIA,DIRECCIÓN DE PUBLICACIONES E IMPRESOS,EXCELENTE,M1A3
DRTSC.2.091,"CULTURA: REVISTA DE LA SECRETARÍA DE CULTURA DE LA PRESIDENCIA DE EL SALVADOR, No. 112, ENERO - JUNIO 2014. ",SECRETARÍA DE CULTURA DE LA PRESIDENCIA,DIRECCIÓN DE PUBLICACIONES E IMPRESOS,EXCELENTE,M1A3
DRTSC.2.092,"CULTURA: REVISTA DE LA SECRETARÍA DE CULTURA DE LA PRESIDENCIA DE EL SALVADOR, No. 112, ENERO - JUNIO 2014. ",SECRETARÍA DE CULTURA DE LA PRESIDENCIA,DIRECCIÓN DE PUBLICACIONES E IMPRESOS,EXCELENTE,M1A3
DRTSC.2.093,"CULTURA: REVISTA DE LA SECRETARÍA DE CULTURA DE LA PRESIDENCIA DE EL SALVADOR, No. 115, ABRIL - JUNIO 2015.",SECRETARÍA DE CULTURA DE LA PRESIDENCIA,DIRECCIÓN DE PUBLICACIONES E IMPRESOS,EXCELENTE,M1A3
DRTSC.2.094,"CULTURA: REVISTA DE LA SECRETARÍA DE CULTURA DE LA PRESIDENCIA DE EL SALVADOR, No. 115, ABRIL - JUNIO 2015.",SECRETARÍA DE CULTURA DE LA PRESIDENCIA,DIRECCIÓN DE PUBLICACIONES E IMPRESOS,EXCELENTE,M1A3
DRTSC.2.095,"CULTURA: REVISTA DE LA SECRETARÍA DE CULTURA DE LA PRESIDENCIA DE EL SALVADOR, No. 115, ABRIL - JUNIO 2015.",SECRETARÍA DE CULTURA DE LA PRESIDENCIA,DIRECCIÓN DE PUBLICACIONES E IMPRESOS,EXCELENTE,M1A3
DRTSC.2.096,"CULTURA: REVISTA  DE LA SECRETARÍA DE CULTURA DE LA PRESIDENCIA DE EL SALVADOR, No. 116, JULIO - SEPTIEMBRE 2015. ",SECRETARÍA DE CULTURA DE LA PRESIDENCIA,DIRECCIÓN DE PUBLICACIONES E IMPRESOS,EXCELENTE,M1A3
DRTSC.2.097,"CULTURA: REVISTA  DE LA SECRETARÍA DE CULTURA DE LA PRESIDENCIA DE EL SALVADOR, No. 116, JULIO - SEPTIEMBRE 2015. ",SECRETARÍA DE CULTURA DE LA PRESIDENCIA,DIRECCIÓN DE PUBLICACIONES E IMPRESOS,EXCELENTE,M1A3
DRTSC.2.098,"CULTURA: REVISTA  DE LA SECRETARÍA DE CULTURA DE LA PRESIDENCIA DE EL SALVADOR, No. 116, JULIO - SEPTIEMBRE 2015. ",SECRETARÍA DE CULTURA DE LA PRESIDENCIA,DIRECCIÓN DE PUBLICACIONES E IMPRESOS,EXCELENTE,M1A3
DRTSC.2.099,"CULTURA: REVISTA DE LA SECRETARÍA DE CULTURA DE LA PRESIDENCIA DE EL SALVADOR, No. 117, OCTUBRE - DICIEMBRE 2016. ",SECRETARÍA DE CULTURA DE LA PRESIDENCIA,DIRECCIÓN DE PUBLICACIONES E IMPRESOS,EXCELENTE,M1A3
DRTSC.2.100,"CULTURA: REVISTA DE LA SECRETARÍA DE CULTURA DE LA PRESIDENCIA DE EL SALVADOR, No. 117, OCTUBRE - DICIEMBRE 2016. ",SECRETARÍA DE CULTURA DE LA PRESIDENCIA,DIRECCIÓN DE PUBLICACIONES E IMPRESOS,EXCELENTE,M1A3
DRTSC.2.101,"CULTURA: REVISTA DE LA SECRETARÍA DE CULTURA DE LA PRESIDENCIA DE EL SALVADOR, No. 117, OCTUBRE - DICIEMBRE 2016. ",SECRETARÍA DE CULTURA DE LA PRESIDENCIA,DIRECCIÓN DE PUBLICACIONES E IMPRESOS,EXCELENTE,M1A3
DRTSC.2.102,"CULTURA: REVISTA DE LA SECRETARÍA DE CULTURA DE LA PRESIDENCIA DE EL SALVADOR, No. 118, ENERO - ABRIL 2016.",SECRETARÍA DE CULTURA DE LA PRESIDENCIA,DIRECCIÓN DE PUBLICACIONES E IMPRESOS,EXCELENTE,M1A3
DRTSC.2.103,"CULTURA: REVISTA DE LA SECRETARÍA DE CULTURA DE LA PRESIDENCIA DE EL SALVADOR, No. 118, ENERO - ABRIL 2016.",SECRETARÍA DE CULTURA DE LA PRESIDENCIA,DIRECCIÓN DE PUBLICACIONES E IMPRESOS,EXCELENTE,M1A3
DRTSC.2.104,"CULTURA: REVISTA DE LA SECRETARÍA DE CULTURA DE LA PRESIDENCIA DE EL SALVADOR, No. 118, ENERO - ABRIL 2016.",SECRETARÍA DE CULTURA DE LA PRESIDENCIA,DIRECCIÓN DE PUBLICACIONES E IMPRESOS,EXCELENTE,M1A3
DRTSC.2.105,"CULTURA: REVISTA DE LA SECRETARÍA DE CULTURA DE LA PRESIDENCIA DE EL SALVADOR, No. 119, MAYO - AGOSTO 2016.",SECRETARÍA DE CULTURA DE LA PRESIDENCIA,DIRECCIÓN DE PUBLICACIONES E IMPRESOS,EXCELENTE,M1A3
DRTSC.2.106,"CULTURA: REVISTA DE LA SECRETARÍA DE CULTURA DE LA PRESIDENCIA DE EL SALVADOR, No. 119, MAYO - AGOSTO 2016.",SECRETARÍA DE CULTURA DE LA PRESIDENCIA,DIRECCIÓN DE PUBLICACIONES E IMPRESOS,EXCELENTE,M1A3
DRTSC.2.107,"CULTURA: REVISTA DE LA SECRETARÍA DE CULTURA DE LA PRESIDENCIA DE EL SALVADOR, No. 119, MAYO - AGOSTO 2016.",SECRETARÍA DE CULTURA DE LA PRESIDENCIA,DIRECCIÓN DE PUBLICACIONES E IMPRESOS,EXCELENTE,M1A3
DRTSC.2.108,"CULTURA: REVISTA DE LA SECRETARÍA DE CULTURA DE LA PRESIDENCIA DE EL SALVADOR, No. 120, SEPTIEMBRE - DICIEMBRE 2016.",SECRETARÍA DE CULTURA DE LA PRESIDENCIA,DIRECCIÓN DE PUBLICACIONES E IMPRESOS,EXCELENTE,M1A3
DRTSC.2.109,"CULTURA: REVISTA DE LA SECRETARÍA DE CULTURA DE LA PRESIDENCIA DE EL SALVADOR, No. 120, SEPTIEMBRE - DICIEMBRE 2016.",SECRETARÍA DE CULTURA DE LA PRESIDENCIA,DIRECCIÓN DE PUBLICACIONES E IMPRESOS,EXCELENTE,M1A3
DRTSC.2.110,"CULTURA: REVISTA DE LA SECRETARÍA DE CULTURA DE LA PRESIDENCIA DE EL SALVADOR, No. 120, SEPTIEMBRE - DICIEMBRE 2016.",SECRETARÍA DE CULTURA DE LA PRESIDENCIA,DIRECCIÓN DE PUBLICACIONES E IMPRESOS,EXCELENTE,M1A3
DRTSC.2.111,"CULTURA: REVISTA DE LA SECRETARÍA DE CULTURA DE LA PRESIDENCIA DE EL SALVADOR, No. 121, ENERO - ABRIL 2017.",SECRETARÍA DE CULTURA DE LA PRESIDENCIA,DIRECCIÓN DE PUBLICACIONES E IMPRESOS,EXCELENTE,M1A4
DRTSC.2.112,"CULTURA: REVISTA DE LA SECRETARÍA DE CULTURA DE LA PRESIDENCIA DE EL SALVADOR, No. 121, ENERO - ABRIL 2017.",SECRETARÍA DE CULTURA DE LA PRESIDENCIA,DIRECCIÓN DE PUBLICACIONES E IMPRESOS,EXCELENTE,M1A4
DRTSC.2.113,"CULTURA: REVISTA DE LA SECRETARÍA DE CULTURA DE LA PRESIDENCIA DE EL SALVADOR, No. 121, ENERO - ABRIL 2017.",SECRETARÍA DE CULTURA DE LA PRESIDENCIA,DIRECCIÓN DE PUBLICACIONES E IMPRESOS,EXCELENTE,M1A4
DRTSC.2.114,"CULTURA: REVISTA DE LA SECRETARÍA DE CULTURA DE LA PRESIDENCIA DE EL SALVADOR, No. 122, MAYO - AGOSTO 2017.",SECRETARÍA DE CULTURA DE LA PRESIDENCIA,DIRECCIÓN DE PUBLICACIONES E IMPRESOS,EXCELENTE,M1A4
DRTSC.2.115,"CULTURA: REVISTA DE LA SECRETARÍA DE CULTURA DE LA PRESIDENCIA DE EL SALVADOR, No. 122, MAYO - AGOSTO 2017.",SECRETARÍA DE CULTURA DE LA PRESIDENCIA,DIRECCIÓN DE PUBLICACIONES E IMPRESOS,EXCELENTE,M1A4
DRTSC.2.116,"CULTURA: REVISTA DE LA SECRETARÍA DE CULTURA DE LA PRESIDENCIA DE EL SALVADOR, No. 122, MAYO - AGOSTO 2017.",SECRETARÍA DE CULTURA DE LA PRESIDENCIA,DIRECCIÓN DE PUBLICACIONES E IMPRESOS,EXCELENTE,M1A4
DRTSC.2.117,"CULTURA: REVISTA  DE LA SECRETARÍA DE CULTURA DE LA PRESIDENCIA DE EL SALVADOR,  No. 123, SEPTIEMBRE - DICIEMBRE 2017.",SECRETARÍA DE CULTURA DE LA PRESIDENCIA,DIRECCIÓN DE PUBLICACIONES E IMPRESOS,EXCELENTE,M1A4
DRTSC.2.118,"CULTURA: REVISTA  DE LA SECRETARÍA DE CULTURA DE LA PRESIDENCIA DE EL SALVADOR,  No. 123, SEPTIEMBRE - DICIEMBRE 2017.",SECRETARÍA DE CULTURA DE LA PRESIDENCIA,DIRECCIÓN DE PUBLICACIONES E IMPRESOS,EXCELENTE,M1A4
DRTSC.2.119,"CULTURA: REVISTA  DE LA SECRETARÍA DE CULTURA DE LA PRESIDENCIA DE EL SALVADOR,  No. 123, SEPTIEMBRE - DICIEMBRE 2017.",SECRETARÍA DE CULTURA DE LA PRESIDENCIA,DIRECCIÓN DE PUBLICACIONES E IMPRESOS,EXCELENTE,M1A4
DRTSC.2.120,"CULTURA: REVISTA  DEL MINISTERIO DE CULTURA DE EL SALVADOR, No. 124, ENERO - JUNIO 2018.",MINISTERIO DE CULTURA DE EL SALVADOR,DIRECCIÓN DE PUBLICACIONES E IMPRESOS,EXCELENTE,M1A4
DRTSC.2.121,"CULTURA: REVISTA  DEL MINISTERIO DE CULTURA DE EL SALVADOR, No. 124, ENERO - JUNIO 2018.",MINISTERIO DE CULTURA DE EL SALVADOR,DIRECCIÓN DE PUBLICACIONES E IMPRESOS,EXCELENTE,M1A4
DRTSC.2.122,"CULTURA: REVISTA  DEL MINISTERIO DE CULTURA DE EL SALVADOR, No. 124, ENERO - JUNIO 2018.",MINISTERIO DE CULTURA DE EL SALVADOR,DIRECCIÓN DE PUBLICACIONES E IMPRESOS,EXCELENTE,M1A4
DRTSC.2.123,"CULTURA: REVISTA DEL MINISTERIO DE CULTURA DE EL SALVADOR, No.  125, JULIO - DICIEMBRE 2018. ",MINISTERIO DE CULTURA DE EL SALVADOR,DIRECCIÓN DE PUBLICACIONES E IMPRESOS,EXCELENTE,M1A4
DRTSC.2.124,"CULTURA: REVISTA DEL MINISTERIO DE CULTURA DE EL SALVADOR, No.  125, JULIO - DICIEMBRE 2018. ",MINISTERIO DE CULTURA DE EL SALVADOR,DIRECCIÓN DE PUBLICACIONES E IMPRESOS,EXCELENTE,M1A4
DRTSC.2.125,"CULTURA: REVISTA DEL MINISTERIO DE CULTURA DE EL SALVADOR, No.  125, JULIO - DICIEMBRE 2018. ",MINISTERIO DE CULTURA DE EL SALVADOR,DIRECCIÓN DE PUBLICACIONES E IMPRESOS,EXCELENTE,M1A4
DRTSC.2.126,"IDENTIDADES: REVISTA DE CIENCIAS SOCIALES Y HUMANIDADES, NÚMERO 7, JULIO - DICIEMBRE 2013",SECRETARIA DE CULTURA DE LA PRESIDENCIA / DIRECCIÓN NACIONAL DE INVESTIGACIONES EN CULTURA Y ARTE,DIRECCIÓN DE PUBLICACIONES E IMPRESOS (DPI),EXCELENTE,M1A4
DRTSC.2.127,"IDENTIDADES: REVISTA DE CIENCIAS SOCIALES Y HUMANIDADES, NÚMERO 7, JULIO - DICIEMBRE 2013",SECRETARIA DE CULTURA DE LA PRESIDENCIA / DIRECCIÓN NACIONAL DE INVESTIGACIONES EN CULTURA Y ARTE,DIRECCIÓN DE PUBLICACIONES E IMPRESOS (DPI),EXCELENTE,M1A4
DRTSC.2.128,"IDENTIDADES: REVISTA DE CIENCIAS SOCIALES Y HUMANIDADES, NÚMERO 7, JULIO - DICIEMBRE 2013",SECRETARIA DE CULTURA DE LA PRESIDENCIA / DIRECCIÓN NACIONAL DE INVESTIGACIONES EN CULTURA Y ARTE,DIRECCIÓN DE PUBLICACIONES E IMPRESOS (DPI),EXCELENTE,M1A4
DRTSC.2.129,"IDENTIDADES: REVISTA DE CIENCIAS SOCIALES Y HUMANIDADES. NÚMERO 8, ENERO - JUNIO 2015",SECRETARIA DE CULTURA DE LA PRESIDENCIA / DIRECCIÓN NACIONAL DE INVESTIGACIONES EN CULTURA Y ARTE,DIRECCIÓN DE PUBLICACIONES E IMPRESOS (DPI),EXCELENTE,M1A4
DRTSC.2.130,"IDENTIDADES: REVISTA DE CIENCIAS SOCIALES Y HUMANIDADES. NÚMERO 8, ENERO - JUNIO 2015",SECRETARIA DE CULTURA DE LA PRESIDENCIA / DIRECCIÓN NACIONAL DE INVESTIGACIONES EN CULTURA Y ARTE,DIRECCIÓN DE PUBLICACIONES E IMPRESOS (DPI),EXCELENTE,M1A4
DRTSC.2.131,"IDENTIDADES: REVISTA DE CIENCIAS SOCIALES Y HUMANIDADES. NÚMERO 8, ENERO - JUNIO 2015",SECRETARIA DE CULTURA DE LA PRESIDENCIA / DIRECCIÓN NACIONAL DE INVESTIGACIONES EN CULTURA Y ARTE,DIRECCIÓN DE PUBLICACIONES E IMPRESOS (DPI),EXCELENTE,M1A4
DRTSC.2.132,"IDENTIDADES: REVISTA DE CIENCIAS SOCIALES Y HUMANIDADES, NÚMERO 9, JULIO - DICIEMBRE 2015",SECRETARIA DE CULTURA DE LA PRESIDENCIA / DIRECCIÓN NACIONAL DE INVESTIGACIONES EN CULTURA Y ARTE,DIRECCIÓN DE PUBLICACIONES E IMPRESOS (DPI),EXCELENTE,M1A4
DRTSC.2.133,"IDENTIDADES: REVISTA DE CIENCIAS SOCIALES Y HUMANIDADES, NÚMERO 9, JULIO - DICIEMBRE 2015",SECRETARIA DE CULTURA DE LA PRESIDENCIA / DIRECCIÓN NACIONAL DE INVESTIGACIONES EN CULTURA Y ARTE,DIRECCIÓN DE PUBLICACIONES E IMPRESOS (DPI),EXCELENTE,M1A4
DRTSC.2.134,"IDENTIDADES: REVISTA DE CIENCIAS SOCIALES Y HUMANIDADES, NÚMERO 9, JULIO - DICIEMBRE 2015",SECRETARIA DE CULTURA DE LA PRESIDENCIA / DIRECCIÓN NACIONAL DE INVESTIGACIONES EN CULTURA Y ARTE,DIRECCIÓN DE PUBLICACIONES E IMPRESOS (DPI),EXCELENTE,M1A4
DRTSC.2.135,"IDENTIDADES: REVISTA DE CIENCIAS SOCIALES Y HUMANIDADES, NÚMERO 12, ENERO - JUNIO 2018","MINISTERIO DE CULTURA / DIRECCIÓN GENERAL DE INVESTIGACIONES, ACERVOS DOCUMENTALES Y EDICIONES",DIRECCIÓN DE PUBLICACIONES E IMPRESOS (DPI),EXCELENTE,M1A4
DRTSC.2.136,"IDENTIDADES: REVISTA DE CIENCIAS SOCIALES Y HUMANIDADES, NÚMERO 12, ENERO - JUNIO 2018","MINISTERIO DE CULTURA / DIRECCIÓN GENERAL DE INVESTIGACIONES, ACERVOS DOCUMENTALES Y EDICIONES",DIRECCIÓN DE PUBLICACIONES E IMPRESOS (DPI),EXCELENTE,M1A4
DRTSC.2.137,"IDENTIDADES: REVISTA DE CIENCIAS SOCIALES Y HUMANIDADES, NÚMERO 12, ENERO - JUNIO 2018","MINISTERIO DE CULTURA / DIRECCIÓN GENERAL DE INVESTIGACIONES, ACERVOS DOCUMENTALES Y EDICIONES",DIRECCIÓN DE PUBLICACIONES E IMPRESOS (DPI),EXCELENTE,M1A4
DRTSC.2.138,"IDENTIDADES: REVISTA DE CIENCIAS SOCIALES Y HUMANIDADES, NÚMERO 13, JULIO - DICIEMBRE 2018","MINISTERIO DE CULTURA / DIRECCIÓN GENERAL DE INVESTIGACIONES, ACERVOS DOCUMENTALES Y EDICIONES",DIRECCIÓN DE PUBLICACIONES E IMPRESOS (DPI),EXCELENTE,M1A4
DRTSC.2.139,"IDENTIDADES: REVISTA DE CIENCIAS SOCIALES Y HUMANIDADES, NÚMERO 13, JULIO - DICIEMBRE 2018","MINISTERIO DE CULTURA / DIRECCIÓN GENERAL DE INVESTIGACIONES, ACERVOS DOCUMENTALES Y EDICIONES",DIRECCIÓN DE PUBLICACIONES E IMPRESOS (DPI),EXCELENTE,M1A4
DRTSC.2.140,"IDENTIDADES: REVISTA DE CIENCIAS SOCIALES Y HUMANIDADES, NÚMERO 14, ENERO - JUNIO 2019","MINISTERIO DE CULTURA / DIRECCIÓN GENERAL DE INVESTIGACIONES, ACERVOS DOCUMENTALES Y EDICIONES",DIRECCIÓN DE PUBLICACIONES E IMPRESOS (DPI),EXCELENTE,M1A4
DRTSC.2.141,"IDENTIDADES: REVISTA DE CIENCIAS SOCIALES Y HUMANIDADES, NÚMERO 14, ENERO - JUNIO 2019","MINISTERIO DE CULTURA / DIRECCIÓN GENERAL DE INVESTIGACIONES, ACERVOS DOCUMENTALES Y EDICIONES",DIRECCIÓN DE PUBLICACIONES E IMPRESOS (DPI),EXCELENTE,M1A4
DRTSC.2.142,"HUMANIDADES: REVISTA DE CONTENIDO CIENTÍFICO DE  LA FACULTAD DE CIENCIAS Y HUMANIDADES DE LA UNIVERSIDAD DE EL SALVADOR, No. 3,  ABRIL - MAYO - JUNIO - JULIO DE 2003",JOSÉ EDUARDO CUBÍAS COLORADO,EDITORIAL E IMPRENTA  UNIVERSITARIA DE LA UNIVERSIDAD DE EL SALVADOR,EXCELENTE,M1A4
DRTSC.2.143,"REALIDAD: REVISTA DE CIENCIAS SOCIALES Y HUMANIDADES, No. 104, ABRIL - JUNIO DE 2005",SERGIO BRAN,"CONSEJO DE REDACCIÓN DE LA FACULTAD DE CIENCIAS Y HUMANIDADES DE LA UNIVERSIDAD CENTROAMERICANA ""JOSÉ SIMEÓN CAÑAS""  (UCA)",EXCELENTE,M1A4
DRTSC.2.144,"REALIDAD Y REFLEXIÓN. AÑO 6, No. 18, SEPTIEMBRE - DICIEMBRE 2006",MUSEO NACIONAL DE ANTROPOLOGÍA DR. DAVID J. GUZMÁN / SECRETARIA DE CULTURA DE LA PRESIDENCIA,UFG EDITORES,EXCELENTE,M1A4
DRTSC.2.145,"REALIDAD Y REFLEXIÓN. AÑO 7, No. 24, SEPTIEMBRE - DICIEMBRE 2008",MUSEO NACIONAL DE ANTROPOLOGÍA DR. DAVID J. GUZMÁN / SECRETARIA DE CULTURA DE LA PRESIDENCIA,UFG EDITORES,EXCELENTE,M1A4
DRTSC.2.146,"REALIDAD Y REFLEXIÓN. AÑO 8, No. 26, MAYO - AGOSTO 2009",UNIVERSIDAD FRANCISCO GAVIDIA,UFG EDITORES,EXCELENTE,M1A4
DRTSC.2.147,"REALIDAD Y REFLEXIÓN. AÑO 8, No. 26, MAYO - AGOSTO 2009",UNIVERSIDAD FRANCISCO GAVIDIA,UFG EDITORES,EXCELENTE,M1A4
DRTSC.2.148,"REALIDAD Y REFLEXIÓN. AÑO 8, No. 27, SEPTIEMBRE - DICIEMBRE 2009",UNIVERSIDAD FRANCISCO GAVIDIA,UFG EDITORES,EXCELENTE,M1A4
DRTSC.2.149,"REALIDAD Y REFLEXIÓN. AÑO 8, No. 27, SEPTIEMBRE - DICIEMBRE 2009",UNIVERSIDAD FRANCISCO GAVIDIA,UFG EDITORES,EXCELENTE,M1A4
DRTSC.2.150,"REALIDAD Y REFLEXIÓN. AÑO 9, No. 28, ENERO - ABRIL 2010",UNIVERSIDAD FRANCISCO GAVIDIA,UFG EDITORES,EXCELENTE,M1A4
DRTSC.2.151,"REALIDAD Y REFLEXIÓN. AÑO 9, No. 28, ENERO - ABRIL 2010",UNIVERSIDAD FRANCISCO GAVIDIA,UFG EDITORES,EXCELENTE,M1A4
DRTSC.2.152,"REALIDAD Y REFLEXIÓN. AÑO 9, No. 29, MAYO - AGOSTO 2010",UNIVERSIDAD FRANCISCO GAVIDIA,UFG EDITORES,EXCELENTE,M1A4
DRTSC.2.153,"REVISTA DE LA MAP: ADMINISTRACIÓN PÚBLICA Y SEGURIDAD CIUDADANA, SERIE MONGRÁFICOS N°. 1","DEPARTAMENTO DE CIENCIAS JURÍDICAS DE LA UNIVERSIDAD CENTROAMERICANA ""JOSÉ SIMEÓN CAÑAS"" (UCA)","CONSEJO EDITORIAL DE LA UNIVERSIDAD CENTROAMERICANA ""JOSÉ SIMEÓN CAÑAS"" (UCA)",EXCELENTE,M1A5
DRTSC.2.154,"REVISTA DE LA MAP: ADMINISTRACIÓN PÚBLICA Y POLÍTICAS DE REINSERCIÓN SOCIAL, SERIE MONGRÁFICOS N°. 2","DEPARTAMENTO DE CIENCIAS JURÍDICAS DE LA UNIVERSIDAD CENTROAMERICANA ""JOSÉ SIMEÓN CAÑAS"" (UCA)","CONSEJO EDITORIAL DE LA UNIVERSIDAD CENTROAMERICANA ""JOSÉ SIMEÓN CAÑAS"" (UCA)",EXCELENTE,M1A5
DRTSC.2.155,"REVISTA JUDICIAL: TOMO CX, ENERO - DICIEMBRE DE 2009",CORTE SUPREMA DE JUSTICA (CSJ),SECCIÓN DE PUBLICACIONES DE LA CORTE SUPREMA DE JUSTICIA (CSJ),EXCELENTE,M1A5
DRTSC.2.156,"REVISTA JUSTICIA DE PAZ: AÑO II,  VOL. III, SEPTIEMBRE - DICIEMBRE DE 1999",CORTE SUPREMA DE JUSTICA (CSJ),TALLERES GRÁFICOS UCA,EXCELENTE,M1A5
DRTSC.2.157,"SALUD Y DESARROLLO: REVISTA DE PUBLICACIONES CIENTÍFICAS EN SALUD MEDIO AMBIENTE Y EDUCACIÓN, DE ENERO - JUNIO DE 2014",INSTITUTO ESPECIALIZADO DE EDUCACIÓN SUPERIOR DE PROFESIONALES DE LA SALUD DE EL SALVADOR (IEPROES) ,TALLERES GRÁFICOS UCA,EXCELENTE,M1A5
DRTSC.2.158,"YOPICALCO, N° 1   JUNIO DE 2015",SAÚL DE PAZ,SAÚL DE PAZ,EXCELENTE,M1A5
DRTSC.2.159,"YOPICALCO, N° 1  JUNIO DE 2015",SAÚL DE PAZ,SAÚL DE PAZ,EXCELENTE,M1A5
DRTSC.2.160,"YOPICALCO, N° 2  SEPTIEMBRE DE 2015",SAÚL DE PAZ,SAÚL DE PAZ,EXCELENTE,M1A5
DRTSC.2.161,"YOPICALCO, N° 2  SEPTIEMBRE DE 2015",SAÚL DE PAZ,SAÚL DE PAZ,EXCELENTE,M1A5
DRTSC.2.162,"YOPICALCO, N° 3  NOVIEMBRE DE 2016",SAÚL DE PAZ,SAÚL DE PAZ,EXCELENTE,M1A5
DRTSC.2.163,"YOPICALCO, N° 3  NOVIEMBRE DE 2016",SAÚL DE PAZ,SAÚL DE PAZ,EXCELENTE,M1A5
DRTSC.2.164,OBRAS ESCOGIDAS ,NAPOLEON VIERA ALTAMIRANO,DIRECCIÓN DE PUBLICACIONES E IMPRESOS (DPI),EXCELENTE,M1A5
DRTSC.2.165,OBRAS ESCOGIDAS ,NAPOLEON VIERA ALTAMIRANO,DIRECCIÓN DE PUBLICACIONES E IMPRESOS (DPI),EXCELENTE,M1A5
DRTSC.2.166,OBRAS ESCOGIDAS ,NAPOLEON VIERA ALTAMIRANO,DIRECCIÓN DE PUBLICACIONES E IMPRESOS (DPI),EXCELENTE,M1A5
DRTSC.2.167,¡TODO TIPO DE DIÁLOGOS!: QUINCE DIÁLOGOS FILOSÓFICOS ENTRE ANIMALES,GEERT DE KOCKERE,PANAMERICANA EDITORIAL,EXCELENTE,M1A5
DRTSC.2.168,¡TODO TIPO DE DIÁLOGOS!: QUINCE DIÁLOGOS FILOSÓFICOS ENTRE ANIMALES,GEERT DE KOCKERE,PANAMERICANA EDITORIAL,EXCELENTE,M1A5
DRTSC.2.169,"APROXIMACIÓN EPISTEMOLÓGICA: APROXIMACIÓN A LA HISTORIA DE LA FILOSOFÍA, ENSAYOS CRÍTICOS, TOMO II",ÓSCAR PICARDO JOAO,UFG EDITORES,BUEN ESTADO,M1A5
DRTSC.2.170,LAS PROFECÍAS DE NOSTRADAMUS,NO IDENTIFICADO,GRUPO EDITORIAL TOMO,BUEN ESTADO,M1A5
DRTSC.2.171,CÓMO MOTIVAR A LA GENTE. PROBLEMAS Y PROCEDIMIENTOS,JACK H. MCQUAIG,EDITORIAL DIANA ,DAÑADO,M1A5
DRTSC.2.172,EL PROFESOR FREUD HABLA CON LOS PECES,MARION MULLER-COLARD,PANAMERICANA EDITORIAL,EXCELENTE,M1A5
DRTSC.2.173,EL PROFESOR FREUD HABLA CON LOS PECES,MARION MULLER-COLARD,PANAMERICANA EDITORIAL,EXCELENTE,M1A5
DRTSC.2.174,EL VALOR DEL CORAZÓN: VOLVERSE GRANDE SIN OLVIDAR EL TESORO MÁS PRECIADO: LOS SENTIMIENTOS,EMANUELA BUSSOLATI,PANAMERICANA EDITORIAL,EXCELENTE,M1A5
DRTSC.2.175,EL VALOR DEL CORAZÓN: VOLVERSE GRANDE SIN OLVIDAR EL TESORO MÁS PRECIADO: LOS SENTIMIENTOS,EMANUELA BUSSOLATI,PANAMERICANA EDITORIAL,EXCELENTE,M1A5
DRTSC.2.176,"ESTE SOY YO: EL VALOR DE CONOCERME, QUERERME Y DEFENDERME DE LOS ANTIPÁTICOS",EMANUELA BUSSOLATI,PANAMERICANA EDITORIAL,EXCELENTE,M1A5
DRTSC.2.177,"ESTE SOY YO: EL VALOR DE CONOCERME, QUERERME Y DEFENDERME DE LOS ANTIPÁTICOS",EMANUELA BUSSOLATI,PANAMERICANA EDITORIAL,EXCELENTE,M1A5
DRTSC.2.178,"LOS CICLOS VITALES DEL SER HUMANO, TOMO I",HERNANDO DUQUE YEPES,  EDITORIAL SAN PABLO,EXCELENTE,M1A5
DRTSC.2.179,"LOS CICLOS VITALES DEL SER HUMANO, TOMO II",HERNANDO DUQUE YEPES,  EDITORIAL SAN PABLO,EXCELENTE,M1A5
DRTSC.2.180,NIÑEZ: CAMINOS DE DESCUBRIMIENTO,SHELDON WHITE Y BARBARA NOTKIN WHITE,EDITORIAL HARLA,BUEN ESTADO,M1A5
DRTSC.2.181,CÓMO DISFRUTAR DE LA VIDA Y EL TRABAJO,DALE CARNEGIE,PENGUIN RANDOM HOUSE GRUPO EDITORIAL,EXCELENTE,M1A5
DRTSC.2.182,CÓMO GANAR AMIGOS E INFLUIR SOBRE LAS PERSONAS,DALE CARNEGIE,PENGUIN RANDOM HOUSE GRUPO EDITORIAL,EXCELENTE,M1A5
DRTSC.2.183,CÓMO HACERSE INOLVIDABLE,DALE CARNEGIE,PENGUIN RANDOM HOUSE GRUPO EDITORIAL,EXCELENTE,M1A5
DRTSC.2.184,"EL AMOR ASÍ DE SIMPLE, ASÍ DE COMPLICADO",RAMÓN TORRES,PENGUIN RANDOM HOUSE GRUPO EDITORIAL,EXCELENTE,M1A5
DRTSC.2.185,EL MONJE QUE VENDIÓ SU FERRARI,ROBIN SHARMA,PENGUIN RANDOM HOUSE GRUPO EDITORIAL,EXCELENTE,M1A5
DRTSC.2.186,EL RINOCERONTE,SCOTT ROBERT ALEXANDER,DISTRIBUCIONES FONTAMARA,EXCELENTE,M1A5
DRTSC.2.187,LA ACTITUD MENTAL POSITIVA. UN CAMINO HACIA EL ÉXITO,NAPOLEON HILL Y WILLIAM CLEMENT STONE,PENGUIN RANDOM HOUSE GRUPO EDITORIAL,EXCELENTE,M1A5
DRTSC.2.188,LAS MUJERES QUE AMAN DEMASIADO. CÓMO CAMBIAR NUESTRA MANERA DE AMAR Y ASÍ DEJAR DE SUFRIR,ROBIN NORWOOD,EDICIONES B,EXCELENTE,M1A5
DRTSC.2.189,MAESTRIA EN LIDERAZGO,DALE CARNEGIE,PENGUIN RANDOM HOUSE GRUPO EDITORIAL,EXCELENTE,M1B1
DRTSC.2.190,MEDITACIONES PARA MUJERES QUE AMAN  DEMASIADO,ROBIN NORWOOD,PENGUIN RANDOM HOUSE GRUPO EDITORIAL,EXCELENTE,M1B1
DRTSC.2.191,NO TE CALLES. SEIS RELATOS CONTRA EL ODIO,"BENITO TAIBO, FA OROZCO, JAVIER RUESCAS, ANDREA COMPTON, CHRIS PUEVO Y SARA FRANTINI",PENGUIN RANDOM HOUSE GRUPO EDITORIAL,EXCELENTE,M1B1
DRTSC.2.192,VALE LA PENA VIVIR,MANUEL DÍAZ ALVAREZ,EDICIONES SAN PABLO,EXCELENTE,M1B1
DRTSC.2.193,13 COSAS QUE LAS MUJERES MENTALMENTE FUERTES NO HACEN,AMY MORIN,PENGUIN RANDOM HOUSE GRUPO EDITORIAL,EXCELENTE,M1B1
DRTSC.2.194,CUERPO SANO Y MENTE SANA,PEDRO FINKLER,EDICIONES SAN PABLO,EXCELENTE,M1B1
DRTSC.2.195,LEY DE ÉTICA GUBERNAMENTAL Y SU REGLAMENTO,TRIBUNAL DE ÉTICA GUBERNAMENTAL,TRIBUNAL DE ÉTICA GUBERNAMENTAL,EXCELENTE,M1B1
DRTSC.2.196,ÉTICA. LA RAZÓN TRAS LO MORAL,WALDEMAR URQUIZA,EDITORIAL MULTILIBROS,EXCELENTE,M1B1
DRTSC.2.197,SÓCRATES PRESIDENTE,YAN MARCHAND,PANAMERICANA EDITORIAL,EXCELENTE,M1B1
DRTSC.2.198,SÓCRATES PRESIDENTE,YAN MARCHAND,PANAMERICANA EDITORIAL,EXCELENTE,M1B1
DRTSC.2.199,DÍALOGOS,PLATÓN,REYSA EDICIONES,EXCELENTE,M1B1
DRTSC.2.200,LA REPÚBLICA,PLATÓN,GRADIFCO,EXCELENTE,M1B1
DRTSC.2.201,ÉTICA A NICÓMACO,ARISTÓTELES,PLUTÓN EDICIONES,EXCELENTE,M1B1
DRTSC.2.202,ÉTICA A NICÓMACO,ARISTÓTELES,PLUTÓN EDICIONES,EXCELENTE,M1B1
DRTSC.2.203,LA POLÍTICA,ARISTÓTELES,GRADIFCO,EXCELENTE,M1B1
DRTSC.2.204,RETÓRICA,ARISTÓTELES,PLUTÓN EDICIONES,EXCELENTE,M1B1
DRTSC.2.205,RETÓRICA,ARISTÓTELES,PLUTÓN EDICIONES,EXCELENTE,M1B1
DRTSC.2.206,ASÍ HABLÓ ZARATUSTRA,FRIEDRICH NIETZSCHE,GRADIFCO,EXCELENTE,M1B1
DRTSC.2.207,ECCE HOMO,FRIEDRICH NIETZSCHE,PLUTÓN EDICIONES,EXCELENTE,M1B1
DRTSC.2.208,ECCE HOMO,FRIEDRICH NIETZSCHE,PLUTÓN EDICIONES,EXCELENTE,M1B1
DRTSC.2.209,EL ANTICRISTO,FRIEDRICH NIETZSCHE,GRADIFCO,EXCELENTE,M1B1
DRTSC.2.210,EL OCASO DE LOS IDOLOS,FRIEDRICH NIETZSCHE,GRADIFCO,EXCELENTE,M1B1
DRTSC.2.211,EL VIAJERO Y SU SOMBRA,FRIEDRICH NIETZSCHE,PLUTÓN EDICIONES,EXCELENTE,M1B1
DRTSC.2.212,EL VIAJERO Y SU SOMBRA,FRIEDRICH NIETZSCHE,PLUTÓN EDICIONES,EXCELENTE,M1B1
DRTSC.2.213,MÁS ALLÁ DEL BIEN Y DEL MAL,FRIEDRICH NIETZSCHE,GRADIFCO,EXCELENTE,M1B1
DRTSC.2.214,VIDA - MUERTE. MISTERIO DE DIOS,ING. JOSÉ ALEJANDRO BELLEGARRIGUE SUÁREZ,ASOCIACIÓN LUMEN DOS MIL EL SALVADOR,EXCELENTE,M1B2
DRTSC.2.215,¿CÓMO NOS LLEGÓ LA BIBLIA?. LA HISTORIA DEL LIBRO  QUE CAMBIÓ EL MUNDO,MERYL DONEY,SOCIEDADES BIBLICAS UNIDAS,EXCELENTE,M1B2
DRTSC.2.216,¿CÓMO NOS LLEGÓ LA BIBLIA?. LA HISTORIA DEL LIBRO  QUE CAMBIÓ EL MUNDO,MERYL DONEY,SOCIEDADES BIBLICAS UNIDAS,EXCELENTE,M1B2
DRTSC.2.217,DESCUBRE LA BIBLIA I. LA BIBLIA ES LITERATURA,EDESIO SÁNCHEZ CETINA,SOCIEDADES BIBLICAS UNIDAS,EXCELENTE,M1B2
DRTSC.2.218,DESCUBRE LA BIBLIA I. LA BIBLIA ES LITERATURA,EDESIO SÁNCHEZ CETINA,SOCIEDADES BIBLICAS UNIDAS,EXCELENTE,M1B2
DRTSC.2.219,"DESCUBRE LA BIBLIA II. LA BIBLIA: SU FORMACIÓN, SUS CONTEXTOS Y SU INTERPRETACIÓN",EDESIO SÁNCHEZ CETINA,SOCIEDADES BIBLICAS UNIDAS,EXCELENTE,M1B2
DRTSC.2.220,"DESCUBRE LA BIBLIA II. LA BIBLIA: SU FORMACIÓN, SUS CONTEXTOS Y SU INTERPRETACIÓN",EDESIO SÁNCHEZ CETINA,SOCIEDADES BIBLICAS UNIDAS,EXCELENTE,M1B2
DRTSC.2.221,"DESCUBRE LA BIBLIA III. LA BIBLIA, AQUÍ Y AHORA",EDESIO SÁNCHEZ CETINA,SOCIEDADES BIBLICAS UNIDAS,EXCELENTE,M1B2
DRTSC.2.222,"DESCUBRE LA BIBLIA III. LA BIBLIA, AQUÍ Y AHORA",EDESIO SÁNCHEZ CETINA,SOCIEDADES BIBLICAS UNIDAS,EXCELENTE,M1B2
DRTSC.2.223,BIBLIA BILINGÜE. TRADUCCIÓN EN LENGUAJE ACTUAL,SOCIEDADES BIBLICAS UNIDAS,SOCIEDADES BIBLICAS UNIDAS,EXCELENTE,M1B2
DRTSC.2.224,BIBLIA DE PODER PARA LOS NIÑOS,SOCIEDADES BIBLICAS UNIDAS,EDITORIAL PATMOS,EXCELENTE,M1B2
DRTSC.2.225,BIBLIA DE PODER PARA LOS NIÑOS,SOCIEDADES BIBLICAS UNIDAS,EDITORIAL PATMOS,EXCELENTE,M1B2
DRTSC.2.226,LA BIBLIA DE VALORES,DOTTIE Y JOSH MCDOWELL,EDITORIAL PATMOS,EXCELENTE,M1B2
DRTSC.2.227,LA BIBLIA DE VALORES,DOTTIE Y JOSH MCDOWELL,EDITORIAL PATMOS,EXCELENTE,M1B2
DRTSC.2.228,"LA BIBLIA, DIOS HABLA HOY, CON DEUTEROCANÓNICOS",CONSEJO EPISCOPAL LATINOAMERICANO,SOCIEDADES BIBLICAS UNIDAS,EXCELENTE,M1B2
DRTSC.2.229,"LA BIBLIA, DIOS HABLA HOY, CON DEUTEROCANÓNICOS",CONSEJO EPISCOPAL LATINOAMERICANO,SOCIEDADES BIBLICAS UNIDAS,EXCELENTE,M1B2
DRTSC.2.230,SALMOS. LETRA GRANDE,SOCIEDAD BIBLICA DE EL SALVADOR,SOCIEDADES BIBLICAS UNIDAS,EXCELENTE,M1B3
DRTSC.2.231,SALMOS. LETRA GRANDE,SOCIEDAD BIBLICA DE EL SALVADOR,SOCIEDADES BIBLICAS UNIDAS,Contratapa dañada,M1B3
DRTSC.2.232,ENCUENTRA A JESUCRISTO HOY. LEYENDO EL EVANGELIO,LA SOCIEDAD BIBLICA AMERICANA,SOCIEDADES BIBLICAS UNIDAS,EXCELENTE,M1B3
DRTSC.2.233,ENCUENTRA A JESUCRISTO HOY. LEYENDO EL EVANGELIO,LA SOCIEDAD BIBLICA AMERICANA,SOCIEDADES BIBLICAS UNIDAS,EXCELENTE,M1B3
DRTSC.2.234,ENCUENTRA A JESUCRISTO HOY. LEYENDO EL EVANGELIO,LA SOCIEDAD BIBLICA AMERICANA,SOCIEDADES BIBLICAS UNIDAS,EXCELENTE,M1B3
DRTSC.2.235,EL LIBRO DE LA VIRGEN. CATECISMO MARIANO,P. ELIÉCER SALESMAN,SAN PABLO ECUADOR,EXCELENTE,M1B3
DRTSC.2.236,"IGNACIO ELLACURÍA, EL HOMBRE Y EL CRISTIANO. ""BAJAR DE LA CRUZ AL PUEBLO CRUCIFICADO""",JON SOBRINO,CENTRO MONSEÑOR ROMERO - UCA,EXCELENTE,M1B3
DRTSC.2.237,SANTA JOAQUINA DE VEDRUNA,M. TERESA LLACH,EDITORIAL CLARET,EXCELENTE,M1B3
DRTSC.2.238,"NO TEMAS: PORQUE YO ESTOY CONTIGO, CAPÍTULO 1.0",SOCIEDADES BIBLICAS DE EL SALVADOR,SOCIEDADES BIBLICAS DE EL SALVADOR,DAÑADO,M1B3
DRTSC.2.239,"NO TEMAS: PORQUE YO ESTOY CONTIGO, CAPÍTULO 1.0",SOCIEDADES BIBLICAS DE EL SALVADOR,SOCIEDADES BIBLICAS DE EL SALVADOR,EXCELENTE,M1B3
DRTSC.2.240,"NO TEMAS: PORQUE YO ESTOY CONTIGO, CAPÍTULO 1.0",SOCIEDADES BIBLICAS DE EL SALVADOR,SOCIEDADES BIBLICAS DE EL SALVADOR,EXCELENTE,M1B3
DRTSC.2.241,"NO TEMAS: PORQUE YO ESTOY CONTIGO, CAPÍTULO 1.0",SOCIEDADES BIBLICAS DE EL SALVADOR,SOCIEDADES BIBLICAS DE EL SALVADOR,EXCELENTE,M1B3
DRTSC.2.242,"NO TEMAS: PORQUE YO ESTOY CONTIGO, CAPÍTULO 1.0",SOCIEDADES BIBLICAS DE EL SALVADOR,SOCIEDADES BIBLICAS DE EL SALVADOR,EXCELENTE,M1B3
DRTSC.2.243,"NO TEMAS: SE VALIENTE, CAPÍTULO 2.0",SOCIEDADES BIBLICAS DE EL SALVADOR,SOCIEDADES BIBLICAS DE EL SALVADOR,EXCELENTE,M1B3
DRTSC.2.244,"NO TEMAS: SE VALIENTE, CAPÍTULO 2.0",SOCIEDADES BIBLICAS DE EL SALVADOR,SOCIEDADES BIBLICAS DE EL SALVADOR,EXCELENTE,M1B3
DRTSC.2.245,"NO TEMAS: SE VALIENTE, CAPÍTULO 2.0",SOCIEDADES BIBLICAS DE EL SALVADOR,SOCIEDADES BIBLICAS DE EL SALVADOR,EXCELENTE,M1B3
DRTSC.2.246,"NO TEMAS: SE VALIENTE, CAPÍTULO 2.0",SOCIEDADES BIBLICAS DE EL SALVADOR,SOCIEDADES BIBLICAS DE EL SALVADOR,EXCELENTE,M1B3
DRTSC.2.247,"NO TEMAS: SE VALIENTE, CAPÍTULO 2.0",SOCIEDADES BIBLICAS DE EL SALVADOR,SOCIEDADES BIBLICAS DE EL SALVADOR,EXCELENTE,M1B3
DRTSC.2.248,"NO TEMAS: CREE, CAPÍTULO 3.0",SOCIEDADES BIBLICAS DE EL SALVADOR,SOCIEDADES BIBLICAS DE EL SALVADOR,EXCELENTE,M1B3
DRTSC.2.249,"NO TEMAS: CREE, CAPÍTULO 3.0",SOCIEDADES BIBLICAS DE EL SALVADOR,SOCIEDADES BIBLICAS DE EL SALVADOR,EXCELENTE,M1B3
DRTSC.2.250,"NO TEMAS: CREE, CAPÍTULO 3.0",SOCIEDADES BIBLICAS DE EL SALVADOR,SOCIEDADES BIBLICAS DE EL SALVADOR,EXCELENTE,M1B3
DRTSC.2.251,"NO TEMAS: CREE, CAPÍTULO 3.0",SOCIEDADES BIBLICAS DE EL SALVADOR,SOCIEDADES BIBLICAS DE EL SALVADOR,EXCELENTE,M1B3
DRTSC.2.252,"NO TEMAS: CREE, CAPÍTULO 3.0",SOCIEDADES BIBLICAS DE EL SALVADOR,SOCIEDADES BIBLICAS DE EL SALVADOR,EXCELENTE,M1B3
DRTSC.2.253,"NO TEMAS: YO TE AYUDO, CAPÍTULO 4.0",SOCIEDADES BIBLICAS DE EL SALVADOR,SOCIEDADES BIBLICAS DE EL SALVADOR,EXCELENTE,M1B3
DRTSC.2.254,"NO TEMAS: YO TE AYUDO, CAPÍTULO 4.0",SOCIEDADES BIBLICAS DE EL SALVADOR,SOCIEDADES BIBLICAS DE EL SALVADOR,EXCELENTE,M1B3
DRTSC.2.255,"NO TEMAS: YO TE AYUDO, CAPÍTULO 4.0",SOCIEDADES BIBLICAS DE EL SALVADOR,SOCIEDADES BIBLICAS DE EL SALVADOR,EXCELENTE,M1B3
DRTSC.2.256,"NO TEMAS: YO TE AYUDO, CAPÍTULO 4.0",SOCIEDADES BIBLICAS DE EL SALVADOR,SOCIEDADES BIBLICAS DE EL SALVADOR,EXCELENTE,M1B3
DRTSC.2.257,"NO TEMAS: YO TE AYUDO, CAPÍTULO 4.0",SOCIEDADES BIBLICAS DE EL SALVADOR,SOCIEDADES BIBLICAS DE EL SALVADOR,EXCELENTE,M1B3
DRTSC.2.258,"NO TEMAS: YO LOS CUIDARÉ, CAPÍTULO 5.0",SOCIEDADES BIBLICAS DE EL SALVADOR,SOCIEDADES BIBLICAS DE EL SALVADOR,EXCELENTE,M1B3
DRTSC.2.259,"NO TEMAS: YO LOS CUIDARÉ, CAPÍTULO 5.0",SOCIEDADES BIBLICAS DE EL SALVADOR,SOCIEDADES BIBLICAS DE EL SALVADOR,EXCELENTE,M1B3
DRTSC.2.260,"NO TEMAS: YO LOS CUIDARÉ, CAPÍTULO 5.0",SOCIEDADES BIBLICAS DE EL SALVADOR,SOCIEDADES BIBLICAS DE EL SALVADOR,EXCELENTE,M1B3
DRTSC.2.261,"NO TEMAS: YO LOS CUIDARÉ, CAPÍTULO 5.0",SOCIEDADES BIBLICAS DE EL SALVADOR,SOCIEDADES BIBLICAS DE EL SALVADOR,EXCELENTE,M1B3
DRTSC.2.262,"NO TEMAS: YO LOS CUIDARÉ, CAPÍTULO 5.0",SOCIEDADES BIBLICAS DE EL SALVADOR,SOCIEDADES BIBLICAS DE EL SALVADOR,EXCELENTE,M1B3
DRTSC.2.263,"NO TEMAS: YO SOY TU ESCUDO, CAPÍTULO 6.0",SOCIEDADES BIBLICAS DE EL SALVADOR,SOCIEDADES BIBLICAS DE EL SALVADOR,EXCELENTE,M1B3
DRTSC.2.264,"NO TEMAS: YO SOY TU ESCUDO, CAPÍTULO 6.0",SOCIEDADES BIBLICAS DE EL SALVADOR,SOCIEDADES BIBLICAS DE EL SALVADOR,EXCELENTE,M1B3
DRTSC.2.265,"NO TEMAS: YO SOY TU ESCUDO, CAPÍTULO 6.0",SOCIEDADES BIBLICAS DE EL SALVADOR,SOCIEDADES BIBLICAS DE EL SALVADOR,EXCELENTE,M1B3
DRTSC.2.266,"NO TEMAS: YO SOY TU ESCUDO, CAPÍTULO 6.0",SOCIEDADES BIBLICAS DE EL SALVADOR,SOCIEDADES BIBLICAS DE EL SALVADOR,EXCELENTE,M1B3
DRTSC.2.267,"NO TEMAS: YO SOY TU ESCUDO, CAPÍTULO 6.0",SOCIEDADES BIBLICAS DE EL SALVADOR,SOCIEDADES BIBLICAS DE EL SALVADOR,EXCELENTE,M1B3
DRTSC.2.268,"NO TEMAS: FUERON OÍDAS TUS PALABRAS, CAPÍTULO 7.0",SOCIEDADES BIBLICAS DE EL SALVADOR,SOCIEDADES BIBLICAS DE EL SALVADOR,EXCELENTE,M1B3
DRTSC.2.269,"NO TEMAS: FUERON OÍDAS TUS PALABRAS, CAPÍTULO 7.0",SOCIEDADES BIBLICAS DE EL SALVADOR,SOCIEDADES BIBLICAS DE EL SALVADOR,EXCELENTE,M1B3
DRTSC.2.270,"NO TEMAS: FUERON OÍDAS TUS PALABRAS, CAPÍTULO 7.0",SOCIEDADES BIBLICAS DE EL SALVADOR,SOCIEDADES BIBLICAS DE EL SALVADOR,EXCELENTE,M1B3
DRTSC.2.271,"NO TEMAS: FUERON OÍDAS TUS PALABRAS, CAPÍTULO 7.0",SOCIEDADES BIBLICAS DE EL SALVADOR,SOCIEDADES BIBLICAS DE EL SALVADOR,EXCELENTE,M1B3
DRTSC.2.272,"NO TEMAS: FUERON OÍDAS TUS PALABRAS, CAPÍTULO 7.0",SOCIEDADES BIBLICAS DE EL SALVADOR,SOCIEDADES BIBLICAS DE EL SALVADOR,EXCELENTE,M1B3
DRTSC.2.273,"NO TEMAS: ÁRMATE DE VALOR, CAPÍTULO 8.0",SOCIEDADES BIBLICAS DE EL SALVADOR,SOCIEDADES BIBLICAS DE EL SALVADOR,EXCELENTE,M1B3
DRTSC.2.274,"NO TEMAS: ÁRMATE DE VALOR, CAPÍTULO 8.0",SOCIEDADES BIBLICAS DE EL SALVADOR,SOCIEDADES BIBLICAS DE EL SALVADOR,EXCELENTE,M1B3
DRTSC.2.275,"NO TEMAS: ÁRMATE DE VALOR, CAPÍTULO 8.0",SOCIEDADES BIBLICAS DE EL SALVADOR,SOCIEDADES BIBLICAS DE EL SALVADOR,EXCELENTE,M1B3
DRTSC.2.276,"NO TEMAS: ÁRMATE DE VALOR, CAPÍTULO 8.0",SOCIEDADES BIBLICAS DE EL SALVADOR,SOCIEDADES BIBLICAS DE EL SALVADOR,EXCELENTE,M1B3
DRTSC.2.277,"NO TEMAS: ÁRMATE DE VALOR, CAPÍTULO 8.0",SOCIEDADES BIBLICAS DE EL SALVADOR,SOCIEDADES BIBLICAS DE EL SALVADOR,EXCELENTE,M1B3
DRTSC.2.278,"NO TEMAS: ALÉGRATE, CAPÍTULO 9.0",SOCIEDADES BIBLICAS DE EL SALVADOR,SOCIEDADES BIBLICAS DE EL SALVADOR,EXCELENTE,M1B3
DRTSC.2.279,"NO TEMAS: ALÉGRATE, CAPÍTULO 9.0",SOCIEDADES BIBLICAS DE EL SALVADOR,SOCIEDADES BIBLICAS DE EL SALVADOR,EXCELENTE,M1B3
DRTSC.2.280,"NO TEMAS: ALÉGRATE, CAPÍTULO 9.0",SOCIEDADES BIBLICAS DE EL SALVADOR,SOCIEDADES BIBLICAS DE EL SALVADOR,EXCELENTE,M1B3
DRTSC.2.281,"NO TEMAS: ALÉGRATE, CAPÍTULO 9.0",SOCIEDADES BIBLICAS DE EL SALVADOR,SOCIEDADES BIBLICAS DE EL SALVADOR,EXCELENTE,M1B3
DRTSC.2.282,"NO TEMAS: ALÉGRATE, CAPÍTULO 9.0",SOCIEDADES BIBLICAS DE EL SALVADOR,SOCIEDADES BIBLICAS DE EL SALVADOR,EXCELENTE,M1B3
DRTSC.2.283,"NO TEMAS: VE TU SALVACIÓN, CAPÍTULO 10",SOCIEDADES BIBLICAS DE EL SALVADOR,SOCIEDADES BIBLICAS DE EL SALVADOR,EXCELENTE,M1B3
DRTSC.2.284,"NO TEMAS: VE TU SALVACIÓN, CAPÍTULO 10",SOCIEDADES BIBLICAS DE EL SALVADOR,SOCIEDADES BIBLICAS DE EL SALVADOR,EXCELENTE,M1B3
DRTSC.2.285,"NO TEMAS: VE TU SALVACIÓN, CAPÍTULO 10",SOCIEDADES BIBLICAS DE EL SALVADOR,SOCIEDADES BIBLICAS DE EL SALVADOR,EXCELENTE,M1B3
DRTSC.2.286,"NO TEMAS: VE TU SALVACIÓN, CAPÍTULO 10",SOCIEDADES BIBLICAS DE EL SALVADOR,SOCIEDADES BIBLICAS DE EL SALVADOR,EXCELENTE,M1B3
DRTSC.2.287,"NO TEMAS: VE TU SALVACIÓN, CAPÍTULO 10",SOCIEDADES BIBLICAS DE EL SALVADOR,SOCIEDADES BIBLICAS DE EL SALVADOR,EXCELENTE,M1B3
DRTSC.2.288,"NO TEMAS: MANTÉNGASE FIRMES, CAPÍTULO 11",SOCIEDADES BIBLICAS DE EL SALVADOR,SOCIEDADES BIBLICAS DE EL SALVADOR,EXCELENTE,M1B3
DRTSC.2.289,"NO TEMAS: MANTÉNGASE FIRMES, CAPÍTULO 11",SOCIEDADES BIBLICAS DE EL SALVADOR,SOCIEDADES BIBLICAS DE EL SALVADOR,EXCELENTE,M1B3
DRTSC.2.290,"NO TEMAS: MANTÉNGASE FIRMES, CAPÍTULO 11",SOCIEDADES BIBLICAS DE EL SALVADOR,SOCIEDADES BIBLICAS DE EL SALVADOR,EXCELENTE,M1B3
DRTSC.2.291,"NO TEMAS: MANTÉNGASE FIRMES, CAPÍTULO 11",SOCIEDADES BIBLICAS DE EL SALVADOR,SOCIEDADES BIBLICAS DE EL SALVADOR,EXCELENTE,M1B3
DRTSC.2.292,"NO TEMAS: MANTÉNGASE FIRMES, CAPÍTULO 11",SOCIEDADES BIBLICAS DE EL SALVADOR,SOCIEDADES BIBLICAS DE EL SALVADOR,EXCELENTE,M1B3
DRTSC.2.293,"NO TEMAS: ÉL LOS SALVARÁ, CAPÍTULO 12",SOCIEDADES BIBLICAS DE EL SALVADOR,SOCIEDADES BIBLICAS DE EL SALVADOR,EXCELENTE,M1B3
DRTSC.2.294,"NO TEMAS: ÉL LOS SALVARÁ, CAPÍTULO 12",SOCIEDADES BIBLICAS DE EL SALVADOR,SOCIEDADES BIBLICAS DE EL SALVADOR,EXCELENTE,M1B3
DRTSC.2.295,"NO TEMAS: ÉL LOS SALVARÁ, CAPÍTULO 12",SOCIEDADES BIBLICAS DE EL SALVADOR,SOCIEDADES BIBLICAS DE EL SALVADOR,EXCELENTE,M1B3
DRTSC.2.296,"NO TEMAS: ÉL LOS SALVARÁ, CAPÍTULO 12",SOCIEDADES BIBLICAS DE EL SALVADOR,SOCIEDADES BIBLICAS DE EL SALVADOR,EXCELENTE,M1B3
DRTSC.2.297,"NO TEMAS: ÉL LOS SALVARÁ, CAPÍTULO 12",SOCIEDADES BIBLICAS DE EL SALVADOR,SOCIEDADES BIBLICAS DE EL SALVADOR,EXCELENTE,M1B3
DRTSC.2.298,TESOROS ESCONDIDOS 1: LA BIBLIA AL ALCANCE DEL NIÑO,SOCIEDADES BIBLICAS UNIDAS,SOCIEDADES BIBLICAS UNIDAS,EXCELENTE,M1B3
DRTSC.2.299,TESOROS ESCONDIDOS 1: LA BIBLIA AL ALCANCE DEL NIÑO,SOCIEDADES BIBLICAS UNIDAS,SOCIEDADES BIBLICAS UNIDAS,EXCELENTE,M1B3
DRTSC.2.300,TESOROS ESCONDIDOS 1: LA BIBLIA AL ALCANCE DEL NIÑO,SOCIEDADES BIBLICAS UNIDAS,SOCIEDADES BIBLICAS UNIDAS,EXCELENTE,M1B3
DRTSC.2.301,TESOROS ESCONDIDOS 2: LA BIBLIA AL ALCANCE DEL NIÑO,SOCIEDADES BIBLICAS UNIDAS,SOCIEDADES BIBLICAS UNIDAS,EXCELENTE,M1B3
DRTSC.2.302,TESOROS ESCONDIDOS 2: LA BIBLIA AL ALCANCE DEL NIÑO,SOCIEDADES BIBLICAS UNIDAS,SOCIEDADES BIBLICAS UNIDAS,EXCELENTE,M1B3
DRTSC.2.303,TESOROS ESCONDIDOS 2: LA BIBLIA AL ALCANCE DEL NIÑO,SOCIEDADES BIBLICAS UNIDAS,SOCIEDADES BIBLICAS UNIDAS,EXCELENTE,M1B3
DRTSC.2.304,TESOROS ESCONDIDOS 3: LA BIBLIA AL ALCANCE DEL NIÑO,SOCIEDADES BIBLICAS UNIDAS,SOCIEDADES BIBLICAS UNIDAS,EXCELENTE,M1B3
DRTSC.2.305,TESOROS ESCONDIDOS 3: LA BIBLIA AL ALCANCE DEL NIÑO,SOCIEDADES BIBLICAS UNIDAS,SOCIEDADES BIBLICAS UNIDAS,EXCELENTE,M1B3
DRTSC.2.306,TESOROS ESCONDIDOS 3: LA BIBLIA AL ALCANCE DEL NIÑO,SOCIEDADES BIBLICAS UNIDAS,SOCIEDADES BIBLICAS UNIDAS,EXCELENTE,M1B3
DRTSC.2.307,TESOROS ESCONDIDOS 4: LA BIBLIA AL ALCANCE DEL NIÑO,SOCIEDADES BIBLICAS UNIDAS,SOCIEDADES BIBLICAS UNIDAS,EXCELENTE,M1B3
DRTSC.2.308,TESOROS ESCONDIDOS 4: LA BIBLIA AL ALCANCE DEL NIÑO,SOCIEDADES BIBLICAS UNIDAS,SOCIEDADES BIBLICAS UNIDAS,EXCELENTE,M1B3
DRTSC.2.309,TESOROS ESCONDIDOS 4: LA BIBLIA AL ALCANCE DEL NIÑO,SOCIEDADES BIBLICAS UNIDAS,SOCIEDADES BIBLICAS UNIDAS,EXCELENTE,M1B3
DRTSC.2.310,TESOROS ESCONDIDOS 5: LA BIBLIA AL ALCANCE DEL NIÑO,SOCIEDADES BIBLICAS UNIDAS,SOCIEDADES BIBLICAS UNIDAS,EXCELENTE,M1B3
DRTSC.2.311,TESOROS ESCONDIDOS 5: LA BIBLIA AL ALCANCE DEL NIÑO,SOCIEDADES BIBLICAS UNIDAS,SOCIEDADES BIBLICAS UNIDAS,EXCELENTE,M1B3
DRTSC.2.312,TESOROS ESCONDIDOS 5: LA BIBLIA AL ALCANCE DEL NIÑO,SOCIEDADES BIBLICAS UNIDAS,SOCIEDADES BIBLICAS UNIDAS,EXCELENTE,M1B3
DRTSC.2.313,TESOROS ESCONDIDOS 6: LA BIBLIA AL ALCANCE DEL NIÑO,SOCIEDADES BIBLICAS UNIDAS,SOCIEDADES BIBLICAS UNIDAS,EXCELENTE,M1B3
DRTSC.2.314,TESOROS ESCONDIDOS 6: LA BIBLIA AL ALCANCE DEL NIÑO,SOCIEDADES BIBLICAS UNIDAS,SOCIEDADES BIBLICAS UNIDAS,EXCELENTE,M1B3
DRTSC.2.315,TESOROS ESCONDIDOS 6: LA BIBLIA AL ALCANCE DEL NIÑO,SOCIEDADES BIBLICAS UNIDAS,SOCIEDADES BIBLICAS UNIDAS,EXCELENTE,M1B3
DRTSC.2.316,TESOROS ESCONDIDOS 7: LA BIBLIA AL ALCANCE DEL NIÑO,SOCIEDADES BIBLICAS UNIDAS,SOCIEDADES BIBLICAS UNIDAS,EXCELENTE,M1B3
DRTSC.2.317,TESOROS ESCONDIDOS 7: LA BIBLIA AL ALCANCE DEL NIÑO,SOCIEDADES BIBLICAS UNIDAS,SOCIEDADES BIBLICAS UNIDAS,EXCELENTE,M1B3
DRTSC.2.318,TESOROS ESCONDIDOS 7: LA BIBLIA AL ALCANCE DEL NIÑO,SOCIEDADES BIBLICAS UNIDAS,SOCIEDADES BIBLICAS UNIDAS,EXCELENTE,M1B3
DRTSC.2.319,TESOROS ESCONDIDOS 8: LA BIBLIA AL ALCANCE DEL NIÑO,SOCIEDADES BIBLICAS UNIDAS,SOCIEDADES BIBLICAS UNIDAS,EXCELENTE,M1B3
DRTSC.2.320,TESOROS ESCONDIDOS 8: LA BIBLIA AL ALCANCE DEL NIÑO,SOCIEDADES BIBLICAS UNIDAS,SOCIEDADES BIBLICAS UNIDAS,EXCELENTE,M1B3
DRTSC.2.321,TESOROS ESCONDIDOS 8: LA BIBLIA AL ALCANCE DEL NIÑO,SOCIEDADES BIBLICAS UNIDAS,SOCIEDADES BIBLICAS UNIDAS,EXCELENTE,M1B3
DRTSC.2.322,TESOROS ESCONDIDOS 9: LA BIBLIA AL ALCANCE DEL NIÑO,SOCIEDADES BIBLICAS UNIDAS,SOCIEDADES BIBLICAS UNIDAS,EXCELENTE,M1B3
DRTSC.2.323,TESOROS ESCONDIDOS 9: LA BIBLIA AL ALCANCE DEL NIÑO,SOCIEDADES BIBLICAS UNIDAS,SOCIEDADES BIBLICAS UNIDAS,EXCELENTE,M1B3
DRTSC.2.324,TESOROS ESCONDIDOS 9: LA BIBLIA AL ALCANCE DEL NIÑO,SOCIEDADES BIBLICAS UNIDAS,SOCIEDADES BIBLICAS UNIDAS,EXCELENTE,M1B3
DRTSC.2.325,TESOROS ESCONDIDOS 10: LA BIBLIA AL ALCANCE DEL NIÑO,SOCIEDADES BIBLICAS UNIDAS,SOCIEDADES BIBLICAS UNIDAS,EXCELENTE,M1B3
DRTSC.2.326,TESOROS ESCONDIDOS 10: LA BIBLIA AL ALCANCE DEL NIÑO,SOCIEDADES BIBLICAS UNIDAS,SOCIEDADES BIBLICAS UNIDAS,EXCELENTE,M1B3
DRTSC.2.327,TESOROS ESCONDIDOS 10: LA BIBLIA AL ALCANCE DEL NIÑO,SOCIEDADES BIBLICAS UNIDAS,SOCIEDADES BIBLICAS UNIDAS,EXCELENTE,M1B3
DRTSC.2.328,MANTEQUILLA Y MIEL: MEDITACIONES INFANTILES,GRACIELA OTRANDO,EDITORIAL CUENTO CONTIGO,EXCELENTE,M1B3
DRTSC.2.329,MANTEQUILLA Y MIEL: MEDITACIONES INFANTILES,GRACIELA OTRANDO,EDITORIAL CUENTO CONTIGO,EXCELENTE,M1B3
DRTSC.2.330,MI LIBRO FAVORITO,SOCIEDADES BIBLICAS UNIDAS,SOCIEDADES BIBLICAS UNIDAS,EXCELENTE,M1B3
DRTSC.2.331,MI LIBRO FAVORITO,SOCIEDADES BIBLICAS UNIDAS,SOCIEDADES BIBLICAS UNIDAS,EXCELENTE,M1B3
DRTSC.2.332,REFLEXIONES DE UN SALVADOREÑO,BENITO SERPAS TREJO,MULTI IMPRESOS MADRID,EXCELENTE,M1B3
DRTSC.2.333,LO QUE IMPORTA ES AMAR,CARLOS CARETTO,TALLER SAN PABLO,EXCELENTE,M1B3
DRTSC.2.334,"SEGUNDA SEMANA MISIONERA DEL 15 AL 22 DE NOVIEMBRE DE 2015 ""HAY DE MÍ SI NO ANUNCIO EL EVANGELIO"" 1A COR 9, 16. PARROQUIA SANTO HERMANO PEDRO ATECATEMPA-JEREZ, DIÓCESIS DE JALAPA, GUATEMALA DÉCIMO ANIVERSARIO","PARROQUIA SANTO HERMANO PEDRO ATECATEMPA-JEREZ, DIÓCESIS DE JALAPA","PARROQUIA SANTO HERMANO PEDRO ATECATEMPA-JEREZ, DIÓCESIS DE JALAPA",EXCELENTE,M1B3
DRTSC.2.335,EN BUSCA DEL REINO DE DIOS EN LA TIERRA: LA TEOLOGÍA DE LA LIBERACIÓN DURANTE LA REVOLUCIÓN SALVADOREÑA,HÉCTOR ANGEL IBARRA CHÁVEZ,DIRECCIÓN DE PUBLICACIONES E IMPRESOS (DPI),EXCELENTE,M1B4
DRTSC.2.336,EN BUSCA DEL REINO DE DIOS EN LA TIERRA: LA TEOLOGÍA DE LA LIBERACIÓN DURANTE LA REVOLUCIÓN SALVADOREÑA,HÉCTOR ANGEL IBARRA CHÁVEZ,DIRECCIÓN DE PUBLICACIONES E IMPRESOS (DPI),EXCELENTE,M1B4
DRTSC.2.337,EN BUSCA DEL REINO DE DIOS EN LA TIERRA: LA TEOLOGÍA DE LA LIBERACIÓN DURANTE LA REVOLUCIÓN SALVADOREÑA,HÉCTOR ANGEL IBARRA CHÁVEZ,DIRECCIÓN DE PUBLICACIONES E IMPRESOS (DPI),EXCELENTE,M1B4
DRTSC.2.338,HISTORIA DE LA IGLESIA EN EL SALVADOR,MONSEÑOR JESÚS DELGADO ACEVEDO,DIRECCIÓN DE PUBLICACIONES E IMPRESOS (DPI),EXCELENTE,M1B4
DRTSC.2.339,HISTORIA DE LA IGLESIA EN EL SALVADOR,MONSEÑOR JESÚS DELGADO ACEVEDO,DIRECCIÓN DE PUBLICACIONES E IMPRESOS (DPI),EXCELENTE,M1B4
DRTSC.2.340,HISTORIA DE LA IGLESIA EN EL SALVADOR,MONSEÑOR JESÚS DELGADO ACEVEDO,DIRECCIÓN DE PUBLICACIONES E IMPRESOS (DPI),EXCELENTE,M1B4
DRTSC.2.341,DESCRIPCIÓN GEOGRÁFICO - MORAL DE LA DIÓCESIS DE GOATHEMALA,PEDRO CORTÉS Y LARRAZ,DIRECCIÓN DE PUBLICACIONES E IMPRESOS  (DPI),EXCELENTE,M1B4
DRTSC.2.342,DESCRIPCIÓN GEOGRÁFICO - MORAL DE LA DIÓCESIS DE GOATHEMALA,PEDRO CORTÉS Y LARRAZ,DIRECCIÓN DE PUBLICACIONES E IMPRESOS  (DPI),EXCELENTE,M1B4
DRTSC.2.343,DESCRIPCIÓN GEOGRÁFICO - MORAL DE LA DIÓCESIS DE GOATHEMALA,PEDRO CORTÉS Y LARRAZ,DIRECCIÓN DE PUBLICACIONES E IMPRESOS  (DPI),EXCELENTE,M1B4
DRTSC.2.344,EL PODER ECLESIÁSTICO EN EL SALVADOR,RODOLFO CARDENAL,DIRECCIÓN DE PUBLICACIONES E IMPRESOS  (DPI),EXCELENTE,M1B4
DRTSC.2.345,EL PODER ECLESIÁSTICO EN EL SALVADOR,RODOLFO CARDENAL,DIRECCIÓN DE PUBLICACIONES E IMPRESOS  (DPI),EXCELENTE,M1B4
DRTSC.2.346,EL PODER ECLESIÁSTICO EN EL SALVADOR,RODOLFO CARDENAL,DIRECCIÓN DE PUBLICACIONES E IMPRESOS  (DPI),EXCELENTE,M1B4
DRTSC.2.347,UTOPÍA,TOMÁS MORO,GRADIFCO,EXCELENTE,M1B4
DRTSC.2.348,UTOPÍA,TOMÁS MORO,PLUTÓN EDICIONES,EXCELENTE,M1B4
DRTSC.2.349,UTOPÍA,TOMÁS MORO,PLUTÓN EDICIONES,EXCELENTE,M1B4
DRTSC.2.350,TAO TE KING,LAO - TSÉ,PLUTÓN EDICIONES,EXCELENTE,M1B4
DRTSC.2.351,TAO TE KING,LAO - TSÉ,PLUTÓN EDICIONES,EXCELENTE,M1B4
DRTSC.2.352,EL LIBRO DE MORMÓN - OTRO TESTAMENTO DE JESUCRISTO,LA IGLESIA DE JESUCRISTO DE LOS SANTOS DE LOS ÚLTIMOS DIAS ,MORMÓN,EXCELENTE,M1B4
DRTSC.2.353,SOCIOLOGÍA,LUIS PÉREZ CRUZ,GRUPO PATRIA CULTURAL,BUEN ESTADO,M1B5
DRTSC.2.354,SOCIEDAD PARTICIPATIVA EN EL SALVADOR,RAFAEL GUIDO BÉJAR / STEFAN ROGGENBUCKS,KONAD ADENAUER STIFFUNG / EDITORIALES UCA,BUEN ESTADO,M1B5
DRTSC.2.355,"RESULTADOS CONSOLIDADOS DEL DÍALOGO NACIONAL POR LA CULTURA, SEPTIEMBRE 2007",CONSEJO NACIONAL PARA LA CULTURA Y EL ARTE (CONCULTURA),CONCULTURA,BUEN ESTADO,M1B5
DRTSC.2.356,INTRODUCCIÓN AL ESTUDIO DE LA COMUNICACIÓN: TEORÍA DE LA COMUNICACIÓN I,ROBERTO PEREDO,EDICIONES DE COMUNICACIÓN,BUEN ESTADO,M1B5
DRTSC.2.357,INSTITUCIONALIDAD Y GOBERNANZA: CORREDOR SECO CENTROAMERICANO,SILVEL ELÍAS,FUNDACIÓN PRISMA,EXCELENTE,M1B5
DRTSC.2.358,INSTITUCIONALIDAD Y GOBERNANZA: CORREDOR SECO CENTROAMERICANO,SILVEL ELÍAS,FUNDACIÓN PRISMA,EXCELENTE,M1B5
DRTSC.2.359,PATHWAYS TO FOREST GOVERNANCE IN CENTRAL AMERICA: LESSONS FROM FOREST TENURE REFORMS PROCESSES IN PETÉN (GUATEMALA) AND GUALACO AND GUATA (HONDURAS),ANDREW DAVIS,FUNDACIÓN PRISMA,BUEN ESTADO,M1B5
DRTSC.2.360,PATHWAYS TO FOREST GOVERNANCE IN CENTRAL AMERICA: LESSONS FROM FOREST TENURE REFORMS PROCESSES IN PETÉN (GUATEMALA) AND GUALACO AND GUATA (HONDURAS),ANDREW DAVIS,FUNDACIÓN PRISMA,BUEN ESTADO,M1B5
DRTSC.2.361,OPINIÓN PÚBLICA Y PERCEPCIÓN: ESTUDIOS DE LA OPINIÓN PÚBLICA EN EL SALVADOR A PRINCIPIOS DEL SIGLO XXI,WALTER RAUDALES,UFG EDITORES,BUEN ESTADO,M1B5
DRTSC.2.362,"CIUDADES SEGURAS: LA EXPERIENCIA DE SONSONATE, SONZACATE Y ACAJUTLA",PROGRAMA DE LAS NACIONES UNIDAS PARA EL DESARROLLO (PNUD),CONTRACORRIENTE EDITORES,BUEN ESTADO,M1B5
DRTSC.2.363,"CIUDADES SEGURAS: LA EXPERIENCIA DE SONSONATE, SONZACATE Y ACAJUTLA",PROGRAMA DE LAS NACIONES UNIDAS PARA EL DESARROLLO (PNUD),CONTRACORRIENTE EDITORES,BUEN ESTADO,M1B5
DRTSC.2.364,CIUDADES SEGURAS: LINEAMIENTOS PARA EL PLAN MUNICIPAL DE PREVENCIÓN DE LA VIOLENCIA CONTRA LAS MUJERES,PROGRAMA DE LAS NACIONES UNIDAS PARA EL DESARROLLO (PNUD),CONTRACORRIENTE EDITORES,BUEN ESTADO,M1B5
DRTSC.2.365,INFORME SOBRE DESARROLLO HUMANO 2011: SOSTENIBILIDAD Y EQUIDAD; UN MEJOR FUTURO PARA TODOS,JENI KLUGMAN,PROGRAMA DE LAS NACIONES UNIDAS PARA EL DESARROLLO (PNUD),BUEN ESTADO,M1B5
DRTSC.2.366,PROGRAMA ESTADO DE LA REGIÓN EN DESARROLLO HUMANO SOSTENIBLE (COSTA RICA) QUINTO INFORME ESTADO DE LA REGIÓN,PEN CONARE,PEN ,EXCELENTE,M1B5
DRTSC.2.367,SINOPSIS / BASES PARA UN MODELO DE DESARROLLO CENTRADO EN LA GENTE: INFORME SOBRE DESARROLLO HUMANO EL SALVADOR 2010,PROGRAMA DE LAS NACIONES UNIDAS PARA EL DESARROLLO (PNUD),PNUD,BUEN ESTADO,M1B5
DRTSC.2.368,DESAFIANDO LOS PODERES: ACCIÓN COLECTIVA Y FRENTES DE MASAS EN EL SALVADOR (1948-1980),LUIS ROBERTO HUEZO MIXCO,"DIRECCIÓN NACIONAL DE INVESTIGACIONES EN CULTURA Y ARTE, DE LA SECRETARIA DE CULTURA  DE LA PRESIDENCIA",EXCELENTE,M1B5
DRTSC.2.369,DESAFIANDO LOS PODERES: ACCIÓN COLECTIVA Y FRENTES DE MASAS EN EL SALVADOR (1948-1980),LUIS ROBERTO HUEZO MIXCO,"DIRECCIÓN NACIONAL DE INVESTIGACIONES EN CULTURA Y ARTE, DE LA SECRETARIA DE CULTURA  DE LA PRESIDENCIA",EXCELENTE,M1B5
DRTSC.2.370,DESAFIANDO LOS PODERES: ACCIÓN COLECTIVA Y FRENTES DE MASAS EN EL SALVADOR (1948-1980),LUIS ROBERTO HUEZO MIXCO,"DIRECCIÓN NACIONAL DE INVESTIGACIONES EN CULTURA Y ARTE, DE LA SECRETARIA DE CULTURA  DE LA PRESIDENCIA",EXCELENTE,M1B5
DRTSC.2.371,EL NIÑO DE HOLLYWOOD. CÓMO ESTADOS UNIDOS Y EL SALVADOR MOLDEARON A UN SICARIO DE LA MARA SALVATRUCHA 13,ÓSCAR MARTÍNEZ Y JUAN JOSÉ MARTÍNEZ,PENGUIN RANDOM HOUSE GRUPO EDITORIAL,EXCELENTE,M1B5
DRTSC.2.372,INDICADORES SOBRE LA VIOLENCIA EN EL SALVADOR:  HACIA LA CONSTRUCCIÓN DE UNA SOCIEDAD SIN VIOLENCIA,PROGRAMA DE LAS NACIONES UNIDAS PARA EL DESARROLLO (PNUD),TALLERES GRÁFICOS UCA,BUEN ESTADO,M1B5
DRTSC.2.373,VIOLENCIA EN TIEMPOS DE PAZ: CONFLICTIVIDAD Y CRIMINALIZACIÓN EN EL SALVADOR,"ÓSCAR MELENDEZ, ADRIAN BERGMANN",DIRECCIÓN DE PUBLICACIONES  E IMPRESOS (DPI),EXCELENTE,M1B5
DRTSC.2.374,VIOLENCIA EN TIEMPOS DE PAZ: CONFLICTIVIDAD Y CRIMINALIZACIÓN EN EL SALVADOR,"ÓSCAR MELENDEZ, ADRIAN BERGMANN",DIRECCIÓN DE PUBLICACIONES  E IMPRESOS (DPI),EXCELENTE,M1B5
DRTSC.2.375,VIOLENCIA EN TIEMPOS DE PAZ: CONFLICTIVIDAD Y CRIMINALIZACIÓN EN EL SALVADOR,"ÓSCAR MELENDEZ, ADRIAN BERGMANN",DIRECCIÓN DE PUBLICACIONES  E IMPRESOS (DPI),EXCELENTE,M1B5
DRTSC.2.376,CUBA: LA REVOLUCIÓN CRUCIFICADA,ANDRÉS SOREL,LIBERTARIAS-PRODHUFI,BUEN ESTADO,M1B5
DRTSC.2.377,ATLAS DEMOGRÁFICO,SALVADOR MIRANDA GARCÍA,DIRECCIÓN GENERAL DE ESTADISTICA Y CENSOS,BUEN ESTADO,M1B5
DRTSC.2.378,LA POBLACIÓN DE EL SALVADOR,RODOLFO BARÓN CASTRO,DIRECCIÓN DE PUBLICACIONES  E IMPRESOS (DPI),EXCELENTE,M1B5
DRTSC.2.379,LA POBLACIÓN DE EL SALVADOR,RODOLFO BARÓN CASTRO,DIRECCIÓN DE PUBLICACIONES  E IMPRESOS (DPI),EXCELENTE,M1B5
DRTSC.2.380,LA POBLACIÓN DE EL SALVADOR,RODOLFO BARÓN CASTRO,DIRECCIÓN DE PUBLICACIONES  E IMPRESOS (DPI),EXCELENTE,M1B5
DRTSC.2.381,CRÓNICAS DE NUESTRA TIERRA. HISTORIA NATURAL DE EL SALVADOR,"ILEANA CÁRCAMO, PATRICIA MATA BENNETT Y CLAUDIA ALWOOD CABEZAS",ASESUISA,EXCELENTE,M1B5
DRTSC.2.382,ENTRE AQUÍ Y EL NORTE,CATALINA DEL CID,UCA EDITORES,EXCELENTE,M1B5
DRTSC.2.383,EL SEGUNDO SEXO,SIMONE DE BEAUVOIR,PENGUIN RANDOM HOUSE GRUPO EDITORIAL,EXCELENTE,M1C1
DRTSC.2.384,AGENDA DE LA JUVENTUD: MUNICIPIO DEL ROSARIO DEPARTAMENTO DE LA PAZ,"KAREN MARTÍNEZ VIDAL MINERO, EDITH DEL CID Y ROMMY JIMÉNEZ",FUNDE,EXCELENTE,M1C1
DRTSC.2.385,AGENDA DE LA JUVENTUD: MUNICIPIO DEL ROSARIO DEPARTAMENTO DE LA PAZ,"KAREN MARTÍNEZ VIDAL MINERO, EDITH DEL CID Y ROMMY JIMÉNEZ",FUNDE,EXCELENTE,M1C1
DRTSC.2.386,AGENDA DE LA JUVENTUD: MUNICIPIO DEL ROSARIO DEPARTAMENTO DE LA PAZ,"KAREN MARTÍNEZ VIDAL MINERO, EDITH DEL CID Y ROMMY JIMÉNEZ",FUNDE,EXCELENTE,M1C1
DRTSC.2.387,AGENDA DE LA JUVENTUD: MUNICIPIO DEL ROSARIO DEPARTAMENTO DE LA PAZ,"KAREN MARTÍNEZ VIDAL MINERO, EDITH DEL CID Y ROMMY JIMÉNEZ",FUNDE,EXCELENTE,M1C1
DRTSC.2.388,¿DE QUÉ SE ESCRIBE CUANDO SE ESCRIBE DE MUJERES?: ESTUDIO DE LA INFORMACIÓN APARACECIDA EN CUATRO DIARIOS NACIONALES SOBRE ASPECTOS IMPORTANTES EN LA VIDA DE LAS MUJERES (1997 - 2000),LAS DIGNAS,"UNIDAD DE ANALISIS, DOCUMENTACIÓN Y COMUNICACIONES",EXCELENTE,M1C1
DRTSC.2.389,POLÍTICA INSTITUCIONAL DE IGUALDAD Y EQUIDAD DE GÉNERO DEL MINISTERIO DE CULTURA (2018 - 2022),MINISTERIO DE CULTURA DE EL SALVADOR,UNFPA EL SALVADOR,EXCELENTE,M1C1
DRTSC.2.390,POLÍTICA INSTITUCIONAL DE IGUALDAD Y EQUIDAD DE GÉNERO DEL MINISTERIO DE CULTURA (2018 - 2022),MINISTERIO DE CULTURA DE EL SALVADOR,UNFPA EL SALVADOR,EXCELENTE,M1C1
DRTSC.2.391,POLÍTICA INSTITUCIONAL DE IGUALDAD Y EQUIDAD DE GÉNERO DEL MINISTERIO DE CULTURA (2018 - 2022),MINISTERIO DE CULTURA DE EL SALVADOR,UNFPA EL SALVADOR,EXCELENTE,M1C1
DRTSC.2.392,EL PLAN ESTRATÉGICO DEL SECRETARIO DE CULTURA DE LA PRESIDENCIA,SECRETARIA DE CULTURA DE LA PRESIDENCIA,DIRECCIÓN DE PUBLICACIONES  E IMPRESOS (DPI),EXCELENTE,M1C1
DRTSC.2.393,EL PLAN ESTRATÉGICO DEL SECRETARIO DE CULTURA DE LA PRESIDENCIA,SECRETARIA DE CULTURA DE LA PRESIDENCIA,DIRECCIÓN DE PUBLICACIONES  E IMPRESOS (DPI),EXCELENTE,M1C1
DRTSC.2.394,EL PLAN ESTRATÉGICO DEL SECRETARIO DE CULTURA DE LA PRESIDENCIA,SECRETARIA DE CULTURA DE LA PRESIDENCIA,DIRECCIÓN DE PUBLICACIONES  E IMPRESOS (DPI),EXCELENTE,M1C1
DRTSC.2.395,EL PLAN ESTRATÉGICO DEL SECRETARIO DE CULTURA DE LA PRESIDENCIA,SECRETARIA DE CULTURA DE LA PRESIDENCIA,DIRECCIÓN DE PUBLICACIONES  E IMPRESOS (DPI),EXCELENTE,M1C1
DRTSC.2.396,"JEFES, CABECILLAS, ABUSONES",MARVIN HARRIS,ALIANZA EDITORIAL,EXCELENTE,M1C1
DRTSC.2.397,LA SITUACIÓN DEL EMBARAZO EN ADOLESCENTES EN EL SALVADOR,"ALFREDO ORELLANA, ALBERTO QUIÑONEZ",ISNA EDICIONES,EXCELENTE,M1C1
DRTSC.2.398,LA SITUACIÓN DEL EMBARAZO EN ADOLESCENTES EN EL SALVADOR,"ALFREDO ORELLANA, ALBERTO QUIÑONEZ",ISNA EDICIONES,EXCELENTE,M1C1
DRTSC.2.399,LA SITUACIÓN DEL EMBARAZO EN ADOLESCENTES EN EL SALVADOR,"ALFREDO ORELLANA, ALBERTO QUIÑONEZ",ISNA EDICIONES,EXCELENTE,M1C1
DRTSC.2.400,LA SITUACIÓN DEL EMBARAZO EN ADOLESCENTES EN EL SALVADOR,"ALFREDO ORELLANA, ALBERTO QUIÑONEZ",ISNA EDICIONES,EXCELENTE,M1C1
DRTSC.2.401,LA SITUACIÓN DEL EMBARAZO EN ADOLESCENTES EN EL SALVADOR,"ALFREDO ORELLANA, ALBERTO QUIÑONEZ",ISNA EDICIONES,EXCELENTE,M1C1
DRTSC.2.402,PROGRAMA DE RENOVACIÓN URBANA INTEGRAL: UNA PROPUESTA DE GESTIÓN URBANA,"MARIO LUNGO, MARTÍN RIEGER Y ROBERTO CHINCHILLA",TALLERES GRÁFICOS UCA,EXCELENTE,M1C1
DRTSC.2.403,BOLETÍN ESTADISTICO DE BANCOS: OCTUBRE - DICIEMBRE DE 2001,GUILLERMO A. ARGUMEDO Y LUIS ARMANDO MONTENEGRO,SUPERINTENDENCIA DEL SISTEMA FINANCIERO,EXCELENTE,M1C1
DRTSC.2.404,BOLETÍN ESTADISTICO DE SEGUROS: OCTUBRE - DICIEMBRE DE 2001,GUILLERMO A. ARGUMEDO Y LUIS ARMANDO MONTENEGRO,SUPERINTENDENCIA DEL SISTEMA FINANCIERO,EXCELENTE,M1C1
DRTSC.2.405,PERSPECTIVAS PAR UNA DEMOCRACIA ESTABLE EN EL SALVADOR,MITCHELL A. SELIGSON,INSTITUTO DE ESTUDIOS LATINOAMERICANOS,EXCELENTE,M1C1
DRTSC.2.406,EL CONTRATO SOCIAL,JEAN -JACQUES ROUSSEAU,EDICIONES BRONTES,EXCELENTE,M1C1
DRTSC.2.407,EL PRÍNCIPE,NICOLÁS MAQUIAVELO,GRADIFCO,EXCELENTE,M1C1
DRTSC.2.408,"DESPUÉS DE LA REVOLUCIÓN: IGUALDAD DE GÉNERO Y DEMOCRACIAS EN EL SALVADOR, NICARAGUA Y GUATEMALA",ILJA ALEXANDER LUCIAK,UCA EDITORES ,EXCELENTE,M1C1
DRTSC.2.409,CUADERNOS DE LA PROCURADURIA PARA LA DEFENSA DE LOS DERECHOS HUMANOS 1. FUNDAMENTOS DE LA LABOR DE LA PROCURADURÍA PARA LA DEFENSA DE LOS DERECHOS HUMANOS,PROCURADURIA PARA LA DEFENSA DE LOS DERECHOS HUMANOS (PDDH),DEPARTAMENTO DE ANÁLISIS Y DIFUCIÓN,EXCELENTE,M1C1
DRTSC.2.410,"DE LA DEGRADACIÓN Y CONFLICTO A LA GESTIÓN TERRITORIAL: EL RECONOCIMIENTO DE DERECHOS COMUNITARIOS EN GUALACO Y GUATA, HONDURAS",ANDREW DAVIS,-,EXCELENTE,M1C1
DRTSC.2.411,"DE LA DEGRADACIÓN Y CONFLICTO A LA GESTIÓN TERRITORIAL: EL RECONOCIMIENTO DE DERECHOS COMUNITARIOS EN GUALACO Y GUATA, HONDURAS",ANDREW DAVIS,-,EXCELENTE,M1C1
DRTSC.2.412,DERECHOS HUMANOS  DE LA NIÑEZ Y LA JUVENTUD. LAS UNIDADES JUVENILES DE DIFUCIÓN DE DERECHOS HUMANOS,PROCURADURIA PARA LA DEFENSA DE LOS DERECHOS HUMANOS (PDDH),PDDH,EXCELENTE,M1C1
DRTSC.2.413,SOCIALIZACIÓN DE LA PLATAFORMA MÍNIMA DE DERECHOS HUMANOS PARA EL ÓRGANO EJECUTIVO 2004 - 2009,PROCURADURÍA PARA LA DEFENSA DE LOS DERECHOS HUMANOS (PDDH) ,ECONOPRINT,EXCELENTE,M1C1
DRTSC.2.414,"INFORME DE LABORES DE LA PROCURADURÍA PARA LA DEFENSA DE LOS DERECHOS HUMANOS, JULIO 2005 - JUNIO 2006",BEATRICE ALAMANNI DE CARRILLO,PROCURADURÍA PARA LA DEFENSA DE LOS DERECHOS HUMANOS (PDDH),EXCELENTE,M1C1
DRTSC.2.415,INTERÉS SUPERIOR DEL NIÑO: TÉCNICAS DE REDUCCIÓN DE LA DISCRECIONALIDAD ABUSIVA,FARITH SIMON CAMPAÑA,CONSEJO NACIONAL DE LA JUDICATURA,EXCELENTE,M1C1
DRTSC.2.416,"DERECHOS DE LAS NIÑAS, DE LOS NIÑOS Y ADOLESCENTES: (INSTRUMENTOS PARA PROTECCIÓN) ",PROCURADURÍA PARA LA DEFENSA DE LOS DERECHOS HUMANOS (PDDH) ,PDDH,EXCELENTE,M1C1
DRTSC.2.417,"DERECHOS DE LAS NIÑAS, DE LOS NIÑOS Y ADOLESCENTES: (INSTRUMENTOS PARA PROTECCIÓN) ",PROCURADURÍA PARA LA DEFENSA DE LOS DERECHOS HUMANOS (PDDH) ,PDDH,EXCELENTE,M1C1
DRTSC.2.418,"DERECHOS DE LAS NIÑAS, DE LOS NIÑOS Y ADOLESCENTES: (INSTRUMENTOS PARA PROTECCIÓN) ",PROCURADURÍA PARA LA DEFENSA DE LOS DERECHOS HUMANOS (PDDH) ,PDDH,EXCELENTE,M1C1
DRTSC.2.419,"DERECHOS DE LAS NIÑAS, DE LOS NIÑOS Y ADOLESCENTES: (INSTRUMENTOS PARA PROTECCIÓN) ",PROCURADURÍA PARA LA DEFENSA DE LOS DERECHOS HUMANOS (PDDH) ,PDDH,EXCELENTE,M1C1
DRTSC.2.420,"DERECHOS DE LAS NIÑAS, DE LOS NIÑOS Y ADOLESCENTES: (INSTRUMENTOS PARA PROTECCIÓN) ",PROCURADURÍA PARA LA DEFENSA DE LOS DERECHOS HUMANOS (PDDH) ,PDDH,EXCELENTE,M1C1
DRTSC.2.421,GUÍA JURÍDICA POPULAR: FORMACIÓN DE PROMOTORES COMUNALES (PARALEGALES),"DEPARTAMENTO DE DERECHOS ECONÓMICOS, SOCIALES Y CULTURALES (DESC) DEL CENTRO DE ESTUDIOS CONSTITUCIONALES Y DERECHOS HUMANOS (CECDH)",FESPAD EDICIONES POPULARES,EXCELENTE,M1C1
DRTSC.2.422,GUÍA JURÍDICA POPULAR: FORMACIÓN DE PROMOTORES COMUNALES (PARALEGALES),"DEPARTAMENTO DE DERECHOS ECONÓMICOS, SOCIALES Y CULTURALES (DESC) DEL CENTRO DE ESTUDIOS CONSTITUCIONALES Y DERECHOS HUMANOS (CECDH)",FESPAD EDICIONES POPULARES,EXCELENTE,M1C1
DRTSC.2.423,"LA LUCHA POR LOS DERECHOS TERRITORIALES PARA LAS COMUNIDADES RURALES: LA EXPERIENCIA DE ACOFOP EN LA RESERVA DE LA BIÓSFERA MAYA, PETÉN","SILVEL ELÍAS, ILIANA MONTERROSO",-,EXCELENTE,M1C1
DRTSC.2.424,"LA LUCHA POR LOS DERECHOS TERRITORIALES PARA LAS COMUNIDADES RURALES: LA EXPERIENCIA DE ACOFOP EN LA RESERVA DE LA BIÓSFERA MAYA, PETÉN","SILVEL ELÍAS, ILIANA MONTERROSO",-,EXCELENTE,M1C1
DRTSC.2.425,NO HAY VUELTA ATRÁS. EL PODER DE LAS MUJERES PARA CAMBIAR EL MUNDO,MELINDA GATES,PENGUIN RANDOM HOUSE GRUPO EDITORIAL,EXCELENTE,M1C1
DRTSC.2.426,SOBRE LA LIBERTAD,JOHN STUART MILL,EDICIONES GERNIKA,EXCELENTE,M1C1
DRTSC.2.427,DE LA REFORMA PACTADA A LA MODIFICACIÓN JUDICIAL DEL SISTEMA ELECTORAL. EL CASO SALVADOREÑO,FUNDACIÓN SALVADOREÑA PARA EL DESARROLLO ECONÓMICO Y SOCIAL,DEPARTAMENTO DE ESTUDIOS POLÍTICOS,EXCELENTE,M1C1
DRTSC.2.428,DE LA REFORMA PACTADA A LA MODIFICACIÓN JUDICIAL DEL SISTEMA ELECTORAL. EL CASO SALVADOREÑO,FUNDACIÓN SALVADOREÑA PARA EL DESARROLLO ECONÓMICO Y SOCIAL,DEPARTAMENTO DE ESTUDIOS POLÍTICOS,EXCELENTE,M1C1
DRTSC.2.429,DE LA REFORMA PACTADA A LA MODIFICACIÓN JUDICIAL DEL SISTEMA ELECTORAL. EL CASO SALVADOREÑO,FUNDACIÓN SALVADOREÑA PARA EL DESARROLLO ECONÓMICO Y SOCIAL,DEPARTAMENTO DE ESTUDIOS POLÍTICOS,EXCELENTE,M1C1
DRTSC.2.430,EL SICA Y LA UE: LA INTEGRACIÓN REGIONAL EN UNA PERSPECTIVA COMPARADA,PEDRO CANDENTEY DEL POZO Y JOSÉ JUAN ROMERO RODRÍGUEZ,FUNDACIÓN ETEA PARA EL DESARROLLO Y LA COOPERACIÓN,EXCELENTE ,M1C1
DRTSC.2.431,REGLAMENTO INTERIOR DE LA ASAMBLEA LEGISLATIVA DE EL SALVADOR,ASAMBLEA LEGISLATIVA DE EL SALVADOR,OFICINA DE INFORMACIÓN PÚBLICA,EXCELENTE ,M1C1
DRTSC.2.432,REGLAMENTO INTERIOR DE LA ASAMBLEA LEGISLATIVA / REGLAMENTO INTERNO DEL ORGANO EJECUTIVO,ASAMBLEA LEGISLATIVA DE EL SALVADOR,EDITORIAL JURÍDICA SALVADOREÑA,BUEN ESTADO,M1C1
DRTSC.2.433,FORO ECONÓMICO: EL SALVADOR 2011,UNIVERSIDAD TECNOLÓGICA DE EL SALVADOR,UNIVERSIDAD TECNOLÓGICA DE EL SALVADOR,EXCELENTE,M1C1
DRTSC.2.434,LAS NUEVAS PLÁTICAS POPULARES,EDGARDO SÚAREZ CONTRERAS,EDITORIAL JURÍDICA SALVADOREÑA,EXCELENTE,M1C1
DRTSC.2.435,EL SALVADOR: EMPLEO Y CRECIMIENTO,MAURICIO GONZÁLEZ ORELLANA,UFG EDITORES,EXCELENTE,M1C1
DRTSC.2.436,SITUACIÓN DEL TRABAJO INFANTIL EN EL MUNICIPIO DE AGUILARES. LINEA DE BASE 2012,INSTITUTO SALVADOREÑO PARA EL DESARROLLO INTEGRAL DE LA NIÑEZ Y LA ADOLESCENCIA (ISNA),ISNA EDICIONES,EXCELENTE,M1C2
DRTSC.2.437,SITUACIÓN DEL TRABAJO INFANTIL EN EL MUNICIPIO DE AGUILARES. LINEA DE BASE 2012,INSTITUTO SALVADOREÑO PARA EL DESARROLLO INTEGRAL DE LA NIÑEZ Y LA ADOLESCENCIA (ISNA),ISNA EDICIONES,EXCELENTE,M1C2
DRTSC.2.438,SITUACIÓN DEL TRABAJO INFANTIL EN EL MUNICIPIO DE AGUILARES. LINEA DE BASE 2012,INSTITUTO SALVADOREÑO PARA EL DESARROLLO INTEGRAL DE LA NIÑEZ Y LA ADOLESCENCIA (ISNA),ISNA EDICIONES,EXCELENTE,M1C2
DRTSC.2.439,SITUACIÓN DEL TRABAJO INFANTIL EN EL MUNICIPIO DE AGUILARES. LINEA DE BASE 2012,INSTITUTO SALVADOREÑO PARA EL DESARROLLO INTEGRAL DE LA NIÑEZ Y LA ADOLESCENCIA (ISNA),ISNA EDICIONES,EXCELENTE,M1C2
DRTSC.2.440,SITUACIÓN DEL TRABAJO INFANTIL EN EL MUNICIPIO DE AGUILARES. LINEA DE BASE 2012,INSTITUTO SALVADOREÑO PARA EL DESARROLLO INTEGRAL DE LA NIÑEZ Y LA ADOLESCENCIA (ISNA),ISNA EDICIONES,EXCELENTE,M1C2
DRTSC.2.441,SITUACIÓN DEL TRABAJO INFANTIL EN EL MUNICIPIO DE AGUILARES. LINEA DE BASE 2012,INSTITUTO SALVADOREÑO PARA EL DESARROLLO INTEGRAL DE LA NIÑEZ Y LA ADOLESCENCIA (ISNA),ISNA EDICIONES,EXCELENTE,M1C2
DRTSC.2.442,SITUACIÓN DEL TRABAJO INFANTIL EN EL MUNICIPIO DE AGUILARES. LINEA DE BASE 2012,INSTITUTO SALVADOREÑO PARA EL DESARROLLO INTEGRAL DE LA NIÑEZ Y LA ADOLESCENCIA (ISNA),ISNA EDICIONES,EXCELENTE,M1C2
DRTSC.2.443,SITUACIÓN DEL TRABAJO INFANTIL EN EL MUNICIPIO DE ILOBASCO. LINEA DE BASE 2012,INSTITUTO SALVADOREÑO PARA EL DESARROLLO INTEGRAL DE LA NIÑEZ Y LA ADOLESCENCIA (ISNA),ISNA EDICIONES,EXCELENTE,M1C2
DRTSC.2.444,SITUACIÓN DEL TRABAJO INFANTIL EN EL MUNICIPIO DE ILOBASCO. LINEA DE BASE 2012,INSTITUTO SALVADOREÑO PARA EL DESARROLLO INTEGRAL DE LA NIÑEZ Y LA ADOLESCENCIA (ISNA),ISNA EDICIONES,EXCELENTE,M1C2
DRTSC.2.445,SITUACIÓN DEL TRABAJO INFANTIL EN EL MUNICIPIO DE ILOBASCO. LINEA DE BASE 2012,INSTITUTO SALVADOREÑO PARA EL DESARROLLO INTEGRAL DE LA NIÑEZ Y LA ADOLESCENCIA (ISNA),ISNA EDICIONES,EXCELENTE,M1C2
DRTSC.2.446,SITUACIÓN DEL TRABAJO INFANTIL EN EL MUNICIPIO DE ILOBASCO. LINEA DE BASE 2012,INSTITUTO SALVADOREÑO PARA EL DESARROLLO INTEGRAL DE LA NIÑEZ Y LA ADOLESCENCIA (ISNA),ISNA EDICIONES,EXCELENTE,M1C2
DRTSC.2.447,SITUACIÓN DEL TRABAJO INFANTIL EN EL MUNICIPIO DE ILOBASCO. LINEA DE BASE 2012,INSTITUTO SALVADOREÑO PARA EL DESARROLLO INTEGRAL DE LA NIÑEZ Y LA ADOLESCENCIA (ISNA),ISNA EDICIONES,EXCELENTE,M1C2
DRTSC.2.448,SITUACIÓN DEL TRABAJO INFANTIL EN EL MUNICIPIO DE ILOBASCO. LINEA DE BASE 2012,INSTITUTO SALVADOREÑO PARA EL DESARROLLO INTEGRAL DE LA NIÑEZ Y LA ADOLESCENCIA (ISNA),ISNA EDICIONES,EXCELENTE,M1C2
DRTSC.2.449,SITUACIÓN DEL TRABAJO INFANTIL EN EL MUNICIPIO DE ILOBASCO. LINEA DE BASE 2012,INSTITUTO SALVADOREÑO PARA EL DESARROLLO INTEGRAL DE LA NIÑEZ Y LA ADOLESCENCIA (ISNA),ISNA EDICIONES,EXCELENTE,M1C2
DRTSC.2.450,SITUACIÓN DEL TRABAJO INFANTIL EN EL MUNICIPIO DE ILOBASCO. LINEA DE BASE 2012,INSTITUTO SALVADOREÑO PARA EL DESARROLLO INTEGRAL DE LA NIÑEZ Y LA ADOLESCENCIA (ISNA),ISNA EDICIONES,EXCELENTE,M1C2
DRTSC.2.451,SITUACIÓN DEL TRABAJO INFANTIL EN LA ISLA MADRESAL. LÍNEA BASE 2014,"VILMA LUCRECIA MEJÍA, ALBERTO QUIÑONEZ CASTRO Y OSCAR RENÉ CASTILLO MONGE",ISNA EDICIONES,EXCELENTE,M1C2
DRTSC.2.452,SITUACIÓN DEL TRABAJO INFANTIL EN LA ISLA MADRESAL. LÍNEA BASE 2014,"VILMA LUCRECIA MEJÍA, ALBERTO QUIÑONEZ CASTRO Y OSCAR RENÉ CASTILLO MONGE",ISNA EDICIONES,EXCELENTE,M1C2
DRTSC.2.453,SITUACIÓN DEL TRABAJO INFANTIL EN LA ISLA MADRESAL. LÍNEA BASE 2014,"VILMA LUCRECIA MEJÍA, ALBERTO QUIÑONEZ CASTRO Y OSCAR RENÉ CASTILLO MONGE",ISNA EDICIONES,EXCELENTE,M1C2
DRTSC.2.454,SITUACIÓN DEL TRABAJO INFANTIL EN LA ISLA MADRESAL. LÍNEA BASE 2014,"VILMA LUCRECIA MEJÍA, ALBERTO QUIÑONEZ CASTRO Y OSCAR RENÉ CASTILLO MONGE",ISNA EDICIONES,EXCELENTE,M1C2
DRTSC.2.455,SITUACIÓN DEL TRABAJO INFANTIL EN LA ISLA MADRESAL. LÍNEA BASE 2014,"VILMA LUCRECIA MEJÍA, ALBERTO QUIÑONEZ CASTRO Y OSCAR RENÉ CASTILLO MONGE",ISNA EDICIONES,EXCELENTE,M1C2
DRTSC.2.456,SITUACIÓN DEL TRABAJO INFANTIL EN LA ISLA MADRESAL. LÍNEA BASE 2014,"VILMA LUCRECIA MEJÍA, ALBERTO QUIÑONEZ CASTRO Y OSCAR RENÉ CASTILLO MONGE",ISNA EDICIONES,EXCELENTE,M1C2
DRTSC.2.457,INTEGRACIÓN ECONÓMICA DE JÓVENES EN EL ÁREA METROPOLITANA DE SAN SALVADOR: RETOS Y PROPUESTAS,ANDREW ROBERTS CUMMINGS,FUNDE,EXCELENTE ,M1C2
DRTSC.2.458,DE SUEÑOS Y REALIDADES: LA EXPERIENCIA DE CAPACITAR MUJERES EN OFICIOS NO TRADICIONALES,"ASOCIACIÓN DE MUJERES POR LA DIGNIDAD Y LA VIDA ""LAS DIGNAS""",LAS DIGNAS,EXCELENTE ,M1C2
DRTSC.2.459,MUJERES Y DESARROLLO ECONÓMICO LOCAL,"BLANCA MIRNA BENAVIDES, MARÍA ELENA MORENO",FUNDACIÓN NACIONAL PARA EL DESARROLLO (FUNDE),EXCELENTE ,M1C2
DRTSC.2.460,TRABAJADORES MIGRANTES Y MEGAPROYECTOS EN AMÉRICA CENTRAL,"ABELARDO MORALES GAMBOA, SUSAN KANDEL, XENIA ORTÍZ, OSCAR DÍAZ Y GUILLERMO ACUÑA",PNUD / UCA,EXCELENTE ,M1C2
DRTSC.2.461,EL CUADRANTE DEL FLUJO DEL DINERO. GUÍA DEL PASRE RICO PARA LA LIBERTAD FINANCIERA,ROBERT T. KIYOSAKI,PENGUIN RANDOM HOUSE GRUPO EDITORIAL,EXCELENTE ,M1C2
DRTSC.2.462,DESPIERTA EL GENIO FINANCIERO DE TUS HIJOS,ROBERT T. KIYOSAKI,PENGUIN RANDOM HOUSE GRUPO EDITORIAL,EXCELENTE ,M1C2
DRTSC.2.463,GUÍA PARA HACERSE RICO,ROBERT T. KIYOSAKI,PENGUIN RANDOM HOUSE GRUPO EDITORIAL,EXCELENTE ,M1C2
DRTSC.2.464,"GUÍA PARA INVERTIR. EN QUÉ INVIERTEN LOS RICOS,  A DIFERENCIA DE LAS CLASES MEDIA Y POBRE",ROBERT T. KIYOSAKI,PENGUIN RANDOM HOUSE GRUPO EDITORIAL,EXCELENTE ,M1C2
DRTSC.2.465,LOS SECRETOS DE LA MENTE MILLONARIA. CÓMO DOMINAR EL JUEGO INTERIOR DE LA RIQUEZA,T. HARV EKER,EDITORIAL ISIRIO,EXCELENTE ,M1C2
DRTSC.2.466,PADRE RICO PADRE POBRE,ROBERT T. KIYOSAKI,PENGUIN RANDOM HOUSE GRUPO EDITORIAL,EXCELENTE ,M1C2
DRTSC.2.467,PADRE RICO PADRE POBRE,ROBERT T. KIYOSAKI,PENGUIN RANDOM HOUSE GRUPO EDITORIAL,EXCELENTE ,M1C2
DRTSC.2.468,"PEQUEÑO CERDO CAPITALISTA, FINANZAS PERSONALES PARA HIPPIES, YUPPIES Y BOHEMIOS",SOFÍA MACÍAS ,PENGUIN RANDOM HOUSE GRUPO EDITORIAL,EXCELENTE ,M1C2
DRTSC.2.469,POR QUÉ LOS RICOS SE VUELVEN MÁS RICOS,ROBERT T. KIYOSAKI,PENGUIN RANDOM HOUSE GRUPO EDITORIAL,EXCELENTE ,M1C2
DRTSC.2.470,"SEGUNDA OPORTUNIDAD. PARA TU DINERO, TU VIDA Y NUESTRO MUNDO",ROBERT T. KIYOSAKI,PENGUIN RANDOM HOUSE GRUPO EDITORIAL,EXCELENTE ,M1C2
DRTSC.2.471,"NIÑO RICO, NIÑO LISTO",ROBERT T. KIYOSAKI,PENGUIN RANDOM HOUSE GRUPO EDITORIAL,EXCELENTE ,M1C2
DRTSC.2.472,LA CONSPIRACIÓN DE LOS RICOS. LAS 8 NUEVAS REGLAS DEL DINERO,ROBERT T. KIYOSAKI,PENGUIN RANDOM HOUSE GRUPO EDITORIAL,EXCELENTE ,M1C3
DRTSC.2.473,INDICE CRONOLÓGICO DE LEYES Y EVENTOS RELACIONADOS CON LA MONEDA Y LA BANCA SALVADOREÑA,JOSÉ MARÍA MELGAR CALLEJAS,UFG EDITORES,EXCELENTE ,M1C3
DRTSC.2.474,EL AGUA,PATRICIA DOMÍNGUEZ TAYLOR,EDITORIAL SANTILLANA,EXCELENTE ,M1C3
DRTSC.2.475,"EL AGUA CONTAMINADA: SERIE ""APRENDAMOS A PROTEGERNOS"", CUADERNO 5",MINISTERIO DE MEDIO AMBIENTE Y RECURSOS NATURALES (MARN),FUNDACIÓN MAQUILISHUATL,EXCELENTE ,M1C3
DRTSC.2.476,"EL AGUA CONTAMINADA: SERIE ""APRENDAMOS A PROTEGERNOS"", CUADERNO 5",MINISTERIO DE MEDIO AMBIENTE Y RECURSOS NATURALES (MARN),FUNDACIÓN MAQUILISHUATL,EXCELENTE ,M1C3
DRTSC.2.477,INFORME NACIONAL ESTADO DEL MEDIO AMBIENTE 2000,MINISTERIO DE MEDIO AMBIENTE Y RECURSOS NATURALES (MARN),EQUIPO TÉCNICO DEL MARN,EXCELENTE ,M1C3
DRTSC.2.478,"LOS EVENTOS METEREOLÓGICOS EXTREMOS: SERIE ""APRENDAMOS A PROTEGERNOS"", CUADERNO 7",MINISTERIO DE MEDIO AMBIENTE Y RECURSOS NATURALES (MARN),FUNDACIÓN MAQUILISHUATL,EXCELENTE ,M1C3
DRTSC.2.479,PLAN AMBIENTAL DE LA REGIÓN CENTROAMERICANA PARCA: 2010 - 2014,COMISIÓN CENTROAMERICANA DE AMBIENTE Y DESARROLLO  (CCAD),COMISIÓN CENTROAMERICANA DE AMBIENTE Y DESARROLLO  (CCAD),EXCELENTE ,M1C3
DRTSC.2.480,PLAN AMBIENTAL DE LA REGIÓN CENTROAMERICANA PARCA: 2010 - 2014,COMISIÓN CENTROAMERICANA DE AMBIENTE Y DESARROLLO  (CCAD),COMISIÓN CENTROAMERICANA DE AMBIENTE Y DESARROLLO  (CCAD),EXCELENTE ,M1C3
DRTSC.2.481,PROYECTO PILOTO DE DESCENTRALIZACIÓN DE LA GESTIÓN AMBIENTAL EN CUATRO MUNICIPIOS DE EL SALVADOR. MANUAL DE PLANIFICACIÓN DE PROGRAMAS DE COMUNICACIÓN Y EDUCACIÓN AMBIENTAL,MINISTERIO DE MEDIO AMBIENTE Y RECURSOS NATURALES (MARN),EDITORIAL MAYA,EXCELENTE ,M1C3
DRTSC.2.482,EL BUEN VIVIR DE EL SALVADOR,SALVADOR SÁNCHEZ CERÉN,"IMPRESOS ""LOS PLANES""",EXCELENTE ,M1C3
DRTSC.2.483,MANIFIESTO DEL PARTIDO COMUNISTA,KARL MARX  Y FRIEDRICH ENGELS,PLUTÓN EDICIONES,EXCELENTE ,M1C3
DRTSC.2.484,MANIFIESTO DEL PARTIDO COMUNISTA,KARL MARX  Y FRIEDRICH ENGELS,PLUTÓN EDICIONES,EXCELENTE ,M1C3
DRTSC.2.485,COMPILACIÓN ABC DE HACIENDA,MINISTERIO DE HACIENDA,ASOCIACIÓN COOPERATIVA DE SERVICIOS GRÁFICOS (ACOASERGRAC DE R. L.,EXCELENTE ,M1C3
DRTSC.2.486,LA ECONOMÍA DE EL SALVADOR EN EL SIGLO XIX,HÉCTOR LINDO - FUENTES,DIRECCIÓN DE PUBLICACIONES E IMPRESOS  (DPI),EXCELENTE ,M1C3
DRTSC.2.487,LA ECONOMÍA DE EL SALVADOR EN EL SIGLO XIX,HÉCTOR LINDO - FUENTES,DIRECCIÓN DE PUBLICACIONES E IMPRESOS  (DPI),EXCELENTE ,M1C3
DRTSC.2.488,LA ECONOMÍA DE EL SALVADOR EN EL SIGLO XIX,HÉCTOR LINDO - FUENTES,DIRECCIÓN DE PUBLICACIONES E IMPRESOS  (DPI),EXCELENTE ,M1C3
DRTSC.2.489,"LOS ESTANCOS, LAS PRÁCTICAS MONOPÓLICAS Y LAS RENTAS DEL ESTADO EN EL SALVADOR","PEDRO ESCALANTE ARCE, EUGENIA LÓPEZ VELASQUEZ, SAJID ALFREDO HERRERA NENA Y OTROS AUTORES ",DIRECCIÓN DE PUBLICACIONES E IMPRESOS  (DPI),EXCELENTE ,M1C3
DRTSC.2.490,"LOS ESTANCOS, LAS PRÁCTICAS MONOPÓLICAS Y LAS RENTAS DEL ESTADO EN EL SALVADOR","PEDRO ESCALANTE ARCE, EUGENIA LÓPEZ VELASQUEZ, SAJID ALFREDO HERRERA NENA Y OTROS AUTORES ",DIRECCIÓN DE PUBLICACIONES E IMPRESOS  (DPI),EXCELENTE ,M1C3
DRTSC.2.491,"LOS ESTANCOS, LAS PRÁCTICAS MONOPÓLICAS Y LAS RENTAS DEL ESTADO EN EL SALVADOR","PEDRO ESCALANTE ARCE, EUGENIA LÓPEZ VELASQUEZ, SAJID ALFREDO HERRERA NENA Y OTROS AUTORES ",DIRECCIÓN DE PUBLICACIONES E IMPRESOS  (DPI),EXCELENTE ,M1C3
DRTSC.2.492,"INVENTARIO DE LAS CAPACIDADES TURÍSTICAS DEL MUNICIPIO DE CHILTIUPAN, DEPARTAMENTO DE LA LIBERTAD",LISSETTE CRISTALINA CANALES DE RAMÍREZ,UNIVERSIDAD TECNOLÓGICA DE EL SALVADOR,EXCELENTE ,M1C3
DRTSC.2.493,DIRECTORIO CENTROAMERICANO DE INSTITUCIONES DE MICROFINANZAS,RED CENTROAMERICANA DE MICROFINANZAS (REDCAMIF),RED CENTROAMERICANA DE MICROFINANZAS (REDCAMIF),EXCELENTE ,M1C3
DRTSC.2.494,LEY DE FOMENTO PROTECCIÓN Y DESARROLLO PARA LA MICRO Y PEQUEÑA EMPRESA,COMISIÓN NACIONAL DE LA MICRO Y PEQUEÑA EMPRESA (CONAMYPE),CONAMYPE,EXCELENTE ,M1C3
DRTSC.2.495,"MICROFINANZAS, No. 6, MAYO 2004",IVÁN GUTIÉRREZ A.,EDITARTE,EXCELENTE ,M1C3
DRTSC.2.496,"NORMATIVA Y PERSPECTIVA DE ACCESO AL MERCADO ESTADOUNIDENSE PAR LOS SUBSECTORES DE ARTESANÍAS, MUEBLES, CONFECCIÓN Y PRODUCTOS ÉTNICOS Y NOSTÁLGICOS (INTRODUCCIÓN TEMÁTICA)",JORGE SOL,CENPROMYPE,EXCELENTE ,M1C3
DRTSC.2.497,"DESARROLLO SOSTENIBLE DE LA MICRORREGIÓN DE ALEGRÍA: MUNICIPIOS MERCEDES ALEGRÍA, MERCEDES UMAÑA, JUCUAPA, TECAPÁN, SANTIAGO MARÍA",EDUARDO SANCHO,EFG EDITORES,EXCELENTE ,M1C3
DRTSC.2.498,"DESARROLLO SOSTENIBLE DE LA MICRORREGIÓN DE ALEGRÍA: MUNICIPIOS MERCEDES ALEGRÍA, MERCEDES UMAÑA, JUCUAPA, TECAPÁN, SANTIAGO MARÍA",EDUARDO SANCHO,EFG EDITORES,EXCELENTE ,M1C3
DRTSC.2.499,"EL SALVADOR: ENFERMEDAD HOLANDESA, EDUCACIÓN Y CRECIMIENTO",MAURICIO GONZÁLEZ ORELLANA,UFG EDITORES,EXCELENTE ,M1C3
DRTSC.2.500,LA CANASTA CAMPESINA: COMASAGUA - EL SALVADOR,"CAROLINA RAQUEL SERRANO, SANDRA GUADALUPE ORDÓÑEZ Y JULIO ANTONIO SANDOVAL",TALLERES GRÁFICOS UCA,EXCELENTE ,M1C3
DRTSC.2.501,TRANSFORMACIÓN Y MODERNIZACIÓN DE CENTROAMÉRICA EN EL SIGLO XXI: UNA PROPUESTA REGIONAL,SISTEMA DE LA INTEGRACIÓN CENTROAMERICANA (SICA),IMPRENTA CRITERIO,EXCELENTE ,M1C3
DRTSC.2.502,"FOUR: EL ADN SECRETO DE AMAZON, APPLE, FACEBOOK Y GOOGLE ",SCOTT GALLOWAY,PENGUIN RANDOM HOUSE GRUPO EDITORIAL,EXCELENTE ,M1C3
DRTSC.2.503,DICCIONARIO DE DERECHO NOTARIAL Y REGISTRAL,LIC. RICARDO MENDOZA ORANTES,EDITORIAL JURÍDICA SALVADOREÑA,EXCELENTE ,M1C3
DRTSC.2.504,GLOSARIO DE TÉRMINOS JURÍDICOS DE LA LEPINA,COMISIÓN COORDINADORA DEL SECTOR JUSTICIA,UNIDAD TÉCNICA EJECUTIVA,EXCELENTE ,M1C4
DRTSC.2.505,GLOSARIO DE TÉRMINOS JURÍDICOS DE LA LEPINA,COMISIÓN COORDINADORA DEL SECTOR JUSTICIA,UNIDAD TÉCNICA EJECUTIVA,EXCELENTE ,M1C4
DRTSC.2.506,GLOSARIO DE TÉRMINOS JURÍDICOS DE LA LEPINA,COMISIÓN COORDINADORA DEL SECTOR JUSTICIA,UNIDAD TÉCNICA EJECUTIVA,EXCELENTE ,M1C4
DRTSC.2.507,GLOSARIO DE TÉRMINOS JURÍDICOS DE LA LEPINA,COMISIÓN COORDINADORA DEL SECTOR JUSTICIA,UNIDAD TÉCNICA EJECUTIVA,EXCELENTE ,M1C4
DRTSC.2.508,GLOSARIO DE TÉRMINOS JURÍDICOS DE LA LEPINA,COMISIÓN COORDINADORA DEL SECTOR JUSTICIA,UNIDAD TÉCNICA EJECUTIVA,EXCELENTE ,M1C4
DRTSC.2.509,GLOSARIO DE TÉRMINOS JURÍDICOS DE LA LEPINA,COMISIÓN COORDINADORA DEL SECTOR JUSTICIA,UNIDAD TÉCNICA EJECUTIVA,EXCELENTE ,M1C4
DRTSC.2.510,GLOSARIO DE TÉRMINOS JURÍDICOS DE LA LEPINA,COMISIÓN COORDINADORA DEL SECTOR JUSTICIA,UNIDAD TÉCNICA EJECUTIVA,EXCELENTE ,M1C4
DRTSC.2.511,GLOSARIO DE TÉRMINOS JURÍDICOS DE LA LEPINA,COMISIÓN COORDINADORA DEL SECTOR JUSTICIA,UNIDAD TÉCNICA EJECUTIVA,EXCELENTE ,M1C4
DRTSC.2.512,GLOSARIO DE TÉRMINOS JURÍDICOS DE LA LEPINA,COMISIÓN COORDINADORA DEL SECTOR JUSTICIA,UNIDAD TÉCNICA EJECUTIVA,EXCELENTE ,M1C4
DRTSC.2.513,GLOSARIO DE TÉRMINOS JURÍDICOS DE LA LEPINA,COMISIÓN COORDINADORA DEL SECTOR JUSTICIA,UNIDAD TÉCNICA EJECUTIVA,EXCELENTE ,M1C4
DRTSC.2.514,GLOSARIO DE TÉRMINOS JURÍDICOS DE LA LEPINA,COMISIÓN COORDINADORA DEL SECTOR JUSTICIA,UNIDAD TÉCNICA EJECUTIVA,EXCELENTE ,M1C4
DRTSC.2.515,GLOSARIO DE TÉRMINOS JURÍDICOS DE LA LEPINA,COMISIÓN COORDINADORA DEL SECTOR JUSTICIA,UNIDAD TÉCNICA EJECUTIVA,EXCELENTE ,M1C4
DRTSC.2.516,GLOSARIO DE TÉRMINOS JURÍDICOS DE LA LEPINA,COMISIÓN COORDINADORA DEL SECTOR JUSTICIA,UNIDAD TÉCNICA EJECUTIVA,EXCELENTE ,M1C4
DRTSC.2.517,GLOSARIO DE TÉRMINOS JURÍDICOS DE LA LEPINA,COMISIÓN COORDINADORA DEL SECTOR JUSTICIA,UNIDAD TÉCNICA EJECUTIVA,EXCELENTE ,M1C4
DRTSC.2.518,GLOSARIO DE TÉRMINOS JURÍDICOS DE LA LEPINA,COMISIÓN COORDINADORA DEL SECTOR JUSTICIA,UNIDAD TÉCNICA EJECUTIVA,EXCELENTE ,M1C4
DRTSC.2.519,GLOSARIO DE TÉRMINOS JURÍDICOS DE LA LEPINA,COMISIÓN COORDINADORA DEL SECTOR JUSTICIA,UNIDAD TÉCNICA EJECUTIVA,EXCELENTE ,M1C4
DRTSC.2.520,GLOSARIO DE TÉRMINOS JURÍDICOS DE LA LEPINA,COMISIÓN COORDINADORA DEL SECTOR JUSTICIA,UNIDAD TÉCNICA EJECUTIVA,EXCELENTE ,M1C4
DRTSC.2.521,GLOSARIO DE TÉRMINOS JURÍDICOS DE LA LEPINA,COMISIÓN COORDINADORA DEL SECTOR JUSTICIA,UNIDAD TÉCNICA EJECUTIVA,EXCELENTE ,M1C4
DRTSC.2.522,GLOSARIO DE TÉRMINOS JURÍDICOS DE LA LEPINA,COMISIÓN COORDINADORA DEL SECTOR JUSTICIA,UNIDAD TÉCNICA EJECUTIVA,EXCELENTE ,M1C4
DRTSC.2.523,GLOSARIO DE TÉRMINOS JURÍDICOS DE LA LEPINA,COMISIÓN COORDINADORA DEL SECTOR JUSTICIA,UNIDAD TÉCNICA EJECUTIVA,EXCELENTE ,M1C4
DRTSC.2.524,GLOSARIO DE TÉRMINOS JURÍDICOS DE LA LEPINA,COMISIÓN COORDINADORA DEL SECTOR JUSTICIA,UNIDAD TÉCNICA EJECUTIVA,EXCELENTE ,M1C4
DRTSC.2.525,GLOSARIO DE TÉRMINOS JURÍDICOS DE LA LEPINA,COMISIÓN COORDINADORA DEL SECTOR JUSTICIA,UNIDAD TÉCNICA EJECUTIVA,EXCELENTE ,M1C4
DRTSC.2.526,GLOSARIO DE TÉRMINOS JURÍDICOS DE LA LEPINA,COMISIÓN COORDINADORA DEL SECTOR JUSTICIA,UNIDAD TÉCNICA EJECUTIVA,EXCELENTE ,M1C4
DRTSC.2.527,GLOSARIO DE TÉRMINOS JURÍDICOS DE LA LEPINA,COMISIÓN COORDINADORA DEL SECTOR JUSTICIA,UNIDAD TÉCNICA EJECUTIVA,EXCELENTE ,M1C4
DRTSC.2.528,GLOSARIO DE TÉRMINOS JURÍDICOS DE LA LEPINA,COMISIÓN COORDINADORA DEL SECTOR JUSTICIA,UNIDAD TÉCNICA EJECUTIVA,EXCELENTE ,M1C4
DRTSC.2.529,GLOSARIO DE TÉRMINOS JURÍDICOS DE LA LEPINA,COMISIÓN COORDINADORA DEL SECTOR JUSTICIA,UNIDAD TÉCNICA EJECUTIVA,EXCELENTE ,M1C4
DRTSC.2.530,GLOSARIO DE TÉRMINOS JURÍDICOS DE LA LEPINA,COMISIÓN COORDINADORA DEL SECTOR JUSTICIA,UNIDAD TÉCNICA EJECUTIVA,EXCELENTE ,M1C4
DRTSC.2.531,GLOSARIO DE TÉRMINOS JURÍDICOS DE LA LEPINA,COMISIÓN COORDINADORA DEL SECTOR JUSTICIA,UNIDAD TÉCNICA EJECUTIVA,EXCELENTE ,M1C4
DRTSC.2.532,INTRODUCCIÓN AL ESTUDIO DEL DERECHO,LEONEL PEREZNIETO CASTRO,EDITORIAL HARLA,EXCELENTE ,M1C4
DRTSC.2.533,MANUAL DE FILOSOFÍA DEL DERECHO,ARMANDO RIVERA BOLAÑOS,ARMANDO RIVERA BOLAÑOS,EXCELENTE ,M1C4
DRTSC.2.534,MANUAL DE FILOSOFÍA DEL DERECHO,ARMANDO RIVERA BOLAÑOS,ARMANDO RIVERA BOLAÑOS,EXCELENTE ,M1C4
DRTSC.2.535,LA JUSTICIA Y LA INJUSTICIA. PÍLDORAS DE SABIDURÍA,BRIGITTE LABBÉ  Y MICHEL PUECH,PANAMERICANA EDITORIAL,EXCELENTE ,M1C4
DRTSC.2.536,LA JUSTICIA Y LA INJUSTICIA. PÍLDORAS DE SABIDURÍA,BRIGITTE LABBÉ  Y MICHEL PUECH,PANAMERICANA EDITORIAL,EXCELENTE ,M1C4
DRTSC.2.537,CONSTITUCIÓN DE LA REPÚBLICA DE EL SALVADOR 1983. TOMO III,"DOCTOR GABRIEL MAURICIO GUTIÉRREZ CASTRO, DOCTOR  ROMEO MELARA GRANILLO",UNIDAD TÉCNICA EJECUTORA (U.T.E),EXCELENTE ,M1C4
DRTSC.2.538,"DERECHO CONSTITUCIONAL TRIBUTARIO: EL PRINCIPIO DE LA LEGALIDAD, 1883 - 1993 DIEZ AÑOS DE LA CONSTITUCIÓN DE EL SALVADOR TOMO V",ALVARO MAGAÑA,UNIDAD TÉCNICA EJECUTORA (U.T.E),EXCELENTE ,M1C4
DRTSC.2.539,"LAS CONSTITUCIONES DE LA REPÚBLICA DE EL SALVADOR 1824 - 1962, PRIMERA PARTE. TOMO II A","DOCTOR GABRIEL MAURICIO GUTIÉRREZ CASTRO, DOCTOR  ROMEO MELARA GRANILLO",UNIDAD TÉCNICA EJECUTORA (U.T.E),EXCELENTE ,M1C4
DRTSC.2.540,"LAS CONSTITUCIONES DE LA REPÚBLICA DE EL SALVADOR 1824 - 1962, SEGUNDA PARTE. TOMO II B","DOCTOR GABRIEL MAURICIO GUTIÉRREZ CASTRO, DOCTOR  ROMEO MELARA GRANILLO",UNIDAD TÉCNICA EJECUTORA (U.T.E),EXCELENTE ,M1C4
DRTSC.2.541,LAS CONSTITUCIONES DE LA REPÚBLICA FEDERAL DE CENTRO-AMERICA. TOMO I,"DOCTOR GABRIEL MAURICIO GUTIÉRREZ CASTRO, DOCTOR  ROMEO MELARA GRANILLO",UNIDAD TÉCNICA EJECUTORA (U.T.E),EXCELENTE ,M1C4
DRTSC.2.542,MI CONSTITUCIÓN CUMPLE 10 AÑOS,"DOCTOR GABRIEL MAURICIO GUTIÉRREZ CASTRO, DOCTOR  ROMEO MELARA GRANILLO",UNIDAD TÉCNICA EJECUTORA (U.T.E),EXCELENTE ,M1C4
DRTSC.2.543,NUESTRA ASAMBLEA LEGISLATIVA 1997 - 2000: GUÍA LEGISLATIVA,ASAMBLEA LEGISLATIVA,ASAMBLEA LEGISLATIVA,EXCELENTE ,M1C4
DRTSC.2.544,RECOPILACIÓN DE CONSTITUCIONES POLÍTICAS DE LOS PAÍSES MIEMBROS DEL SICA: TOMO I,ROMMELL ISMAEL SANDOVAL ROSALES,UNIVERSIDAD TECNOLÓGICA DE EL SALVADOR,EXCELENTE ,M1C4
DRTSC.2.545,RECOPILACIÓN DE CONSTITUCIONES POLÍTICAS DE LOS PAÍSES MIEMBROS DEL SICA: TOMO II,ROMMELL ISMAEL SANDOVAL ROSALES,UNIVERSIDAD TECNOLÓGICA DE EL SALVADOR,EXCELENTE ,M1C4
DRTSC.2.546,CONSTITUCIÓN Y LEYES PENALES CON REFORMAS INCORPORADAS 1995,LIC. RICARDO MENDOZA ORANTES,EDITORIAL JURÍDICA SALVADOREÑA,EXCELENTE ,M1C4
DRTSC.2.547,LA CONSTITUCIÓN PARA LOS NIÑOS:  Y GRANDOTES TAMBIÉN,LITO MONTALVO,LITO MONTALVO,EXCELENTE ,M1C4
DRTSC.2.548,LA CONSTITUCIÓN PARA LOS NIÑOS:  Y GRANDOTES TAMBIÉN,LITO MONTALVO,LITO MONTALVO,EXCELENTE ,M1C4
DRTSC.2.549,LA CONSTITUCIÓN PARA LOS NIÑOS:  Y GRANDOTES TAMBIÉN,LITO MONTALVO,LITO MONTALVO,EXCELENTE ,M1C4
DRTSC.2.550,LA CONSTITUCIÓN PARA LOS NIÑOS:  Y GRANDOTES TAMBIÉN,LITO MONTALVO,LITO MONTALVO,EXCELENTE ,M1C4
DRTSC.2.551,LA CONSTITUCIÓN PARA LOS NIÑOS:  Y GRANDOTES TAMBIÉN,LITO MONTALVO,LITO MONTALVO,EXCELENTE ,M1C4
DRTSC.2.552,LA CONSTITUCIÓN PARA LOS NIÑOS:  Y GRANDOTES TAMBIÉN,LITO MONTALVO,LITO MONTALVO,EXCELENTE ,M1C4
DRTSC.2.553,LA CONSTITUCIÓN PARA LOS NIÑOS:  Y GRANDOTES TAMBIÉN,LITO MONTALVO,LITO MONTALVO,EXCELENTE ,M1C4
DRTSC.2.554,LA CONSTITUCIÓN PARA LOS NIÑOS:  Y GRANDOTES TAMBIÉN,LITO MONTALVO,LITO MONTALVO,EXCELENTE ,M1C4
DRTSC.2.555,LA CONSTITUCIÓN PARA LOS NIÑOS:  Y GRANDOTES TAMBIÉN,LITO MONTALVO,LITO MONTALVO,EXCELENTE ,M1C4
DRTSC.2.556,"COMPILACIÓN DE ENSAYOS CERTAMEN NACIONAL DE INVESTIGACIÓN SOBRE NIÑEZ  Y ADOLESCENCIA 2012, 2013  Y 2014",ALBERTO QUIÑONEZ Y ALFREDO ORELLANA,ISNA EDITORES,EXCELENTE ,M1C4
DRTSC.2.557,"COMPILACIÓN DE ENSAYOS CERTAMEN NACIONAL DE INVESTIGACIÓN SOBRE NIÑEZ  Y ADOLESCENCIA 2012, 2013  Y 2014",ALBERTO QUIÑONEZ Y ALFREDO ORELLANA,ISNA EDITORES,EXCELENTE ,M1C4
DRTSC.2.558,"COMPILACIÓN DE ENSAYOS CERTAMEN NACIONAL DE INVESTIGACIÓN SOBRE NIÑEZ  Y ADOLESCENCIA 2012, 2013  Y 2014",ALBERTO QUIÑONEZ Y ALFREDO ORELLANA,ISNA EDITORES,EXCELENTE ,M1C4
DRTSC.2.559,"COMPILACIÓN DE ENSAYOS CERTAMEN NACIONAL DE INVESTIGACIÓN SOBRE NIÑEZ  Y ADOLESCENCIA 2012, 2013  Y 2014",ALBERTO QUIÑONEZ Y ALFREDO ORELLANA,ISNA EDITORES,EXCELENTE ,M1C4
DRTSC.2.560,"COMPILACIÓN DE ENSAYOS CERTAMEN NACIONAL DE INVESTIGACIÓN SOBRE NIÑEZ  Y ADOLESCENCIA 2012, 2013  Y 2014",ALBERTO QUIÑONEZ Y ALFREDO ORELLANA,ISNA EDITORES,EXCELENTE ,M1C4
DRTSC.2.561,LA PROTECCIÓN DEL BOSQUE: BIBLIOTECA JUVENIL DE ECOLOGÍA,ROSA COSTA-PAU,EDITORIAL PARRAMÓN,EXCELENTE ,M1C5
DRTSC.2.562,LEY GENERAL DE LOS DEPORTES DE EL SALVADOR,INSTITUTO NACIONAL DE LOS DEPORTES DE EL SALVADOR (INDES),H,EXCELENTE ,M1C5
DRTSC.2.563,ANTEPROYECTO DEL CÓDIGO PROCESAL PENAL (TEXTO PARA  CONSULTA NACIONAL),DIRECCIÓN GENERAL DE ASISTENCIA TECNICO JURÍDICA  (DGATJ),"COMISIÓN REDACTORA DEL CÓDIGO PROCESAL PENAL , MINISTERIO DE JUSTICIA",EXCELENTE ,M1C5
DRTSC.2.564,MEMORIA DE LA II CONFERENCIA IBEROAMERICANA SOBRE REFORMA DE LA JUSTICIA PENAL ,CENTRO DE INVESTIGACIÓN Y CAPACITACIÓN DEL PROYECTO DE REFORMA JUDICIAL,CENTRO DE INVESTIGACIÓN Y CAPACITACIÓN DEL PROYECTO DE REFORMA JUDICIAL,EXCELENTE ,M1C5
DRTSC.2.565,"MEMORIA ""CONFERENCIA IBEROAMERICANA SOBRE REFORMA DE LA JUSTICIA PENAL"" ",MINISTERIO DE JUSTICIA,MINISTERIO DE JUSTICIA,EXCELENTE ,M1C5
DRTSC.2.566,HOMENAJE A LOS DIEZ AÑOS DE VIGENCIA DE LA LEY PENAL JUVENIL,JAIME EMMANUEL VALLE TORRES,COMISIÓN COORDINADORA DEL SECTOR JUSTICIA,EXCELENTE ,M1C5
DRTSC.2.567,LEY ORGÁNICA JUDICIAL,CORTE SUPREMA DE JUSTICIA,CORTE  SUPREMA DE JUSTICIA SECCIÓN DE PUBLICACIONES,EXCELENTE ,M1C5
DRTSC.2.568,REGLAMENTO ESPECIAL PARA EL PROCESO DE ELECCIÓN DE LOS CANDIDATOS A MAGISTRADOS DE LA CORTE SUPREMA DE JUSTICIA PROPUESTOS POR LAS ENTIDADES REPRESENTATIVAS DE LOS ABOGADOS A CELEBRARSE EN EL AÑO 2006,FEDERACIÓN DE ASOCIACIONES DE ABOGADOS DE EL SALVADOR (FEDAES),CORTE  SUPREMA DE JUSTICIA SECCIÓN DE PUBLICACIONES,EXCELENTE ,M1C5
DRTSC.2.569,REGLAMENTO ESPECIAL PARA EL PROCESO DE ELECCIÓN DE LOS CANDIDATOS A MAGISTRADOS DE LA CORTE SUPREMA DE JUSTICIA PROPUESTOS POR LAS ENTIDADES REPRESENTATIVAS DE LOS ABOGADOS A CELEBRARSE EN EL AÑO 2006,FEDERACIÓN DE ASOCIACIONES DE ABOGADOS DE EL SALVADOR (FEDAES),CORTE  SUPREMA DE JUSTICIA SECCIÓN DE PUBLICACIONES,EXCELENTE ,M1C5
DRTSC.2.570,LEY GENERAL DE JUVENTUD Y REGLAMENTO,INSTITUTO NACIONAL DE LA JUVENTUD,IMPRENTA NACIONAL,EXCELENTE ,M1C5
DRTSC.2.571,LEY GENERAL DE JUVENTUD Y REGLAMENTO,INSTITUTO NACIONAL DE LA JUVENTUD,IMPRENTA NACIONAL,EXCELENTE ,M1C5
DRTSC.2.572,LEY GENERAL DE JUVENTUD Y REGLAMENTO,INSTITUTO NACIONAL DE LA JUVENTUD,IMPRENTA NACIONAL,EXCELENTE ,M1C5
DRTSC.2.573,LEY GENERAL DE JUVENTUD Y REGLAMENTO,INSTITUTO NACIONAL DE LA JUVENTUD,IMPRENTA NACIONAL,EXCELENTE ,M1C5
DRTSC.2.574,LEY GENERAL DE JUVENTUD Y REGLAMENTO,INSTITUTO NACIONAL DE LA JUVENTUD,IMPRENTA NACIONAL,EXCELENTE ,M1C5
DRTSC.2.575,LEY ESPECIAL CONTRA LA TRATA DE PERSONAS DE EL SALVADOR Y SU REGLAMENTO,CONSEJO NACIONAL CONTRA LA TRATA DE PERSONAS  EL SALVADOR,TALLERES GRÁFICOS UCA,EXCELENTE ,M1C5
DRTSC.2.576,GUÍA PARA EL ESTUDIO DE LOS CONTRATOS CIVILES Y DE COMERCIO MODERNO,S/A,S/E,EXCELENTE ,M1C5
DRTSC.2.577,LAS MARCAS Y OTROS SIGNOS DISTINTIVOS: EL SALVADOR,"REGISTRO DE LA PROPIEDAD INTELECTUAL, CENTRO NACIONAL DE REGISTROS (CNR)",SECRETARÍA DE INTEGRACIÓN ECONÓMICA,EXCELENTE ,M1C5
DRTSC.2.578,NOCIONES DE DERECHO HEREDITARIO,ROBERTO ROMERO CARRILLO,MINISTERIO DE SEGURIDAD PÚBLICA Y JUSTICIA,EXCELENTE ,M1C5
DRTSC.2.579,NOCIONES DE DERECHO HEREDITARIO,ROBERTO ROMERO CARRILLO,MINISTERIO DE SEGURIDAD PÚBLICA Y JUSTICIA,EXCELENTE ,M1C5
DRTSC.2.580,"LEY DE FOMENTO, PROTECCIÓN Y DESARROLLO PARA LA MICRO Y PEQUEÑA EMPRESA",CONAMYPE,-,EXCELENTE ,M1C5
DRTSC.2.581,BASES PARA UN SISTEMA DE PRECEDENTES JUDICIALES,LUIS GUILHERME MARINONI,EDITORIAL CUSCATLECA,EXCELENTE ,M1C5
DRTSC.2.582,TEORÍA GENERAL DE LAS OBLIGACIONES: ADAPTADA A LA LEGISLACIÓN SALVADOREÑA POR EL DR. ATILIO RIGOBERTO QUINTANILLA,ATILIO RIGOBERTO QUINTANILLA,S/E,EXCELENTE ,M1C5
DRTSC.2.583,LEY TRANSITORIA PARA REGULAR LA TRAMITACIÓN DE LOS PROCESOS PENALES Y OCURSOS DE GRACIA INICIADOS ANTES DEL 20 DE ABRIL DE 1998 Y REFORMAS A LA LEY ORGÁNICA JUDICIAL,CORTE SUPREMA DE JUSTICIA,CORTE SUPREMA DE JUSTICIA,EXCELENTE ,M1C5
DRTSC.2.584,LEY DE INTERMEDIARIOS FINANCIEROS NO BANCARIOS,ASAMBLEA LEGISLATIVA DE EL SALVADOR ,SUPERINTENDENCIA DEL SISTEMA FINANCIERO,EXCELENTE ,M1C5
DRTSC.2.585,LEY GENERAL TRIBUTARIA MUNICIPAL,DR. GUILLERMO MANUEL UNGO,FUNDAUNGO,EXCELENTE ,M1C5
DRTSC.2.586,CÓDIGO DE FAMILIA / LEY PROCESAL DE FAMILIA,CORTE SUPREMA DE JUSTICIA,SECCIÓN DE PUBLICACIONES DE LA CORTE SUPREMA DE JUSTICIA,EXCELENTE ,M1C5
DRTSC.2.587,DIVULGACIÓN DE LOS DERECHOS DE LA MUJER: PARA UN LIDERAZGO EFECTIVO,COMISIÓN INTERAMERICANA DE MUJERES DELEGACIÓN DE EL SALVADOR ANTE LA OEA,UNIDAD TECNICA EJECUTIVA DEL SECTOR JUSTICIA (UTE),EXCELENTE ,M1C5
DRTSC.2.588,LÍNEAS Y CRITERIOS JURISPRUDENCIALES DE CONFLICTOS DE COMPETENCIA EN MATERIAS DE DERECHO PRIVADO Y SOCIAL 2018 - 2020,CORTE SUPREMA DE JUSTICIA,CORTE SUPREMA DE JUSTICIA,EXCELENTE ,M1C5
DRTSC.2.589,LÍNEAS Y CRITERIOS JURISPRUDENCIALES DE LA SALA CIVIL 2018,CORTE SUPREMA DE JUSTICIA,CORTE SUPREMA DE JUSTICIA,EXCELENTE ,M1C5
DRTSC.2.590,LEY DE ACCESO A LA INFORMACIÓN PÚBLICA (LAIP),UNIDAD TÉCNICA EJECUTIVA DEL SECTOR JUSTICIA,"JOSÉ SALOMÓN PADILLA, JOSÉ RICARDO PERDOMO, LUIS ANTONIO MARTÍNEZ GONZÁLEZ",EXCELENTE ,M1C5
DRTSC.2.591,LEY DE BANCOS,SUPERINTENDENCIA DEL SISTEMA FINANCIERO (SSF),EDITORIAL MAYA,EXCELENTE ,M1C5
DRTSC.2.592,"LEY DE IGUALDAD, EQUIDAD Y ERRADICACIÓN DE LA DISCRIMINACIÓN CONTRA LAS MUJERES",ASAMBLEA LEGISLATIVA DE EL SALVADOR,MINISTERIO DE TRABAJO Y PREVISIÓN SOCIAL,EXCELENTE ,M1C5
DRTSC.2.593,"LEY DE IGUALDAD, EQUIDAD Y ERRADICACIÓN DE LA DISCRIMINACIÓN CONTRA LAS MUJERES",ASAMBLEA LEGISLATIVA DE EL SALVADOR,MINISTERIO DE TRABAJO Y PREVISIÓN SOCIAL,EXCELENTE ,M1C5
DRTSC.2.594,LEY DE SOCIEDADES DE SEGUROS Y SU REGLAMENTO,SUPERINTENDENCIA DEL SISTEMA FINANCIERO (SSF),EDITORIAL MAYA,EXCELENTE ,M1C5
DRTSC.2.595,NORMATIVA TÉCNICA SALVADOREÑA NTS 11.69.01:14. ACCESIBILIDAD AL MEDIO FÍSICO. URBANISMO Y ARQUITECTURA. REQUISITOS,ORGANISMO SALVADOREÑO DE NORMALIZACIÓN (OSN),ORGANISMO SALVADOREÑO DE NORMALIZACIÓN (OSN),EXCELENTE ,M1C5
DRTSC.2.596,NUEVO CÓDIGO PROCESAL PENAL,LI. RICARDO MENDOZA ORANTES,EDITORIAL JURÍDICA SALVADOREÑA,EXCELENTE ,M1C5
DRTSC.2.597,RECOPILACIÓN DE NORMATIVA DE NIÑEZ Y ADOLESCENCIA EN EL SALVADOR,CONSEJO NACIONAL DE LA NIÑEZ Y ADOLESCENCIA (CONNA),UNICEF EL SALVADOR,EXCELENTE ,M1C5
DRTSC.2.598,RECOPILACIÓN DE NORMATIVAS NACIONALES E INTERNACIONALES RELACIONADAS A LA PERSONA ADULTA MAYOR,SECRETARIA DE INCLUSIÓN SOCIAL / DIRECCIÓN DE PERSONAL ADULTAS MAYORES,- ,EXCELENTE ,M1C5
DRTSC.2.599,HACIA LA CONSTRUCCIÓN DEL DESARROLLO LOCAL Y LA DESCENTRALIZACIÓN DEL ESTADO: UNA PROPUESTA A LA NACIÓN,RED PARA EL DESARROLLO LOCAL (RDL),RED PARA EL DESARROLLO LOCAL (RDL),EXCELENTE ,M1C5
DRTSC.2.600,PARTICIPACIÓN Y PLANEACIÓN: HERRAMIENTAS PARA FORTALECER LA DEMOCRACIA,JOSÉ MIGUEL VILLARREAL BARÓN,EDITORIAL TIEMPO DE LEER,EXCELENTE ,M1C5
DRTSC.2.601,PARTICIPACIÓN Y PLANEACIÓN: HERRAMIENTAS PARA FORTALECER LA DEMOCRACIA,JOSÉ MIGUEL VILLARREAL BARÓN,EDITORIAL TIEMPO DE LEER,EXCELENTE ,M1C5
DRTSC.2.602,PROPUESTA PARA EL IMPULSO DE UN PROCESO DE DESCENTRALIZACIÓN EN EL SALVADOR,ALBERTO ENRÍQUEZ VILLACORTA,FUNDE,EXCELENTE ,M1C5
DRTSC.2.603,PROPUESTA PARA EL IMPULSO DE UN PROCESO DE DESCENTRALIZACIÓN EN EL SALVADOR,ALBERTO ENRÍQUEZ VILLACORTA,FUNDE,EXCELENTE ,M1C5
DRTSC.2.604,LA EXPERIENCIA DE DESCONCENTRACIÓN DE SERVICIOS EN EL MUNICIPIO DE SAN SALVADOR,VÍCTOR ANTONIO ORELLANA,FUNDAUNGO,EXCELENTE ,M1C5
DRTSC.2.605,LA EXPERIENCIA DE DESCONCENTRACIÓN DE SERVICIOS EN EL MUNICIPIO DE SAN SALVADOR,VÍCTOR ANTONIO ORELLANA,FUNDAUNGO,EXCELENTE ,M1C5
DRTSC.2.606,LA PLANEACIÓN LOCAL: ESPACIOS PARA LA PARTICIPACIÓN CIUDADANA Y COMUNITARIA (INCLUYE CD),JOSÉ MIGUEL VILLARREAL BARÓN,EDITORIAL TIEMPO DE LEER,EXCELENTE ,M1C5
DRTSC.2.607,LA PLANEACIÓN LOCAL: ESPACIOS PARA LA PARTICIPACIÓN CIUDADANA Y COMUNITARIA (INCLUYE CD),JOSÉ MIGUEL VILLARREAL BARÓN,EDITORIAL TIEMPO DE LEER,EXCELENTE ,M1C5
DRTSC.2.608,LA PROBLEMÁTICA URBANA: LOS CASOS DE LAS ZONAS COMERCIALES DE SAN SALVADOR Y NUEVA SAN SALVADOR,INSTITUTO SALVADOREÑO DE ADMINISTRACIÓN MUNICIAPAL (ISAM),EDITORIAL ÉPOCA,EXCELENTE ,M1C5
DRTSC.2.609,LA PROBLEMÁTICA URBANA: LOS CASOS DE LAS ZONAS COMERCIALES DE SAN SALVADOR Y NUEVA SAN SALVADOR,INSTITUTO SALVADOREÑO DE ADMINISTRACIÓN MUNICIAPAL (ISAM),EDITORIAL ÉPOCA,EXCELENTE ,M1C5
DRTSC.2.610,MANUAL DE PLANIFICACIÓN DE PROGRAMAS DE COMUNICACIÓN Y EDUCACIÓN AMBIENTAL: PROYECTO PILOTO DE DESCENTRALIZACIÓN DE LA GESTIÓN AMBIENTAL EN CUATRO MUNICIPIOS DE EL SALVADOR,MINISTERIO DE MEDIO AMBIENTE Y RECURSOS NATURALES,EDITORIAL MAYA,EXCELENTE ,M1C5
DRTSC.2.611,POLÍTICA METROPOLITANA DE SEGURIDAD URBANA,FIDER ERNESTO FUENTES CALDERON,COAMSS,EXCELENTE ,M1C5
DRTSC.2.612,POLÍTICA METROPOLITANA DE SEGURIDAD URBANA,FIDER ERNESTO FUENTES CALDERON,COAMSS,EXCELENTE ,M1C5
DRTSC.2.613,POLÍTICA METROPOLITANA DE SEGURIDAD URBANA,FIDER ERNESTO FUENTES CALDERON,COAMSS,EXCELENTE ,M1C5
DRTSC.2.614,POLÍTICA MUNICIPAL DE CONVIVENCIA Y SEGURIDAD CIUDADANA SAN JUAN OPICO,"REYNA DEL CARMEN CRUZ GARCIA, AIDA DEL CARMEN ARACELY MELÉNDEZ Y GERMÁN ALBERTO BENÍTEZ ",INICIATIVA SOCIAL PARA LA DEMOCRACIA (ISD),EXCELENTE ,M1C5
DRTSC.2.615,POLÍTICA MUNICIPAL. PARA LA NIÑEZ Y ADOLESCENCIA DEL MUNICIPIO DE TECOLUCA,FUNDACION NACIONAL PARA EL DESARROLLO (FUNDE),FUNDACION NACIONAL PARA EL DESARROLLO (FUNDE),EXCELENTE ,M1C5
DRTSC.2.616,POLÍTICA MUNICIPAL. PARA LA NIÑEZ Y ADOLESCENCIA DEL MUNICIPIO DE TECOLUCA,FUNDACION NACIONAL PARA EL DESARROLLO (FUNDE),FUNDACION NACIONAL PARA EL DESARROLLO (FUNDE),EXCELENTE ,M1C5
DRTSC.2.617,RESUMEN PLAMADUR AMSSA: PLAN MAESTRO DE DESARROLLO URBANO DEL ÁREA METROPOLITANA DE SAN SALVADOR AMPLIADA,FABRIZIO BRUTTI,FLACSO / FUNDAUNGO,EXCELENTE ,M1C5
DRTSC.2.618,PROPUESTA DE MODELO: MEJORA DE LA GESTIÓN TRIBUTARIA MUNICIPAL,"DEMUCA, COMURES",FUNDACIÓN DEMUCA,EXCELENTE ,M1C5
DRTSC.2.619,MANUAL PARA LA FORMULACIÓN DE ORDENANZAS MUNICIPALES AMBIENTALES,MINISTERIO DE MEDIO AMBIENTE Y RECURSOS NATURALES,IMPRENTA CRITERIO,EXCELENTE ,M1C5
DRTSC.2.620,LA ADMINISTRACIÓN CLINTON,NO IDENTIFICADO,NO IDENTIFICADO,EXCELENTE ,M1C5
DRTSC.2.621,LA ADMINISTRACIÓN CLINTON,NO IDENTIFICADO,NO IDENTIFICADO,EXCELENTE ,M1C5
DRTSC.2.622,"GUÍA DE ESTÁNDARES PARA EL PERSONAL DE LAS ENTIDADES PÚBLICAS Y PRIVADAS QUE SE OCUPAN DE LA PROTECCIÓN DE DERECHOS DE NIÑAS, NIÑOS Y ADOLESCENTES: APLICACIÓN DE DIRECTRICES DE LAS NACIONES UNIDAS SOBRE LAS MODALIDADES ALTERNATIVAS DE CUIDADO DE LOS NIÑOS",RED LATINOAMERICANA DE ACOGIMIENTO FAMILIAR (RELAF) / FONDO DE LAS NACIONES UNIDAS PARA LA INFANCIA (UNICEF),RELAF / UNICEF,EXCELENTE ,M1D1
DRTSC.2.623,"GUÍA DE ESTÁNDARES PARA EL PERSONAL DE LAS ENTIDADES PÚBLICAS Y PRIVADAS QUE SE OCUPAN DE LA PROTECCIÓN DE DERECHOS DE NIÑAS, NIÑOS Y ADOLESCENTES: APLICACIÓN DE DIRECTRICES DE LAS NACIONES UNIDAS SOBRE LAS MODALIDADES ALTERNATIVAS DE CUIDADO DE LOS NIÑOS",RED LATINOAMERICANA DE ACOGIMIENTO FAMILIAR (RELAF) / FONDO DE LAS NACIONES UNIDAS PARA LA INFANCIA (UNICEF),RELAF / UNICEF,EXCELENTE ,M1D1
DRTSC.2.624,"GUÍA DE ESTÁNDARES PARA EL PERSONAL DE LAS ENTIDADES PÚBLICAS Y PRIVADAS QUE SE OCUPAN DE LA PROTECCIÓN DE DERECHOS DE NIÑAS, NIÑOS Y ADOLESCENTES: APLICACIÓN DE DIRECTRICES DE LAS NACIONES UNIDAS SOBRE LAS MODALIDADES ALTERNATIVAS DE CUIDADO DE LOS NIÑOS",RED LATINOAMERICANA DE ACOGIMIENTO FAMILIAR (RELAF) / FONDO DE LAS NACIONES UNIDAS PARA LA INFANCIA (UNICEF),RELAF / UNICEF,EXCELENTE ,M1D1
DRTSC.2.625,"GUÍA DE ESTÁNDARES PARA EL PERSONAL DE LAS ENTIDADES PÚBLICAS Y PRIVADAS QUE SE OCUPAN DE LA PROTECCIÓN DE DERECHOS DE NIÑAS, NIÑOS Y ADOLESCENTES: APLICACIÓN DE DIRECTRICES DE LAS NACIONES UNIDAS SOBRE LAS MODALIDADES ALTERNATIVAS DE CUIDADO DE LOS NIÑOS",RED LATINOAMERICANA DE ACOGIMIENTO FAMILIAR (RELAF) / FONDO DE LAS NACIONES UNIDAS PARA LA INFANCIA (UNICEF),RELAF / UNICEF,EXCELENTE ,M1D1
DRTSC.2.626,"GUÍA DE ESTÁNDARES PARA EL PERSONAL DE LAS ENTIDADES PÚBLICAS Y PRIVADAS QUE SE OCUPAN DE LA PROTECCIÓN DE DERECHOS DE NIÑAS, NIÑOS Y ADOLESCENTES: APLICACIÓN DE DIRECTRICES DE LAS NACIONES UNIDAS SOBRE LAS MODALIDADES ALTERNATIVAS DE CUIDADO DE LOS NIÑOS",RED LATINOAMERICANA DE ACOGIMIENTO FAMILIAR (RELAF) / FONDO DE LAS NACIONES UNIDAS PARA LA INFANCIA (UNICEF),RELAF / UNICEF,EXCELENTE ,M1D1
DRTSC.2.627,EL NUEVO CONCEPTO DE LA SEGURIDAD NACIONAL SALVADOREÑA,CENTRO DE ESTUDIOS DEMOCRÁTICOS (CEDEM),FUNDACIÓN HANNS SEIDEL,EXCELENTE ,M1D1
DRTSC.2.628,EL ARTE DE LA GUERRA,SUN TZU,GRADIFCO,EXCELENTE ,M1D1
DRTSC.2.629,EL ARTE DE LA GUERRA,SUN TZU,MESTAS EDICIONES,EXCELENTE ,M1D1
DRTSC.2.630,"IMAGINARIO COLECTIVO, MOVIMIENTOS JUVENILES Y CULTURA CIUDADANA JUVENIL EN EL SALVADOR","SAÚL CAMPOS MORÁN, PAOLA MARÍA NAVARRETE, CARLOS FELIPE OSEGUEDA",UNIVERSIDAD TECNOLÓGICA DE EL SALVADOR,EXCELENTE ,M1D1
DRTSC.2.631,"INFORME CONSOLIDADO 2013: SOBRE LOS PROGRAMAS EJECUTADOS POR LOS MIEMBROS DE LA RED DE ATENCIÓN COMPARTIDA, ART. 176 LEPINA","CARLOS TITO LÓPEZ, MANUEL ANTONIO SÁNCHEZ ESTRADA Y JOSÉ ALBERTO QUIÑONEZ CASTRO",ISNA EDICIONES,EXCELENTE ,M1D1
DRTSC.2.632,"INFORME CONSOLIDADO 2013: SOBRE LOS PROGRAMAS EJECUTADOS POR LOS MIEMBROS DE LA RED DE ATENCIÓN COMPARTIDA, ART. 176 LEPINA","CARLOS TITO LÓPEZ, MANUEL ANTONIO SÁNCHEZ ESTRADA Y JOSÉ ALBERTO QUIÑONEZ CASTRO",ISNA EDICIONES,EXCELENTE ,M1D1
DRTSC.2.633,"INFORME CONSOLIDADO 2013: SOBRE LOS PROGRAMAS EJECUTADOS POR LOS MIEMBROS DE LA RED DE ATENCIÓN COMPARTIDA, ART. 176 LEPINA","CARLOS TITO LÓPEZ, MANUEL ANTONIO SÁNCHEZ ESTRADA Y JOSÉ ALBERTO QUIÑONEZ CASTRO",ISNA EDICIONES,EXCELENTE ,M1D1
DRTSC.2.634,"INFORME CONSOLIDADO 2013: SOBRE LOS PROGRAMAS EJECUTADOS POR LOS MIEMBROS DE LA RED DE ATENCIÓN COMPARTIDA, ART. 176 LEPINA","CARLOS TITO LÓPEZ, MANUEL ANTONIO SÁNCHEZ ESTRADA Y JOSÉ ALBERTO QUIÑONEZ CASTRO",ISNA EDICIONES,EXCELENTE ,M1D1
DRTSC.2.635,"INFORME ANUAL CONSOLIDADO 2014: SOBRE LOS PROGRAMAS EJECUTADOS POR LOS MIEMBROS DE LA RED DE ATENCIÓN  COMPARTIDA, ART. 176 LEPINA","CARLOS TITO LÓPEZ, MANUEL ANTONIO SÁNCHEZ Y JOSÉ ALBERTO QUIÑONEZ CASTRO",ISNA EDICIONES,EXCELENTE ,M1D1
DRTSC.2.636,"INFORME ANUAL CONSOLIDADO 2014: SOBRE LOS PROGRAMAS EJECUTADOS POR LOS MIEMBROS DE LA RED DE ATENCIÓN  COMPARTIDA, ART. 176 LEPINA","CARLOS TITO LÓPEZ, MANUEL ANTONIO SÁNCHEZ Y JOSÉ ALBERTO QUIÑONEZ CASTRO",ISNA EDICIONES,EXCELENTE ,M1D1
DRTSC.2.637,INFORME ANUAL CONSOLIDADO DE LAS ENTIDADES DE ATENCIÓN A LA NIÑEZ Y LA ADOLESCENCIA 2015: EN CUMPLIMIENTO DEL ART. 176 LEPINA,"CARLOS TITO LÓPEZ, MANUEL ANTONIO SÁNCHEZ ESTRADA Y JOSÉ ALBERTO QUIÑONEZ CASTRO",ISNA EDICIONES,EXCELENTE ,M1D1
DRTSC.2.638,INFORME ANUAL CONSOLIDADO DE LAS ENTIDADES DE ATENCIÓN A LA NIÑEZ Y LA ADOLESCENCIA 2015: EN CUMPLIMIENTO DEL ART. 176 LEPINA,"CARLOS TITO LÓPEZ, MANUEL ANTONIO SÁNCHEZ ESTRADA Y JOSÉ ALBERTO QUIÑONEZ CASTRO",ISNA EDICIONES,EXCELENTE ,M1D1
DRTSC.2.639,INFORME ANUAL CONSOLIDADO DE LAS ENTIDADES DE ATENCIÓN A LA NIÑEZ Y LA ADOLESCENCIA 2015: EN CUMPLIMIENTO DEL ART. 176 LEPINA,"CARLOS TITO LÓPEZ, MANUEL ANTONIO SÁNCHEZ ESTRADA Y JOSÉ ALBERTO QUIÑONEZ CASTRO",ISNA EDICIONES,EXCELENTE ,M1D1
DRTSC.2.640,INFORME ANUAL CONSOLIDADO DE LAS ENTIDADES DE ATENCIÓN A LA NIÑEZ Y LA ADOLESCENCIA 2015: EN CUMPLIMIENTO DEL ART. 176 LEPINA,"CARLOS TITO LÓPEZ, MANUEL ANTONIO SÁNCHEZ ESTRADA Y JOSÉ ALBERTO QUIÑONEZ CASTRO",ISNA EDICIONES,EXCELENTE ,M1D1
DRTSC.2.641,INFORME ANUAL CONSOLIDADO DE LAS ENTIDADES DE ATENCIÓN A LA NIÑEZ Y LA ADOLESCENCIA 2015: EN CUMPLIMIENTO DEL ART. 176 LEPINA,"CARLOS TITO LÓPEZ, MANUEL ANTONIO SÁNCHEZ ESTRADA Y JOSÉ ALBERTO QUIÑONEZ CASTRO",ISNA EDICIONES,EXCELENTE ,M1D1
DRTSC.2.642,INFORME ANUAL CONSOLIDADO DE LAS ENTIDADES DE ATENCIÓN A LA NIÑEZ Y LA ADOLESCENCIA 2015: EN CUMPLIMIENTO DEL ART. 176 LEPINA,"CARLOS TITO LÓPEZ, MANUEL ANTONIO SÁNCHEZ ESTRADA Y JOSÉ ALBERTO QUIÑONEZ CASTRO",ISNA EDICIONES,EXCELENTE ,M1D1
DRTSC.2.643,INFORME ANUAL CONSOLIDADO DE LAS ENTIDADES DE ATENCIÓN A LA NIÑEZ Y LA ADOLESCENCIA 2015: EN CUMPLIMIENTO DEL ART. 176 LEPINA,"CARLOS TITO LÓPEZ, MANUEL ANTONIO SÁNCHEZ ESTRADA Y JOSÉ ALBERTO QUIÑONEZ CASTRO",ISNA EDICIONES,EXCELENTE ,M1D1
DRTSC.2.644,"INFORME CONSOLIDADO 2018: SOBRE LOS PROGRAMAS EJECUTADOS POR LOS MIEMBROS DE LA RED DE ATENCIÓN COMPARTIDA, ART. 176 LEPINA","SAMUEL ERNESTO CARIAS HERRERA, MANUEL ANTONIO SÁNCHEZ ESTRADA, ALBERTO QUIÑONEZ CASTRO",ISNA EDICIONES,EXCELENTE ,M1D1
DRTSC.2.645,"INFORME CONSOLIDADO 2018: SOBRE LOS PROGRAMAS EJECUTADOS POR LOS MIEMBROS DE LA RED DE ATENCIÓN COMPARTIDA, ART. 176 LEPINA","SAMUEL ERNESTO CARIAS HERRERA, MANUEL ANTONIO SÁNCHEZ ESTRADA, ALBERTO QUIÑONEZ CASTRO",ISNA EDICIONES,EXCELENTE ,M1D1
DRTSC.2.646,"INFORME CONSOLIDADO 2018: SOBRE LOS PROGRAMAS EJECUTADOS POR LOS MIEMBROS DE LA RED DE ATENCIÓN COMPARTIDA, ART. 176 LEPINA","SAMUEL ERNESTO CARIAS HERRERA, MANUEL ANTONIO SÁNCHEZ ESTRADA, ALBERTO QUIÑONEZ CASTRO",ISNA EDICIONES,EXCELENTE ,M1D1
DRTSC.2.647,"INFORME CONSOLIDADO 2018: SOBRE LOS PROGRAMAS EJECUTADOS POR LOS MIEMBROS DE LA RED DE ATENCIÓN COMPARTIDA, ART. 176 LEPINA","SAMUEL ERNESTO CARIAS HERRERA, MANUEL ANTONIO SÁNCHEZ ESTRADA, ALBERTO QUIÑONEZ CASTRO",ISNA EDICIONES,EXCELENTE ,M1D1
DRTSC.2.648,"INFORME CONSOLIDADO 2018: SOBRE LOS PROGRAMAS EJECUTADOS POR LOS MIEMBROS DE LA RED DE ATENCIÓN COMPARTIDA, ART. 176 LEPINA","SAMUEL ERNESTO CARIAS HERRERA, MANUEL ANTONIO SÁNCHEZ ESTRADA, ALBERTO QUIÑONEZ CASTRO",ISNA EDICIONES,EXCELENTE ,M1D1
DRTSC.2.649,"INFORME CONSOLIDADO 2018: SOBRE LOS PROGRAMAS EJECUTADOS POR LOS MIEMBROS DE LA RED DE ATENCIÓN COMPARTIDA, ART. 176 LEPINA","SAMUEL ERNESTO CARIAS HERRERA, MANUEL ANTONIO SÁNCHEZ ESTRADA, ALBERTO QUIÑONEZ CASTRO",ISNA EDICIONES,EXCELENTE ,M1D1
DRTSC.2.650,"INFORME CONSOLIDADO 2018: SOBRE LOS PROGRAMAS EJECUTADOS POR LOS MIEMBROS DE LA RED DE ATENCIÓN COMPARTIDA, ART. 176 LEPINA","SAMUEL ERNESTO CARIAS HERRERA, MANUEL ANTONIO SÁNCHEZ ESTRADA, ALBERTO QUIÑONEZ CASTRO",ISNA EDICIONES,EXCELENTE ,M1D1
DRTSC.2.651,PRIMERA ENCUESTA DE PREVALENCIA DE CONSUMO DE DROGAS EN ESCOLARES DE EDUCACIÓN BÁSICA Y MEDIA DE CENTROS ESCOLARES URBANOS 2003,COMISIÓN NACIONAL ANTIDROGAS EL SALVADOR,S/N,EXCELENTE ,M1D1
DRTSC.2.652,PRIMERA ENCUESTA DE PREVALENCIA DE CONSUMO DE DROGAS EN ESCOLARES DE EDUCACIÓN BÁSICA Y MEDIA DE CENTROS ESCOLARES URBANOS 2003,COMISIÓN NACIONAL ANTIDROGAS EL SALVADOR,S/N,EXCELENTE ,M1D1
DRTSC.2.653,ESTUDIO NACIONAL SOBRE EL CONSUMO DE DROGAS EN POBLACIÓN GENERAL DE EL SALVADOR 2014,"MARIO ERNESTO LÓPEZ LÓPEZ, ALMA CECILIA ESCOBAR DE MENA",COMISIÓN NACIONAL ANTIGROGAS,EXCELENTE ,M1D1
DRTSC.2.654,ESTUDIO NACIONAL SOBRE EL CONSUMO DE DROGAS EN POBLACIÓN GENERAL DE EL SALVADOR 2014,"MARIO ERNESTO LÓPEZ LÓPEZ, ALMA CECILIA ESCOBAR DE MENA",COMISIÓN NACIONAL ANTIGROGAS,EXCELENTE ,M1D1
DRTSC.2.655,ESTUDIO ONLINE SOBRE CONSUMO DE DROGAS EN LA POBLACIÓN ESTUDIANTIL DE UNA UNIVERSIDAD PRIVADA DE EL SALVADOR,FLABIO BAUTISTA PÉREZ,UNIVERSIDAD EVANGÉLICA DE EL SALVADOR,EXCELENTE ,M1D1
DRTSC.2.656,ALCOHÓLICOS ANÓNIMOS,"COMITÉ DEPARTAMENTAL DE SERVICIO GENERAL, ALCOHOLICOS ANÓNIMOS",ALCOHOLICS ANONYMUS WORLD SERVICES ,EXCELENTE ,M1D1
DRTSC.2.657,LA POBREZA EN EL SALVADOR: DESDE LA MIRADA DE SUS PROTAGONISTAS,PROGRAMA DE LAS NACIONES UNIDAS PARA EL DESARROLLO (PNUD),PNUD,EXCELENTE ,M1D1
DRTSC.2.658,ELEMENTOS INICIALES PARA UNA ESTRATEGIA DE INSERCIÓN ECONÓMICA Y SOCIAL DE ADOLESCENTES Y JÓVENES EN EL SALVADOR,"ALBERTO QUIÑONEZ, ALFREDO ORELLANA",ISNA EDICIONES,EXCELENTE ,M1D1
DRTSC.2.659,ELEMENTOS INICIALES PARA UNA ESTRATEGIA DE INSERCIÓN ECONÓMICA Y SOCIAL DE ADOLESCENTES Y JÓVENES EN EL SALVADOR,"ALBERTO QUIÑONEZ, ALFREDO ORELLANA",ISNA EDICIONES,EXCELENTE ,M1D1
DRTSC.2.660,ELEMENTOS INICIALES PARA UNA ESTRATEGIA DE INSERCIÓN ECONÓMICA Y SOCIAL DE ADOLESCENTES Y JÓVENES EN EL SALVADOR,"ALBERTO QUIÑONEZ, ALFREDO ORELLANA",ISNA EDICIONES,EXCELENTE ,M1D1
DRTSC.2.661,ELEMENTOS INICIALES PARA UNA ESTRATEGIA DE INSERCIÓN ECONÓMICA Y SOCIAL DE ADOLESCENTES Y JÓVENES EN EL SALVADOR,"ALBERTO QUIÑONEZ, ALFREDO ORELLANA",ISNA EDICIONES,EXCELENTE ,M1D1
DRTSC.2.662,ELEMENTOS INICIALES PARA UNA ESTRATEGIA DE INSERCIÓN ECONÓMICA Y SOCIAL DE ADOLESCENTES Y JÓVENES EN EL SALVADOR,"ALBERTO QUIÑONEZ, ALFREDO ORELLANA",ISNA EDICIONES,EXCELENTE ,M1D1
DRTSC.2.663,ELEMENTOS INICIALES PARA UNA ESTRATEGIA DE INSERCIÓN ECONÓMICA Y SOCIAL DE ADOLESCENTES Y JÓVENES EN EL SALVADOR,"ALBERTO QUIÑONEZ, ALFREDO ORELLANA",ISNA EDICIONES,EXCELENTE ,M1D1
DRTSC.2.664,INCIDENCIA DEL MALTRATO PSICOLÓGICO EN EL CLIMA ESCOLAR DE ADOLESCENTES,"ALBERTO QUIÑONEZ, YANIRA RODRÍGUEZ Y MIGUEL ÁNGEL PLEÍTEZ ",ISNA EDICIONES,EXCELENTE ,M1D1
DRTSC.2.665,INCIDENCIA DEL MALTRATO PSICOLÓGICO EN EL CLIMA ESCOLAR DE ADOLESCENTES,"ALBERTO QUIÑONEZ, YANIRA RODRÍGUEZ Y MIGUEL ÁNGEL PLEÍTEZ ",ISNA EDICIONES,EXCELENTE , M1D1
DRTSC.2.666,INCIDENCIA DEL MALTRATO PSICOLÓGICO EN EL CLIMA ESCOLAR DE ADOLESCENTES,"ALBERTO QUIÑONEZ, YANIRA RODRÍGUEZ Y MIGUEL ÁNGEL PLEÍTEZ ",ISNA EDICIONES,EXCELENTE ,M1D1
DRTSC.2.667,INCIDENCIA DEL MALTRATO PSICOLÓGICO EN EL CLIMA ESCOLAR DE ADOLESCENTES,"ALBERTO QUIÑONEZ, YANIRA RODRÍGUEZ Y MIGUEL ÁNGEL PLEÍTEZ ",ISNA EDICIONES,EXCELENTE ,M1D1
DRTSC.2.668,INCIDENCIA DEL MALTRATO PSICOLÓGICO EN EL CLIMA ESCOLAR DE ADOLESCENTES,"ALBERTO QUIÑONEZ, YANIRA RODRÍGUEZ Y MIGUEL ÁNGEL PLEÍTEZ ",ISNA EDICIONES,EXCELENTE ,M1D1
DRTSC.2.669,INCIDENCIA DEL MALTRATO PSICOLÓGICO EN EL CLIMA ESCOLAR DE ADOLESCENTES,"ALBERTO QUIÑONEZ, YANIRA RODRÍGUEZ Y MIGUEL ÁNGEL PLEÍTEZ ",ISNA EDICIONES,EXCELENTE ,M1D1
DRTSC.2.670,LA RESTITUCIÓN DE DERECHOS DE LA NIÑEZ Y ADOLESCENCIA VÍCTIMA DE EXPLOTACIÓN SEXUAL,ÓSCAR RENÉ CASTILLO MONGE,ISNA EDICIONES,EXCELENTE ,M1D1
DRTSC.2.671,LA RESTITUCIÓN DE DERECHOS DE LA NIÑEZ Y ADOLESCENCIA VÍCTIMA DE EXPLOTACIÓN SEXUAL,ÓSCAR RENÉ CASTILLO MONGE,ISNA EDICIONES,EXCELENTE ,M1D1
DRTSC.2.672,LA RESTITUCIÓN DE DERECHOS DE LA NIÑEZ Y ADOLESCENCIA VÍCTIMA DE EXPLOTACIÓN SEXUAL,ÓSCAR RENÉ CASTILLO MONGE,ISNA EDICIONES,EXCELENTE ,M1D1
DRTSC.2.673,LA RESTITUCIÓN DE DERECHOS DE LA NIÑEZ Y ADOLESCENCIA VÍCTIMA DE EXPLOTACIÓN SEXUAL,ÓSCAR RENÉ CASTILLO MONGE,ISNA EDICIONES,EXCELENTE ,M1D1
DRTSC.2.674,LA RESTITUCIÓN DE DERECHOS DE LA NIÑEZ Y ADOLESCENCIA VÍCTIMA DE EXPLOTACIÓN SEXUAL,ÓSCAR RENÉ CASTILLO MONGE,ISNA EDICIONES,EXCELENTE ,M1D1
DRTSC.2.675,LA RESTITUCIÓN DE DERECHOS DE LA NIÑEZ Y ADOLESCENCIA VÍCTIMA DE EXPLOTACIÓN SEXUAL,ÓSCAR RENÉ CASTILLO MONGE,ISNA EDICIONES,EXCELENTE ,M1D1
DRTSC.2.676,INSTITUTO SALVADOREÑO PARA EL DESARROLLO DE LA MUJER (ISDEMU): SEGUNDO INFORME NACIONAL SOBRE LA SITUACIÓN DE VIOLENCIA CONTRA LAS MUJERES EN EL SALVADOR,INSTITUTO SALVADOREÑO PARA EL DESARROLLO DE LA MUJER (ISDEMU),ISDEMU,EXCELENTE ,M1D1
DRTSC.2.677,"CUADERNOS SOBRE DESARROLLO HUMANO: OCTUBRE 2009, NO. 9",MARÍA TENORIO,PROGRAMA DE LAS NACIONES UNIDAS PARA EL DESARROLLO (PNUD),EXCELENTE ,M1D1
DRTSC.2.678,"APLICACIÓN DE UNA FUNCIÓN DOSIS-RESPUESTA PARA DETERMINAR LOS COSTOS SOCIALES DE LA CONTAMINACIÓN HÍDRICA EN LA MICROCUENCA DEL RIO LAS CAÑAS, SAN SALVADOR, EL SALVADOR",JOSÉ RICARDO CALLES HERNÁNDEZ,UNIVERSIDAD TECNOLÓGICA DE EL SALVADOR,EXCELENTE ,M1D1
DRTSC.2.679,LA CAPA DE OZONO. LOS AGUJEROS DEL OZONO ATMOSFÉRICO,M. BRITHT,EDITORIAL PARRAMÓN,EXCELENTE ,M1D1
DRTSC.2.680,LIBRO VERDE UTEC 2012,JOSÉ RICARDO CALLES HERNÁNDEZ,UNIVERSIDAD TECNOLÓGICA DE EL SALVADOR,EXCELENTE ,M1D1
DRTSC.2.681,MODELO DE VIVIENDA URBANA SOSTENIBLE,CORALIA ROSALÍA MUÑOZ MÁRQUEZ,UNIVERSIDAD TECNOLÓGICA DE EL SALVADOR,EXCELENTE ,M1D1
DRTSC.2.682,MODELO DE VIVIENDA URBANA SOSTENIBLE,CORALIA ROSALÍA MUÑOZ MÁRQUEZ,UNIVERSIDAD TECNOLÓGICA DE EL SALVADOR,EXCELENTE ,M1D1
DRTSC.2.683,"CONVENCIÓN INTERAMERICANA PARA PREVENIR, SANCIONAR Y ERRADICAR LA VIOLENCIA CONTRA LA MUJER: ""CONVENCIÓN DE BELEM DO PARÁ""","DEPARTAMENTO DE LA FAMILIA, POLICIA NACIONAL CIVIL",IMPRENTA PUBLIC,EXCELENTE ,M1D1
DRTSC.2.684,"ENCUESTA SOBRE LA PERCEPCIÓN DE LA SEGURIDAD CIUDADANA A NIVEL NACIONAL, MUNICIPAL Y ZONAL","FUNDACIÓN DR. GUILLERMO MANUEL UNGO (FUNDAUNGO) Y INSTITUTO UNIVERSITARIO DE OPINIÓN PÚBLICA DE LA UNIVERSIDAD CENTROAMERICANA ""JOSÉ SIMEÓN CAÑA""",TALLERES DE LA IMPRENTA NACIONAL,EXCELENTE ,M1D1
DRTSC.2.685,"VIOLENCIA SOCIAL Y JUVENIL: ESTUDIO DIAGNÓSTICO CON 11 COMUNIDADES Y MUNICIPIOS DE LOS DEPARTAMENTOS DE USULUTÁN, SAN VICENTE, LA PAZ, LA LIBERTAD Y CHALATENANGO",ASOCIACIÓN INTERCEPTORIAL PARA EL DESARROLLO ECONÓMICO Y EL PROGRESO SOCIAL (CIDEP),CICOP,EXCELENTE ,M1D1
DRTSC.2.686,"VIOLENCIA SOCIAL Y JUVENIL: ESTUDIO DIAGNÓSTICO CON 11 COMUNIDADES Y MUNICIPIOS DE LOS DEPARTAMENTOS DE USULUTÁN, SAN VICENTE, LA PAZ, LA LIBERTAD Y CHALATENANGO",ASOCIACIÓN INTERCEPTORIAL PARA EL DESARROLLO ECONÓMICO Y EL PROGRESO SOCIAL (CIDEP),CICOP,EXCELENTE ,M1D1
DRTSC.2.687,EDUCACIÓN DE EL SALVADOR EN CIFRAS 1999 - 2001: ANUARIO ESTADÍSTICO 1999 -2001,"DIRECCIÓN NACIONAL DE MONITOREO Y EVALUACIÓN, MINISTERIO DE EDUCACIÓN",DIRECCIÓN DE ESTADÍSTICAS EDUCATIVAS,EXCELENTE ,M1D1
DRTSC.2.688,¿RELIGIÓN EN LA UNIVERSIDAD PÚBLICA? ESTUDIO SOBRE LA LAICIDAD EN LA UNIVERSIDAD DE EL SALVADOR,CENTRO DE ESTUDIOS DE GÉNERO Y MOVIMIENTO POR UNA CULTURA LAICA,EDITORIAL UNIVERSITARIA DE LA UNIVERSIDAD DE EL SALVADOR,EXCELENTE ,M1D1
DRTSC.2.689,LA ESCUELA SIN DIOS: APUNTES PARA UNA HISTORIA DE LA EDUCACIÓN LAICA,JULIÁN GONZÁLEZ TORRES,UCA EDITORES,EXCELENTE ,M1D1
DRTSC.2.690,SOCIOLOGÍA DE LA EDUCACIÓN,OLIMPIA LÓPEZ AVENDAÑO,EUNED,EXCELENTE ,M1D1
DRTSC.2.691,CARTILLA DE ALFABETIZACIÓN: PRIMERA PARTE,MINISTERIO DE EDUCACIÓN DE EL SALVADOR,MINED,EXCELENTE ,M1D2
DRTSC.2.692,"METODOLOGÍAS Y TECNICAS ESPECÍFICAS PARA LA FORMULACIÓN Y EVALUACIÓN DE PROYECTOS EN LA ESFERA DE LA EDUCACIÓN, SERIE B, MODULO II:  LOS PROYECTOS, CONCEPTO, CLASES, CONCEPCIÓN Y DESCRIPCIÓN",JORGE RIVERA,LITOGRAFÍA LIL,EXCELENTE ,M1D2
DRTSC.2.693,CONDICIONES SOCIOECONÓMICAS Y ACADÉMICAS DE PREPARACIÓN PARA LA PAES DE LOS ESTUDIANTES DE EDUCACIÓN MEDIA.,SAÚL CAMPOS MORÁN Y PAOLA MARÍA NAVARRETE,UNIVERSIDAD TECNOLÓGICA DE EL SALVADOR,EXCELENTE ,M1D2
DRTSC.2.694,"CONVIVENCIA ESCOLAR: EL CONFLICTO ESCOLAR, NORMAS DE CONVIVENCIA, ASOCO Y CIBERACOSO, DIVERSIDAD Y EQUIDAD DE GÉNERO",MAURICIO CONTRERAS HERNÁNDEZ,EDITORIAL TIEMPO PARA LEER,EXCELENTE ,M1D2
DRTSC.2.695,"CONVIVENCIA ESCOLAR: EL CONFLICTO ESCOLAR, NORMAS DE CONVIVENCIA, ASOCO Y CIBERACOSO, DIVERSIDAD Y EQUIDAD DE GÉNERO",MAURICIO CONTRERAS HERNÁNDEZ,EDITORIAL TIEMPO PARA LEER,EXCELENTE ,M1D2
DRTSC.2.696,DIDÁCTICA GENERAL I,JENNY SEAS TENCIO,EUNED,EXCELENTE ,M1D2
DRTSC.2.697,EJERCICIOS PARA ELABORAR GUÍAS DE ESTUDIO: GUÍA DEL ESTUDIANTE,ROCÍO QUESADA CASTILLO,LIMUSA NORIEGA EDITORES,EXCELENTE ,M1D2
DRTSC.2.698,EJERCICIOS PARA PREPARAR EXÁMENES: GUÍA DEL ESTUDIANTE,ROCÍO QUESADA CASTILLO,LIMUSA NORIEGA EDITORES,EXCELENTE ,M1D2
DRTSC.2.699,GUÍA METODOLÓGICA PARA LA PERSONA EDUCADORA: PRIMER NIVEL,MINISTERIO DE EDUCACIÓN,MINISTERIO DE EDUCACIÓN,EXCELENTE ,M1D2
DRTSC.2.700,"GUÍA PARA LA PLANIFICACIÓN Y ESTUDIO DE LOS MÓDULOS: MATERIALES MODULARES PARA LA CAPACITACIÓN EN POLÍTICAS, PRODUCCIÓN Y DISTRIBUCIÓN DE TEXTOS ESCOLARES Y MATERIALES DE LECTURA",ARNOBIO MAYA BETANCOURT,ALFACOLOR EDITORES,EXCELENTE ,M1D2
DRTSC.2.701,MÓDULO PARA EL USO DEL TEXTO ESCOLAR,ELVIRA GUTIÉRREZ GÓMEZ,OFICINA DE EDUCACIÓN DE LA UNESCO PARA CENTROAMÉRICA Y PANAMÁ,EXCELENTE ,M1D2
DRTSC.2.702,MÓDULO: SOBRE POLÍTICAS NACIONALES DE TEXTOS ESCOLARES Y MATERIALES DE LECTURA (1),IRENE PIEDRA SANTA,SISTEGRAF AUTOEDICIÓN LTDA,EXCELENTE ,M1D2
DRTSC.2.703,PLANIFICACIÓN DE GUIONES PARA SESIONES EDUCATIVAS NIVEL I,"BARBARA FONSECA ARIAS, MILEYDIS BRUSSET POTUONDO, YSABEL MARÍA CASTILLO CABALLERO Y NORALVIS ROMERO OLIVARES",MINISTERIO DE EDUCACIÓN ,EXCELENTE ,M1D2
DRTSC.2.704,ORIENTACIÓN PARA LA VIDA 1: LIBRO PARA EL DOCENTE,ELOISA GISELLE MELÉNDEZ CUÉLLAR,EDITORIAL SANTILLANA,EXCELENTE ,M1D2
DRTSC.2.705,ORIENTACIÓN PARA LA VIDA 2: LIBRO PARA EL DOCENTE,ELOISA GISELLE MELÉNDEZ CUÉLLAR,EDITORIAL SANTILLANA,EXCELENTE ,M1D2
DRTSC.2.706,"ACTIVAMENTE 3: CIENCIAS SOCIALES, EDUCACIÓN ARTÍSTICA, CIENCIAS NATURALES, MATEMÁTICAS, LENGUAJE",LUIS GUILLERMO BERNAL,EDITORIAL SANTILLANA,EXCELENTE ,M1D2
DRTSC.2.707,CIENCIA SALUD Y MEDIO AMBIENTE 1,ZULMA R. DE MENDOZA Y ELSIE ESCOLAR DE MACHÓN,EQUIPO DE LIBROS & LIBRES S. A. COLOMBIA,EXCELENTE ,M1D2
DRTSC.2.708,SCIENCE 2: STUDENT´S BOOK,ANA CLARISSA MORALES NICHOLS,RICHMOND,EXCELENTE ,M1D2
DRTSC.2.709,"CIENCIA, SALUD Y MEDIO AMBIENTE 3:  TERCER GRADO: TRIMESTRE 1",LESLIE PAMELA NÁJERA ECHEGOYÉN,EDITORIAL SANTILLANA,EXCELENTE ,M1D2
DRTSC.2.710,SCIENCE 3: STUDENT´S BOOK,MARÍA ALEJANDRA MOLINA SOLÍS,RICHMOND,EXCELENTE ,M1D2
DRTSC.2.711,"CIENCIAS, SALUD Y MEDIO AMBIENTE 4°","SABINA VELÁSQUEZ DE ALGER, MARÍA VICTORIA ALGER,  LAURA ALGER",EDICIONES SERVICIOS EDUCATIVOS (ESE),EXCELENTE ,M1D2
DRTSC.2.712,"CIENCIAS, SALUD Y MEDIO AMBIENTE 4°","SABINA VELÁSQUEZ DE ALGER, MARÍA VICTORIA ALGER,  LAURA ALGER",EDICIONES SERVICIOS EDUCATIVOS (ESE),EXCELENTE ,M1D2
DRTSC.2.713,"CIENCIAS, SALUD Y MEDIO AMBIENTE 4°","SABINA VELÁSQUEZ DE ALGER, MARÍA VICTORIA ALGER,  LAURA ALGER",EDICIONES SERVICIOS EDUCATIVOS (ESE),EXCELENTE ,M1D2
DRTSC.2.714,SCIENCE 4: STUDENT´S BOOK,FLOR DEL VALLE,RICHMOND,EXCELENTE ,M1D2
DRTSC.2.715,"CIENCIAS, SALUD Y MEDIO AMBIENTE 5°","LAURA MARÍA ALGER, SABINA VELÁSQUEZ DE ALGER, LISSETTE PALACIOS",EDICIONES SERVICIOS EDUCATIVOS (ESE),EXCELENTE ,M1D2
DRTSC.2.716,"CIENCIAS, SALUD Y MEDIO AMBIENTE 5°","LAURA MARÍA ALGER, SABINA VELÁSQUEZ DE ALGER, LISSETTE PALACIOS",EDICIONES SERVICIOS EDUCATIVOS (ESE),EXCELENTE ,M1D2
DRTSC.2.717,"CIENCIA, SALUD Y MEDIO AMBIENTE: QUINTO GRADO",REINA ISABEL CHACÓN,EDITORIAL COLECCIÓN MONTE SINAÍ,EXCELENTE ,M1D2
DRTSC.2.718,SCIENCE 5: STUDENT´S BOOK,CHRISTEL MARÍA MOLLER MOLINA,RICHMOND,EXCELENTE ,M1D2
DRTSC.2.719,SCIENCE 5: TEACHER´S BOOK,SUCI LICET LANDAVERDE FIGUEROA,RICHMOND,EXCELENTE ,M1D2
DRTSC.2.720,"CIENCIA, SALUD Y MEDIO AMBIENTE 6°","LAURA ARELI MORA VALDÉS, IRASEMA DÍAZ PÉREZ, MARGUI GÁLVEZ ALFARO, SABINA VELÁSQUEZ DE ALGER Y MARÍA VICTORIA ALGER",EDICIONES SERVICIOS EDUCATIVOS (ESE),EXCELENTE ,M1D2
DRTSC.2.721,"CIENCIA, SALUD Y MEDIO AMBIENTE 6°","LAURA ARELI MORA VALDÉS, IRASEMA DÍAZ PÉREZ, MARGUI GÁLVEZ ALFARO, SABINA VELÁSQUEZ DE ALGER Y MARÍA VICTORIA ALGER",EDICIONES SERVICIOS EDUCATIVOS (ESE),EXCELENTE ,M1D2
DRTSC.2.722,"CIENCIA, SALUD Y MEDIO AMBIENTE: SEXTO GRADO",REINA ISABEL CHACÓN,EDITORIAL COLECCIÓN MONTE SINAÍ,EXCELENTE ,M1D2
DRTSC.2.723,SCIENCE 6: STUDENT´S BOOK,LIGIA ELIZABETH LÓPEZ DE PRATDESABA,RICHMOND,EXCELENTE ,M1D2
DRTSC.2.724,"CIENCIA, SALUD Y MEDIO AMBIENTE: 7° GRADO",MARÍA VICTORIA ALGER,EDICIONES SERVICIOS EDUCATIVOS (ESE),EXCELENTE ,M1D2
DRTSC.2.725,"CIENCIA, SALUD Y MEDIO AMBIENTE: 7° GRADO",MARÍA VICTORIA ALGER,EDICIONES SERVICIOS EDUCATIVOS (ESE),EXCELENTE ,M1D2
DRTSC.2.726,"CIENCIA, SALUD Y MEDIO AMBIENTE: 7° GRADO",MARÍA VICTORIA ALGER,EDICIONES SERVICIOS EDUCATIVOS (ESE),EXCELENTE ,M1D2
DRTSC.2.727,"CIENCIA, SALUD Y MEDIO AMBIENTE: 7° GRADO",MARÍA VICTORIA ALGER,EDICIONES SERVICIOS EDUCATIVOS (ESE),EXCELENTE ,M1D2
DRTSC.2.728,"CIENCIA, SALUD Y MEDIO AMBIENTE 7: LIBRO PARA EL DOCENTE",EDWIN ADVERDI PÉREZ VENTURA,EDITORIAL SANTILLANA,EXCELENTE ,M1D2
DRTSC.2.729,"CIENCIA, SALUD Y MEDIO AMBIENTE 7: SECUNDARIA: TRIMESTRE 1",EDWIN ADVERDI PÉREZ VENTURA,EDITORIAL SANTILLANA,EXCELENTE ,M1D2
DRTSC.2.730,"CIENCIA, SALUD Y MEDIO AMBIENTE 7: SECUNDARIA: TRIMESTRE 2",EDWIN ADVERDI PÉREZ VENTURA,EDITORIAL SANTILLANA,EXCELENTE ,M1D2
DRTSC.2.731,"CIENCIA, SALUD Y MEDIO AMBIENTE 7: SECUNDARIA: TRIMESTRE 3",EDWIN ADVERDI PÉREZ VENTURA,EDITORIAL SANTILLANA,EXCELENTE ,M1D2
DRTSC.2.732,"CIENCIA, SALUD Y MEDIO AMBIENTE: 7° GRADO",LUIS H. JOVEL DÍAZ,EDICIONES SERVICIOS EDUCATIVOS (ESE),EXCELENTE ,M1D2
DRTSC.2.733,"CIENCIA, SALUD Y MEDIO AMBIENTE: 7° GRADO",LUIS H. JOVEL DÍAZ,EDICIONES SERVICIOS EDUCATIVOS (ESE),EXCELENTE ,M1D2
DRTSC.2.734,"CIENCIA, SALUD Y MEDIO AMBIENTE 8° GRADO","MARÍA VICTORIA ALGER, RICARDO LÓPEZ Y MARBELL PANAMEÑO",EDICIONES SERVICIOS EDUCATIVOS (ESE),EXCELENTE ,M1D3
DRTSC.2.735,"CIENCIA, SALUD Y MEDIO AMBIENTE 8° GRADO","MARÍA VICTORIA ALGER, RICARDO LÓPEZ Y MARBELL PANAMEÑO",EDICIONES SERVICIOS EDUCATIVOS (ESE),EXCELENTE ,M1D3
DRTSC.2.736,"CIENCIA, SALUD Y MEDIO AMBIENTE 8: LIBRO DOCENTE: SECUNDARIA",MARVIN LEONARDI LÓPEZ  ALEMÁN,EDITORIAL SANTILLANA,EXCELENTE ,M1D3
DRTSC.2.737,"CIENCIAS, SALUD Y MEDIO AMBIENTE 8: SECUNDARIA: TRIMESTRE 1",MARVIN LEONARDI LÓPEZ  ALEMÁN,EDITORIAL SANTILLANA,EXCELENTE ,M1D3
DRTSC.2.738,"CIENCIAS, SALUD Y MEDIO AMBIENTE 8: SECUNDARIA: TRIMESTRE 2",MARVIN LEONARDI LÓPEZ  ALEMÁN,EDITORIAL SANTILLANA,EXCELENTE ,M1D3
DRTSC.2.739,"CIENCIAS, SALUD Y MEDIO AMBIENTE 8: SECUNDARIA: TRIMESTRE 3",MARVIN LEONARDI LÓPEZ  ALEMÁN,EDITORIAL SANTILLANA,EXCELENTE ,M1D3
DRTSC.2.740,"CIENCIA, SALUD Y MEDIO AMBIENTE: 9°",MARÍA VICTORIA ALGER,EDICIONES SERVICIOS EDUCATIVOS (ESE),EXCELENTE ,M1D3
DRTSC.2.741,"CIENCIA, SALUD Y MEDIO AMBIENTE: 9°",MARÍA VICTORIA ALGER,EDICIONES SERVICIOS EDUCATIVOS (ESE),EXCELENTE ,M1D3
DRTSC.2.742,"CIENCIA, SALUD Y MEDIO AMBIENTE: 9°",MARÍA VICTORIA ALGER,EDICIONES SERVICIOS EDUCATIVOS (ESE),EXCELENTE ,M1D3
DRTSC.2.743,"CIENCIA, SALUD Y MEDIO AMBIENTE: 9°",MARÍA VICTORIA ALGER,EDICIONES SERVICIOS EDUCATIVOS (ESE),EXCELENTE ,M1D3
DRTSC.2.744,"CIENCIA, SALUD Y MEDIO AMBIENTE 9: SECUNDARIA: TRIMESTRE 1",ANA MERCEDES PORTILLO QUEVEDO,EDITORIAL SANTILLANA,EXCELENTE ,M1D3
DRTSC.2.745,"CIENCIA, SALUD Y MEDIO AMBIENTE 9: SECUNDARIA: TRIMESTRE 3",ANA MERCEDES PORTILLO QUEVEDO,EDITORIAL SANTILLANA,EXCELENTE ,M1D3
DRTSC.2.746,EDUCACIÓN SEXUAL PARA NIÑOS,PEDRO ESPITIA,MUNDO CULTURAL,EXCELENTE ,M1D3
DRTSC.2.747,CALLE DE LA LECTURA CALIFORNIA,"PETER AFFLERBACH, CAMILLE BLACHOWICZ, CANDY DAWSON BOYD Y OTROS AUTORES",PEARSON EDUCATION,EXCELENTE ,M1D3
DRTSC.2.748,BICHONANZAS Y ADIVIPLANTAS,ALICIA ZAMBRANO,PANAMERICANA EDITORIAL,EXCELENTE ,M1D3
DRTSC.2.749,BICHONANZAS Y ADIVIPLANTAS,ALICIA ZAMBRANO,PANAMERICANA EDITORIAL,EXCELENTE ,M1D3
DRTSC.2.750,CUANDO MANU CAE AL AGUA ...,SIDONIE VAN DEN DRIES,PANAMERICANA EDITORIAL,EXCELENTE ,M1D3
DRTSC.2.751,CUANDO MANU CAE AL AGUA ...,SIDONIE VAN DEN DRIES,PANAMERICANA EDITORIAL,EXCELENTE ,M1D3
DRTSC.2.752,"LIBRO DE LECTURA "" EL SEMBRADOR"" ESCOLAR 5",CARLOS ARTURO OCHOA Y JOSÉ ELÍAS MARTÍNEZ ECHEGOYÉN,IMPRENTA WILBOT,EXCELENTE ,M1D3
DRTSC.2.753,"LIBRO DE LECTURA "" EL SEMBRADOR"" ESCOLAR 6",SILVIA DOLORES CORTÉZ DE MOLINA,IMPRENTA WILBOT,EXCELENTE ,M1D3
DRTSC.2.754,NUEVO PABLITO,GREGORIO FLORES,GREGORIO FLORES,EXCELENTE ,M1D3
DRTSC.2.755,¡UNAS PEQUEÑAS BESTIAS DIVERTIDAS!,DIDIER LÉVY Y ANNE ROUQUETTE,PANAMERICANA EDITORIAL,EXCELENTE ,M1D3
DRTSC.2.756,¡UNAS PEQUEÑAS BESTIAS DIVERTIDAS!,DIDIER LÉVY Y ANNE ROUQUETTE,PANAMERICANA EDITORIAL,EXCELENTE ,M1D3
DRTSC.2.757,"ESPECIALIZACIÓN DOCENTE EN LENGUAJE PARA PRIMER CICLO DE EDUCACIÓN BÁSICA: INTRODUCCIÓN A LAS COMPETENCIAS COMUNICATIVAS, MÓDULO 1",AURA GONZALEZ SERRANO Y ELIANA RAMÍREZ DE SÁNCHEZ MORENO,FEPADE,EXCELENTE ,M1D3
DRTSC.2.758,"ESPECIALIZACIÓN DOCENTE EN LENGUAJE PARA PRIMER CICLO DE EDUCACIÓN BÁSICA: INTRODUCCIÓN A LAS COMPETENCIAS COMUNICATIVAS, MÓDULO 1",AURA GONZALEZ SERRANO Y ELIANA RAMÍREZ DE SÁNCHEZ MORENO,FEPADE,EXCELENTE ,M1D3
DRTSC.2.759,"ESPECIALIZACIÓN DOCENTE EN LENGUAJE PARA PRIMER CICLO DE EDUCACIÓN BÁSICA: INTRODUCCIÓN A LAS COMPETENCIAS COMUNICATIVAS, MÓDULO 1",AURA GONZALEZ SERRANO Y ELIANA RAMÍREZ DE SÁNCHEZ MORENO,FEPADE,EXCELENTE ,M1D3
DRTSC.2.760,"ESPECIALIZACIÓN DOCENTE EN LENGUAJE PARA PRIMER CICLO DE EDUCACIÓN BÁSICA: INTRODUCCIÓN A LAS COMPETENCIAS COMUNICATIVAS, MÓDULO 1",AURA GONZALEZ SERRANO Y ELIANA RAMÍREZ DE SÁNCHEZ MORENO,FEPADE,EXCELENTE ,M1D3
DRTSC.2.761,LENGUAJE 3. TRIMESTRE II,ROSA GUADALUPE QUITEÑO PERDOMO,SANTILLANA EDITORIAL,EXCELENTE ,M1D3
DRTSC.2.762,LENGUAJE 3. TRIMESTRE III,ROSA GUADALUPE QUITEÑO PERDOMO,SANTILLANA EDITORIAL,EXCELENTE ,M1D3
DRTSC.2.763,NUESTRA LENGUA 3,SANTILLANA,EDITORIAL SANTILLANA,EXCELENTE ,M1D3
DRTSC.2.764,LENGUAJE SEXTO GRADO,REINA ISABEL CHACÓN,EDITORIAL COLECCIÓN MONTE SINAÍ,EXCELENTE ,M1D3
DRTSC.2.765,NUESTRA LENGUA 6,SANTILLANA,EDITORIAL SANTILLANA,EXCELENTE ,M1D3
DRTSC.2.766,LENGUAJE 7°. LIBRO DE TEXTO Y EJERCICIOS,ANA LORENA DE VARELA,NOSOTROS EDICIONES,EXCELENTE ,M1D3
DRTSC.2.767,LENGUAJE Y LITERATURA 7. TRIMESTRE I,ROSA GUADALUPE QUITEÑO PERDOMO,SANTILLANA EDITORIAL,EXCELENTE ,M1D3
DRTSC.2.768,"LENGUAJE Y LITERATURA 7, TRIMESTRE II",ROSA GUADALUPE QUITEÑO PERDOMO,SANTILLANA EDITORIAL,EXCELENTE ,M1D3
DRTSC.2.769,LENGUAJE Y LITERATURA 7. TRIMESTRE III,ROSA GUADALUPE QUITEÑO PERDOMO,SANTILLANA EDITORIAL,EXCELENTE ,M1D3
DRTSC.2.770,LENGUAJE Y LITERATURA 7. LIBRO PARA EL DOCENTE,ROSA GUADALUPE QUITEÑO PERDOMO,EDITORIAL SANTILLANA,EXCELENTE ,M1D3
DRTSC.2.771,LENGUAJE Y LITERATURA 7. LIBRO PARA EL DOCENTE,ROSA GUADALUPE QUITEÑO PERDOMO,EDITORIAL SANTILLANA,EXCELENTE ,M1D3
DRTSC.2.772,LENGUAJE Y LITERATURA 8. TRIMESTRE I,ALMA GLADYS GIRÓN DE SANTILLANA,EDITORIAL SANTILLANA,EXCELENTE ,M1D3
DRTSC.2.773,LENGUAJE Y LITERATURA 8. TRIMESTRE II,ALMA GLADYS GIRÓN DE SANTILLANA,EDITORIAL SANTILLANA,EXCELENTE ,M1D3
DRTSC.2.774,LENGUAJE Y LITERATURA 8. TRIMESTRE III,ALMA GLADYS GIRÓN DE SANTILLANA,EDITORIAL SANTILLANA,EXCELENTE ,M1D3
DRTSC.2.775,LENGUAJE Y LITERATURA 8. LIBRO PARA EL DOCENTE,ALMA GLADYS GIRÓN DE SANTILLANA,EDITORIAL SANTILLANA,EXCELENTE ,M1D3
DRTSC.2.776,LENGUAJE Y LITERATURA 9. LIBRO PARA EL DOCENTE,ALMA GLADYS GIRÓN DE SANTILLANA,EDITORIAL SANTILLANA,EXCELENTE ,M1D3
DRTSC.2.777,LENGUAJE Y LITERATURA. 9° GRADO,"FRANCISCO ANDRÉS ESCOBAR, ANA MARÍA NAFRÍA RAMOS Y MÁRGARA ZABLAH DE SIMÁN",EDICIONES SERVICIOS EDUCATIVOS,EXCELENTE ,M1D3
DRTSC.2.778,"MATEMÁTICA: PROGRAMAS DE ESTUDIO, PRIMER CICLO DE EDUCACIÓN BÁSICA",MINISTERIO DE EDUCACIÓN (MINED),TALLERES GRÁFICOS UCA,EXCELENTE ,M1D4
DRTSC.2.779,MATEMÁTICA 1: TOMO 1: GUÍA METODOLÓGICA,NORMA YOLIBETH LÓPEZ DE BERMÚDEZ,MINISTERIO DE EDUCACIÓN,EXCELENTE ,M1D4
DRTSC.2.780,MATEMÁTICA 1: TOMO 1: GUÍA METODOLÓGICA,NORMA YOLIBETH LÓPEZ DE BERMÚDEZ,MINISTERIO DE EDUCACIÓN,EXCELENTE ,M1D4
DRTSC.2.781,MATEMÁTICA 2: TOMO 1: GUÍA METODOLÓGICA,WENDY STEFANÍA RODRÍGUEZ ARGUETA Y DORIS CECIBEL OCHOA PEÑA,MINISTERIO DE EDUCACIÓN,EXCELENTE ,M1D4
DRTSC.2.782,MATEMÁTICA 2: TOMO 1: GUÍA METODOLÓGICA,WENDY STEFANÍA RODRÍGUEZ ARGUETA Y DORIS CECIBEL OCHOA PEÑA,MINISTERIO DE EDUCACIÓN,EXCELENTE ,M1D4
DRTSC.2.783,MATEMÁTICA 3: TRIMESTRE 1,JOSÉ ANTONIO ELIÁS CÁCERES ,EDITORIA SANTILLANA,EXCELENTE ,M1D4
DRTSC.2.784,MATEMÁTICA 3: TRIMESTRE 2,JOSÉ ANTONIO ELIÁS CÁCERES ,EDITORIA SANTILLANA,EXCELENTE ,M1D4
DRTSC.2.785,MATEMÁTICA CREATIVOS 3:  TRIMESTRE 1,SAMUEL CHÁVEZ,EDITORIA SANTILLANA,EXCELENTE ,M1D4
DRTSC.2.786,MATEMÁTICA 4° GRADO,SABINA VELÁSQUEZ  DE ALGER,EDICIONES SERVICIOS EDUCATIVOS (ESE),EXCELENTE ,M1D4
DRTSC.2.787,MATEMÁTICA CREATIVOS 4: LIBRO PARA DOCENTES,DORIS OCHOA,EDITORIAL SANTILLANA,EXCELENTE ,M1D4
DRTSC.2.788,MATEMÁTICA 5: GUÍA METODOLÓGICA,INÉS EUGENIA PALACIOS VICENTE,MINISTERIO DE EDUCACIÓN,EXCELENTE ,M1D4
DRTSC.2.789,LIBRO PARA DOCENTES - MATEMÁTICAS 5,JOSÉ ELÍAS COELLO SALAMANCA,EDITORIAL SANTILLANA,EXCELENTE ,M1D4
DRTSC.2.790,MATEMÁTICA QUINTO GRADO,REINA ISABEL CHACÓN,EDITORIAL COLECCIÓN MONTE SINAÍ,EXCELENTE ,M1D4
DRTSC.2.791,MATEMÁTICA CREATIVOS 5,JOSÉ ELÍAS COELLO SALAMANCA,EDITORIAL SANTILLANA,EXCELENTE ,M1D4
DRTSC.2.792,MATEMÁTICA CREATIVOS 5: TRIMESTRE 1,JOSÉ ELÍAS COELLO SALAMANCA,EDITORIAL SANTILLANA,EXCELENTE ,M1D4
DRTSC.2.793,MATEMÁTICA 6° GRADO,SABINA VELÁSQUEZ  DE ALGER,EDICIONES SERVICIOS EDUCATIVOS (ESE),EXCELENTE ,M1D4
DRTSC.2.794,MATEMÁTICA CREATIVOS 6: TRIMESTRE 1,ADA BEATRÍZ QUINTEROS DE MELGAR,EDITORIAL SANTILLANA,EXCELENTE ,M1D4
DRTSC.2.795,MATEMÁTICA CREATIVOS 6,ADA BEATRÍZ QUINTEROS DE MELGAR,EDITORIAL SANTILLANA,EXCELENTE ,M1D4
DRTSC.2.796,MATEMÁTICA SEXTO GRADO,REINA ISABEL CHACÓN,EDITORIAL COLECCIÓN MONTE SINAÍ,EXCELENTE ,M1D4
DRTSC.2.797,MATEMÁTICA GIRO 7,FRAZ GIOVANNI CANO GARCÍA,MONTAÑAS DE FUEGO EDITORIAL,EXCELENTE ,M1D4
DRTSC.2.798,MATEMÁTICAS: SÉPTIMO GRADO,RENÉ GUILLERMO FIGUEROA ESCALÓN,EDICIONES SERVICIOS EDUCATIVOS (ESE),EXCELENTE ,M1D4
DRTSC.2.799,MATEMÁTICAS: SÉPTIMO GRADO,RENÉ GUILLERMO FIGUEROA ESCALÓN,EDICIONES SERVICIOS EDUCATIVOS (ESE),EXCELENTE ,M1D4
DRTSC.2.800,MATEMÁTICAS: SÉPTIMO GRADO,RENÉ GUILLERMO FIGUEROA ESCALÓN,EDICIONES SERVICIOS EDUCATIVOS (ESE),EXCELENTE ,M1D4
DRTSC.2.801,"MATEMÁTICAS 7, SECUNDARIA, TRIMESTRE I",KARLA LIIZZETTE VARELA DE CORADO,EDITORIAL SANTILLANA,EXCELENTE ,M1D4
DRTSC.2.802,"MATEMÁTICAS 7, SECUNDARIA, TRIMESTRE I",FRANCISCO ANTONIO MEJÍA RAMOS,EDITORIAL SANTILLANA,EXCELENTE ,M1D4
DRTSC.2.803,"MATEMÁTICA 7, SECUNDARIA, TRIMESTRE II",KARLA LIIZZETTE VARELA DE CORADO,EDITORIAL SANTILLANA,EXCELENTE ,M1D4
DRTSC.2.804,"MATEMÁTICA 7, SECUNDARIA, TRIMESTRE II",FRANCISCO ANTONIO MEJÍA RAMOS,EDITORIAL SANTILLANA,EXCELENTE ,M1D4
DRTSC.2.805,"MATEMÁTICA 7, SECUNDARIA TRIMESTRE III",FRANCISCO ANTONIO MEJÍA RAMOS,EDITORIAL SANTILLANA,EXCELENTE ,M1D4
DRTSC.2.806,"MATEMÁTICA 7, SECUNDARIA TRIMESTRE III",KARLA LIIZZETTE VARELA DE CORADO,EDITORIAL SANTILLANA,EXCELENTE ,M1D4
DRTSC.2.807,MATEMÁTICA: OCTAVO GRADO,RENÉ GUILLERMO FIGUEROA ESCALÓN Y JOSÉ DAVID MORÁN MENDOZA,EDICIONES SERVICIOS EDUCATIVOS (ESE),EXCELENTE ,M1D4
DRTSC.2.808,MATEMÁTICA: OCTAVO GRADO,RENÉ GUILLERMO FIGUEROA ESCALÓN Y JOSÉ DAVID MORÁN MENDOZA,EDICIONES SERVICIOS EDUCATIVOS (ESE),EXCELENTE ,M1D4
DRTSC.2.809,MATEMÁTICA: OCTAVO GRADO,RENÉ GUILLERMO FIGUEROA ESCALÓN Y JOSÉ DAVID MORÁN MENDOZA,EDICIONES SERVICIOS EDUCATIVOS (ESE),EXCELENTE ,M1D4
DRTSC.2.810," MATEMÁTICA 8, SECUNDARIA, TRIMESTRE I",JOSÉ DAVID ARAY,EDITORIAL SANTILLANA,EXCELENTE ,M1D4
DRTSC.2.811," MATEMÁTICA 8, SECUNDARIA, TRIMESTRE I",JOSÉ DAVID ARAY,EDITORIAL SANTILLANA,EXCELENTE ,M1D4
DRTSC.2.812," MATEMÁTICA 8, SECUNDARIA, TRIMESTRE II",JOSÉ DAVID ARAY,EDITORIAL SANTILLANA,EXCELENTE ,M1D4
DRTSC.2.813," MATEMÁTICA 8, SECUNDARIA, TRIMESTRE II",JOSÉ DAVID ARAY,EDITORIAL SANTILLANA,EXCELENTE ,M1D4
DRTSC.2.814," MATEMÁTICA 8, SECUNDARIA, TRIMESTRE III",JOSÉ DAVID ARAY,EDITORIAL SANTILLANA,EXCELENTE ,M1D4
DRTSC.2.815," MATEMÁTICA 8, SECUNDARIA, TRIMESTRE III",DIANA MARCELA HERRERA POLANCO ,EDITORIAL SANTILLANA,EXCELENTE ,M1D4
DRTSC.2.816,"MATEMÁTICA 9, SECUNDARIA, TRIMESTRE I",JANET SAUMIRA COTO,EDITORIAL SANTILLANA,EXCELENTE ,M1D4
DRTSC.2.817,"MATEMÁTICA 9, SECUNDARIA, TRIMESTRE II",JANET SAUMIRA COTO,EDITORIAL SANTILLANA,EXCELENTE ,M1D4
DRTSC.2.818,"MATEMÁTICA 9, SECUNDARIA, TRIMESTRE III",JANET SAUMIRA COTO,EDITORIAL SANTILLANA,EXCELENTE ,M1D4
DRTSC.2.819,MATEMÁTICAS  9. GUÍA METODOLÓGICA,"ANA ESTER ARGUETA ARANDA, ERICK AMÍLCARMUÑOZ DERAS, REINA MARITZAPLEITEZ VÁSQUEZ Y OTROS AUTORES",MINED,DAÑADO,M1D4
DRTSC.2.820,MATEMÁTICA 9°: NOVENO GRADO,RENÉ GUILLERMO FIGUEROA ESCALÓN Y JOSÉ DAVID MORÁN MENDOZA,EDICIONES SERVICIOS EDUCATIVOS (ESE),EXCELENTE ,M1D5
DRTSC.2.821,MATEMÁTICA 9°: NOVENO GRADO,RENÉ GUILLERMO FIGUEROA ESCALÓN Y JOSÉ DAVID MORÁN MENDOZA,EDICIONES SERVICIOS EDUCATIVOS (ESE),EXCELENTE ,M1D5
DRTSC.2.822,MATEMÁTICA 9°: NOVENO GRADO,RENÉ GUILLERMO FIGUEROA ESCALÓN Y JOSÉ DAVID MORÁN MENDOZA,EDICIONES SERVICIOS EDUCATIVOS (ESE),EXCELENTE ,M1D5
DRTSC.2.823,MATEMÁTICA 9° GRADO,JOSÉ RAYMUNDO LARA Y PORFIRIO ANTONIO VELÁSQUEZ,GRUPO EDITORIAL LARA VELÁSQUEZ,EXCELENTE ,M1D5
DRTSC.2.824,ESTUDIOS SOCIALES Y CÍVICA 3°. TRIMESTRE III,ROSA GUADALUPE QUITEÑO PERDOMO,EDITORIAL SANTILLANA,EXCELENTE ,M1D5
DRTSC.2.825,ESTUDIOS SOCIALES SEXTO GRADO,REINA ISABEL CHACÓN,EDITORIAL COLECCIÓN MONTE SINAÍ,EXCELENTE ,M1D5
DRTSC.2.826,ESTUDIOS SOCIALES Y CÍVICA 7° ,HÉCTOR J. SAMOUR,EDICIONES SEVICIOS EDUCATIVOS,EXCELENTE ,M1D5
DRTSC.2.827,ESTUDIOS SOCIALES Y CÍVICA 7° ,HÉCTOR J. SAMOUR,EDICIONES SEVICIOS EDUCATIVOS,EXCELENTE ,M1D5
DRTSC.2.828,ESTUDIOS SOCIALES Y CÍVICA 7° ,HÉCTOR J. SAMOUR,EDICIONES SEVICIOS EDUCATIVOS,EXCELENTE ,M1D5
DRTSC.2.829,ESTUDIOS SOCIALES Y CÍVICA 7° GRADO,RAFAEL PLEITEZ CHÁVEZ / MARIA TENORIO,EDICIONES SEVICIOS EDUCATIVOS,EXCELENTE ,M1D5
DRTSC.2.830,ESTUDIOS SOCIALES Y CÍVICA 7° GRADO,RAFAEL PLEITEZ CHÁVEZ / MARIA TENORIO,EDICIONES SEVICIOS EDUCATIVOS,EXCELENTE ,M1D5
DRTSC.2.831,ESTUDIOS SOCIALES GENIAL 7,EDITH ANGÉLICA HERNÁNDEZ MONTANO,EDITORIAL  MONTAÑAS DE FUEGO,EXCELENTE ,M1D5
DRTSC.2.832,ESTUDIOS SOCIALES Y CÍVICA 7. LIBRO PARA EL DOCENTES,ZULMA YANIRA REYES TRIGUEROS,EDITORIAL SANTILLANA,EXCELENTE ,M1D5
DRTSC.2.833,ESTUDIOS SOCIALES Y CÍVICA 7. TRIMESTRE I,ZULMA YANIRA REYES TRIGUEROS,EDITORIAL SANTILLANA,EXCELENTE ,M1D5
DRTSC.2.834,ESTUDIOS SOCIALES Y CÍVICA 7. TRIMESTRE II,ZULMA YANIRA REYES TRIGUEROS,EDITORIAL SANTILLANA,EXCELENTE ,M1D5
DRTSC.2.835,ESTUDIOS SOCIALES Y CÍVICA 8°,HÉCTOR J. SAMOUR,EDICIONES SEVICIOS EDUCATIVOS,EXCELENTE ,M1D5
DRTSC.2.836,ESTUDIOS SOCIALES Y CÍVICA 8°,HÉCTOR J. SAMOUR,EDICIONES SEVICIOS EDUCATIVOS,EXCELENTE ,M1D5
DRTSC.2.837,ESTUDIOS SOCIALES Y CÍVICA 8°,HÉCTOR J. SAMOUR,EDICIONES SEVICIOS EDUCATIVOS,EXCELENTE ,M1D5
DRTSC.2.838,ESTUDIOS SOCIALES Y CÍVICA 8° GRADO,RAFAEL PLEITEZ CHÁVEZ / MARIA TENORIO,EDICIONES SEVICIOS EDUCATIVOS,EXCELENTE ,M1D5
DRTSC.2.839,ESTUDIOS SOCIALES Y CÍVICA 8° GRADO,RAFAEL PLEITEZ CHÁVEZ / MARIA TENORIO,EDICIONES SEVICIOS EDUCATIVOS,EXCELENTE ,M1D5
DRTSC.2.840,ESTUDIOS SOCIALES Y CÍVICA 8. LIBRO PARA EL DOCENTES,RODOLFO ANTONIO NOLASCO LOZANO,EDITORIAL SANTILLANA,EXCELENTE ,M1D5
DRTSC.2.841,ESTUDIOS SOCIALES Y CÍVICA 8. TRIMESTRE I,RODOLFO ANTONIO NOLASCO LOZANO,EDITORIAL SANTILLANA,EXCELENTE ,M1D5
DRTSC.2.842,ESTUDIOS SOCIALES Y CÍVICA 8. TRIMESTRE II,RODOLFO ANTONIO NOLASCO LOZANO,EDITORIAL SANTILLANA,EXCELENTE ,M1D5
DRTSC.2.843,ESTUDIOS SOCIALES Y CÍVICA 8. TRIMESTRE III,RODOLFO ANTONIO NOLASCO LOZANO,EDITORIAL SANTILLANA,EXCELENTE ,M1D5
DRTSC.2.844,ESTUDIOS SOCIALES Y CÍVICA 9°,HÉCTOR J. SAMOUR,EDICIONES SEVICIOS EDUCATIVOS,EXCELENTE ,M1D5
DRTSC.2.845,ESTUDIOS SOCIALES Y CÍVICA 9°,HÉCTOR J. SAMOUR,EDICIONES SEVICIOS EDUCATIVOS,EXCELENTE ,M1D5
DRTSC.2.846,ESTUDIOS SOCIALES Y CÍVICA 9°,HÉCTOR J. SAMOUR,EDICIONES SEVICIOS EDUCATIVOS,EXCELENTE ,M1D5
DRTSC.2.847,ESTUDIOS SOCIALES Y CÍVICA 9° GRADO,RAFAEL PLEITEZ CHÁVEZ / MARIA TENORIO,EDICIONES SEVICIOS EDUCATIVOS,EXCELENTE ,M1D5
DRTSC.2.848,ESTUDIOS SOCIALES Y CÍVICA 9° GRADO,RAFAEL PLEITEZ CHÁVEZ / MARIA TENORIO,EDICIONES SEVICIOS EDUCATIVOS,EXCELENTE ,M1D5
DRTSC.2.849,ESTUDIOS SOCIALES Y CÍVICA 9. LIBRO PARA EL DOCENTES,ROBERTO CARLOS BETANCOURTH,EDITORIAL SANTILLANA,EXCELENTE ,M1D5
DRTSC.2.850,ESTUDIOS SOCIALES Y CÍVICA 9. TRIMESTRE I,ROBERTO CARLOS BETANCOURTH,EDITORIAL SANTILLANA,EXCELENTE ,M1D5
DRTSC.2.851,ESTUDIOS SOCIALES Y CÍVICA 9. TRIMESTRE III,ROBERTO CARLOS BETANCOURTH,EDITORIAL SANTILLANA,EXCELENTE ,M1D5
DRTSC.2.852,"FORMACIÓN CIUDADANA. GUÍAS PARA LA ASIGNATURA MORAL, URBANIDAD Y CÍVICA. EDUCACIÓN BÁSICA I Y II CICLO",MINISTERIO DE EDUCACIÓN,CREATIVES COMMONS,EXCELENTE ,M1D5
DRTSC.2.853,"MORAL, URBANIDAD Y CÍVICA 1° GRADO",SABINA VELÁSQUEZ DE ALGER Y MARÍA VICTORIA ALGER,EDICIONES SERVICIOS EDUCATIVOS (ESE),EXCELENTE ,M1D5
DRTSC.2.854,"MORAL, URBANIDAD Y CÍVICA 1° GRADO",SABINA VELÁSQUEZ DE ALGER Y MARÍA VICTORIA ALGER,EDICIONES SERVICIOS EDUCATIVOS (ESE),EXCELENTE ,M1D5
DRTSC.2.855,"MORAL, URBANIDAD Y CÍVICA PRIMER GRADO",ROSA NOHEMY PINTO DE REYES,EDITORIAL SANTILLANA,EXCELENTE ,M1D5
DRTSC.2.856,"MORAL, URBANIDAD Y CÍVICA 2° GRADO",MARÍA VICTORIA ALGER Y SILVIA LORENA FLORES DE ANAYA,EDICIONES SERVICIOS EDUCATIVOS (ESE),EXCELENTE ,M1D5
DRTSC.2.857,"MORAL, URBANIDAD Y CÍVICA 2° GRADO",MARÍA VICTORIA ALGER Y SILVIA LORENA FLORES DE ANAYA,EDICIONES SERVICIOS EDUCATIVOS (ESE),EXCELENTE ,M1D5
DRTSC.2.858,"MORAL, URBANIDAD Y CÍVICA SEGUNDO GRADO",ROSA NOHEMY PINTO DE REYES,EDITORIAL SANTILLANA,EXCELENTE ,M1D5
DRTSC.2.859,"MORAL, URBANIDAD Y CÍVICA 3° GRADO","MARÍA VICTORIA ALGER, SABINA VELÁSQUEZ DE ALGER Y LAURA MARÍA ALGER",EDICIONES SERVICIOS EDUCATIVOS (ESE),EXCELENTE ,M1D5
DRTSC.2.860,"MORAL, URBANIDAD Y CÍVICA 3° GRADO","MARÍA VICTORIA ALGER, SABINA VELÁSQUEZ DE ALGER Y LAURA MARÍA ALGER",EDICIONES SERVICIOS EDUCATIVOS (ESE),EXCELENTE ,M1D5
DRTSC.2.861,"MORAL, URBANIDAD Y CÍVICA 3° GRADO","MARÍA VICTORIA ALGER, SABINA VELÁSQUEZ DE ALGER Y LAURA MARÍA ALGER",EDICIONES SERVICIOS EDUCATIVOS (ESE),EXCELENTE ,M1D5
DRTSC.2.862,"MORAL, URBANIDAD Y CÍVICA 3° GRADO","MARÍA VICTORIA ALGER, SABINA VELÁSQUEZ DE ALGER Y LAURA MARÍA ALGER",EDICIONES SERVICIOS EDUCATIVOS (ESE),EXCELENTE ,M1E1
DRTSC.2.863,"MORAL, URBANIDAD Y CÍVICA 4° GRADO","MARÍA VICTORIA ALGER, SABINA VELÁSQUEZ DE ALGER ",EDICIONES SERVICIOS EDUCATIVOS (ESE),EXCELENTE ,M1E1
DRTSC.2.864,"MORAL, URBANIDAD Y CÍVICA 5° GRADO",MARÍA VICTORIA ALGER,EDICIONES SERVICIOS EDUCATIVOS (ESE),EXCELENTE ,M1E1
DRTSC.2.865,"MORAL, URBANIDAD Y CÍVICA 6° GRADO",MARÍA VICTORIA ALGER,EDICIONES SERVICIOS EDUCATIVOS (ESE),EXCELENTE ,M1E1
DRTSC.2.866,"MORAL, URBANIDAD Y CÍVICA 6° GRADO",MARÍA VICTORIA ALGER,EDICIONES SERVICIOS EDUCATIVOS (ESE),EXCELENTE ,M1E1
DRTSC.2.867,"MORAL, URBANIDAD Y CÍVICA 6° GRADO",MARÍA VICTORIA ALGER,EDICIONES SERVICIOS EDUCATIVOS (ESE),EXCELENTE ,M1E1
DRTSC.2.868,ESTUDIOS SOCIALES Y CÍVICA 1° BACHILLERATO,HÉCTOR J. SAMOUR,EDICIONES SEVICIOS EDUCATIVOS,EXCELENTE ,M1E1
DRTSC.2.869,ESTUDIOS SOCIALES Y CÍVICA 2°  AÑO DE BACHILLERATO,JOSÉ ARMANDO OLIVA M. / HÉCTOR J. SAMOUR C.,EDICIONES SEVICIOS EDUCATIVOS,EXCELENTE ,M1E1
DRTSC.2.870,ESTUDIOS SOCIALES Y CÍVICA 2°  AÑO DE BACHILLERATO,JOSÉ ARMANDO OLIVA M. / HÉCTOR J. SAMOUR C.,EDICIONES SEVICIOS EDUCATIVOS,EXCELENTE ,M1E1
DRTSC.2.871,"ESTUDIOS SOCIALES Y CÍVICA 1 . LIBRO PARA DOCENTE, BACHILLERATO 1",MIGUEL ANGEL AGUILAR CARDOSA,EDITORIAL SANTILLANA,EXCELENTE ,M1E1
DRTSC.2.872,"ESTUDIOS SOCIALES Y CÍVICA 2 . LIBRO PARA DOCENTE, BACHILLERATO 2",RODOLFO ANTONIO NOLASCO LOZANO,EDITORIAL SANTILLANA,EXCELENTE ,M1E1
DRTSC.2.873,"MORAL, URBANIDAD Y CÍVICA 1° BACHILLERATO","MARÍA VICTORIA ALGER, SABINA VELÁSQUEZ DE ALGER Y LAURA MARÍA ALGER",EDICIONES SERVICIOS EDUCATIVOS (ESE),EXCELENTE ,M1E1
DRTSC.2.874,"MORAL, URBANIDAD Y CÍVICA 1° BACHILLERATO","MARÍA VICTORIA ALGER, SABINA VELÁSQUEZ DE ALGER Y LAURA MARÍA ALGER",EDICIONES SERVICIOS EDUCATIVOS (ESE),EXCELENTE ,M1E1
DRTSC.2.875,"MORAL, URBANIDAD Y CÍVICA 1° BACHILLERATO","MARÍA VICTORIA ALGER, SABINA VELÁSQUEZ DE ALGER Y LAURA MARÍA ALGER",EDICIONES SERVICIOS EDUCATIVOS (ESE),EXCELENTE ,M1E1
DRTSC.2.876,"MORAL, URBANIDAD Y CÍVICA 1° BACHILLERATO","MARÍA VICTORIA ALGER, SABINA VELÁSQUEZ DE ALGER Y LAURA MARÍA ALGER",EDICIONES SERVICIOS EDUCATIVOS (ESE),EXCELENTE ,M1E1
DRTSC.2.877,"MORAL, URBANIDAD Y CÍVICA 1° BACHILLERATO","MARÍA VICTORIA ALGER, SABINA VELÁSQUEZ DE ALGER Y LAURA MARÍA ALGER",EDICIONES SERVICIOS EDUCATIVOS (ESE),EXCELENTE ,M1E1
DRTSC.2.878,"MORAL, URBANIDAD Y CÍVICA 2° BACHILLERATO",LAURA MARÍA ALGER,EDICIONES SERVICIOS EDUCATIVOS (ESE),EXCELENTE ,M1E1
DRTSC.2.879,"MORAL, URBANIDAD Y CÍVICA 2° BACHILLERATO",LAURA MARÍA ALGER,EDICIONES SERVICIOS EDUCATIVOS (ESE),EXCELENTE ,M1E1
DRTSC.2.880,"MORAL, URBANIDAD Y CÍVICA 2° BACHILLERATO",LAURA MARÍA ALGER,EDICIONES SERVICIOS EDUCATIVOS (ESE),EXCELENTE ,M1E1
DRTSC.2.881,"MORAL, URBANIDAD Y CÍVICA 2° BACHILLERATO",LAURA MARÍA ALGER,EDICIONES SERVICIOS EDUCATIVOS (ESE),EXCELENTE ,M1E1
DRTSC.2.882,"UNA FAMILIA INTEGRADA, UNA FAMILIA FELIZ: UNIDAD GENERADORA BÁSICA 1",CECILIA GALLARDO DE CANO,MINISTERIO DE EDUCACIÓN (MINED),EXCELENTE ,M1E1
DRTSC.2.883,"UNIVERSIDAD MODULAR ABIERTA, FACULTAD DE CIENCIAS Y HUMANIDADES:  ÉPOCAS, NOMBRES Y ESCUELAS","NURY ELIZABETH RAMÍREZ INGLES, JULIO ALEXANDER NERIO, MAURA ISABEL CABRERA",UNIVERSIDAD MODULAR ABIERTA,EXCELENTE ,M1E1
DRTSC.2.884,MANUAL DE LABORATORIOS UNIVERSIDAD DON BOSCO. MATEMÁTICA I,FRANKLIN MENA,EDITORIAL UNIVERSIDAD DON BOSCO,EXCELENTE ,M1E1
DRTSC.2.885,MANUAL PARA ESTUDIAR CON ÉXITO EN LA UNIVERSIDAD,JOSÉ MARÍA MELGAR CALLEJAS,UFG EDITORES,EXCELENTE ,M1E1
DRTSC.2.886,MUTACIONES UNIVERSITARIAS LATINOAMERICANAS,CLAUDIO RAMA VITALE,EDITORIAL UNIVERSIDAD DON BOSCO,EXCELENTE ,M1E1
DRTSC.2.887,IDEAS UNIVERSITARIAS: BITÁCORA DE UN RECTOR. PENSAMIENTO CIRCUNSTANCIAL Y RETROSPECTIVO,MARIO ANTONIO RUÍZ RAMÍREZ,GRUPO EDITORIAL MEGA,EXCELENTE ,M1E1
DRTSC.2.888,IDEAS UNIVERSITARIAS: BITÁCORA DE UN RECTOR. PENSAMIENTO CIRCUNSTANCIAL Y RETROSPECTIVO,MARIO ANTONIO RUÍZ RAMÍREZ,GRUPO EDITORIAL MEGA,EXCELENTE ,M1E1
DRTSC.2.889,EJERCICIOS PARA USAR UNA BIBLIOTECA Y OTROS RECURSOS DE APRENDIZAJE,ROCÍO QUESADA,EDITORIAL LIMUSA,EXCELENTE ,M1E1
DRTSC.2.890,PROPUESTA TÉCNICA PARA LA TOMA DE DECISIONES EN PROCESOS ESTRATÉGICOS DEL SISTEMA EDUCATIVO NACIONAL,MINISTERIO DE EDUCACIÓN (MINED),MINED,EXCELENTE ,M1E1
DRTSC.2.891,PROPUESTA TÉCNICA PARA LA TOMA DE DECISIONES EN PROCESOS ESTRATÉGICOS DEL SISTEMA EDUCATIVO NACIONAL,MINISTERIO DE EDUCACIÓN (MINED),MINED,EXCELENTE ,M1E1
DRTSC.2.892,PLAN NACIONAL DE FORMACIÓN DE DOCENTES EN SERVICIO EN EL SECTOR PÚBLICO 2015 - 2019 ,MINISTERIO DE EDUCACIÓN,CARLOS RODRÍGUEZ RIVAS,EXCELENTE ,M1E1
DRTSC.2.893,PLAN NACIONAL DE FORMACIÓN DE DOCENTES EN SERVICIO EN EL SECTOR PÚBLICO 2015 - 2019 ,MINISTERIO DE EDUCACIÓN,CARLOS RODRÍGUEZ RIVAS,EXCELENTE ,M1E1
DRTSC.2.894,A CORRESPONDENCE WORKBOOK,A. ASHLEY,OXFORD UNIVERSITY PRESS,EXCELENTE ,M1E1
DRTSC.2.895,"LIKE, CLICK Y PIXEL. INVESTIGACIONES SOBRE COMUNICACIÓN DIGITAL EN EL SALVADOR",TERESA PALACIOS DE CHÁVEZ,MÓNICA HERRERA EDICIONES,EXCELENTE ,M1E1
DRTSC.2.896,REGLAMENTO GENERAL DE TRANSITO Y SEGURIDAD VIAL,MINISTERIO DE OBRAS PÚBLICAS,EDITORIAL JURÍDICA SALVADOREÑA,EXCELENTE ,M1E1
DRTSC.2.897,"HISTORIA, PATRIMONIO E IDENTIDADES EN EL MUNICIPIO PUERTO DE LA LIBERTAD, EL SALVADOR",JOSÉ HERIBERTO ERQUICIA CRUZ Y PAOLA MARÍA NAVARRETE GÁLVEZ,UNIVERSIDAD TECNOLÓGICA DE EL SALVADOR,EXCELENTE ,M1E1
DRTSC.2.898,TRADICIÓN ORAL DE EL SALVADOR,"SECCIÓN DE ETNOGRAFÍA, DEPARTAMENTO DE INVESTIGACIONES DE LA DIRECCIÓN CULTURAL",DIRECCIÓN DE PUBLICACIONES E IMPRESOS (DPI),EXCELENTE ,M1E1
DRTSC.2.899,TRADICIÓN ORAL DE EL SALVADOR,"SECCIÓN DE ETNOGRAFÍA, DEPARTAMENTO DE INVESTIGACIONES DE LA DIRECCIÓN CULTURAL",DIRECCIÓN DE PUBLICACIONES E IMPRESOS (DPI),EXCELENTE ,M1E1
DRTSC.2.900,TRADICIÓN ORAL DE EL SALVADOR,"SECCIÓN DE ETNOGRAFÍA, DEPARTAMENTO DE INVESTIGACIONES DE LA DIRECCIÓN CULTURAL",DIRECCIÓN DE PUBLICACIONES E IMPRESOS (DPI),EXCELENTE ,M1E1
DRTSC.2.901,"EL GRAN LIBRO DE CUENTOS, LEYENDAS, CHISTES, RIMAS, ANÉCDOTAS, ADIVINANZAS, TRABALENGUAS Y MUCHO MÁS...",CARLOS C. MALDONADO,IDENTIDAD CULTURAL S.A DE C.V.,EXCELENTE ,M1E1
DRTSC.2.902,"EL GRAN LIBRO DE CUENTOS, LEYENDAS, CHISTES, RIMAS, ANÉCDOTAS, ADIVINANZAS, TRABALENGUAS Y MUCHO MÁS...",CARLOS C. MALDONADO,IDENTIDAD CULTURAL S.A DE C.V.,EXCELENTE ,M1E1
DRTSC.2.903,FÁBULAS,LEÓN SIGÜENZA,EDITORIAL CLÁSICOS ROXSIL,EXCELENTE ,M1E1
DRTSC.2.904,FÁBULAS,LEÓN SIGÜENZA,DIRECCIÓN DE PUBLICACIONES E IMPRESOS (DPI),EXCELENTE ,M1E1
DRTSC.2.905,FÁBULAS,LEÓN SIGÜENZA,DIRECCIÓN DE PUBLICACIONES E IMPRESOS (DPI),EXCELENTE ,M1E1
DRTSC.2.906,FÁBULAS,LEÓN SIGÜENZA,DIRECCIÓN DE PUBLICACIONES E IMPRESOS (DPI),EXCELENTE ,M1E1
DRTSC.2.907,LIBRO DE LOS ESPEJISMOS,JAVIER ALAS,DIRECCIÓN DE PUBLICACIONES E IMPRESOS (DPI),EXCELENTE ,M1E1
DRTSC.2.908,LIBRO DE LOS ESPEJISMOS,JAVIER ALAS,DIRECCIÓN DE PUBLICACIONES E IMPRESOS (DPI),EXCELENTE ,M1E1
DRTSC.2.909,LIBRO DE LOS ESPEJISMOS,JAVIER ALAS,DIRECCIÓN DE PUBLICACIONES E IMPRESOS (DPI),EXCELENTE ,M1E1
DRTSC.2.910,COMPENDIO DE LITERATURA UNIVERSAL: BACHILLERATO,EVA LYDIA OSEGUERA,GRUPO PATRIA CULTURAL,EXCELENTE ,M1E2
DRTSC.2.911,LENGUAJE  Y LITERATURA 1° BACHILLERATO,RAFAEL FRANCISCO GÓCHEZ,EDICIONES SERVICIOS EDUCATIVOS,EXCELENTE ,M1E2
DRTSC.2.912,LENGUAJE  Y LITERATURA 1° BACHILLERATO,RAFAEL FRANCISCO GÓCHEZ,EDICIONES SERVICIOS EDUCATIVOS,EXCELENTE ,M1E2
DRTSC.2.913,LENGUAJE  Y LITERATURA 1° BACHILLERATO,RAFAEL FRANCISCO GÓCHEZ,EDICIONES SERVICIOS EDUCATIVOS,EXCELENTE ,M1E2
DRTSC.2.914,LENGUAJE  Y LITERATURA 2° BACHILLERATO,RAFAEL FRANCISCO GÓCHEZ,EDICIONES SERVICIOS EDUCATIVOS,EXCELENTE ,M1E2
DRTSC.2.915,LENGUAJE  Y LITERATURA 2° BACHILLERATO,RAFAEL FRANCISCO GÓCHEZ,EDICIONES SERVICIOS EDUCATIVOS,EXCELENTE ,M1E2
DRTSC.2.916,LENGUAJE Y LITERATURA. 2° AÑO DE BACHILLERATO,RAFAEL FRANCISCO GÓCHEZ,EDICIONES SERVICIOS EDUCATIVOS,EXCELENTE ,M1E2
DRTSC.2.917,LOS ENSUEÑOS DEL ESCONBRO,RAFAEL LARA-MARTÍNEZ,EDITORIAL UNIVERSIDAD DON BOSCO,EXCELENTE ,M1E2
DRTSC.2.918,ATLAS LINGÜISTICO - ETNOGRÁFICO PLURIDIMENCIONAL DE EL SALVADOR,ERICK JOEL RIVERA ORELLANA,TALLERES GRÁFICOS UCA,EXCELENTE ,M1E2
DRTSC.2.919,MCGRAW - HILL READING,"JAMES FLOOD, JAN E. HASBROUCK Y OTROS AUTORES",MCGRAW - HILL SCHOOL DIVISION,EXCELENTE ,M1E2
DRTSC.2.920,GRAMÁTICA 4: CUADERNO DE TRABAJO,LIDDA STELLA ÁVILA,EDITORIAL SANTILLANA,EXCELENTE ,M1E2
DRTSC.2.921,GRAMÁTICA 5: CUADERNO DE TRABAJO,ELVIA HORTENCIA GONZÁLEZ SALAZAR,EDITORIAL SANTILLANA,EXCELENTE ,M1E2
DRTSC.2.922,LA GRAMÁTICA ELECTRÓNICA,ALBERTO VITAL,EDITORIAL SANTILLANA,EXCELENTE ,M1E2
DRTSC.2.923,MANUAL DE GRAMÁTICA Y ORTOGRAFÍA,PEDRO ESPITIA,MUNDO CULTURAL,EXCELENTE ,M1E2
DRTSC.2.924,LA LENGUA SALVADOREÑA: EL ESPAÑOL QUE HABLAMOS EN EL SALVADOR,PEDRO GEOFFROY RIVAS,DIRECCIÓN DE PUBLICACIONES E IMPRESOS (DPI),EXCELENTE ,M1E2
DRTSC.2.925,LA LENGUA SALVADOREÑA: EL ESPAÑOL QUE HABLAMOS EN EL SALVADOR,PEDRO GEOFFROY RIVAS,DIRECCIÓN DE PUBLICACIONES E IMPRESOS (DPI),EXCELENTE ,M1E2
DRTSC.2.926,LA LENGUA SALVADOREÑA: EL ESPAÑOL QUE HABLAMOS EN EL SALVADOR,PEDRO GEOFFROY RIVAS,DIRECCIÓN DE PUBLICACIONES E IMPRESOS (DPI),EXCELENTE ,M1E2
DRTSC.2.927,AVENTURAS CON LA CIENCIA: ENERGÍA UN RECURSO PARA CONOCER Y CUIDAR,NORMA CANTONI,EDITORIAL ALBATROS,EXCELENTE ,M1E2
DRTSC.2.928,CIENCIA CON TODO: EXPERIMENTOS SIMPLES CON LAS COSAS QUE NOS RODEAN,SHAR LEVINE / LESLIE JOHNSTONE,EDITORIAL ALBATROS,EXCELENTE ,M1E2
DRTSC.2.929,CIENCIA CON TODO: EXPERIMENTOS SIMPLES CON LAS COSAS QUE NOS RODEAN,SHAR LEVINE / LESLIE JOHNSTONE,EDITORIAL ALBATROS,EXCELENTE ,M1E2
DRTSC.2.930,CIENCIA DE LA CABEZA A LOS PIES: MÁS DE 40 ACTIVIDADES SOBRE EL CUERPO HUMANO,JIM WIESE,EDITORIAL ALBATROS,EXCELENTE ,M1E2
DRTSC.2.931,MATEMÁTICA 2: REFUERZO PAES,AMADEO ARTEMIO CERNA GALO,EDITORIAL SANTILLANA,EXCELENTE ,M1E2
DRTSC.2.932,MATEMÁTICA 2: REFUERZO PAES,AMADEO ARTEMIO CERNA GALO,EDITORIAL SANTILLANA,EXCELENTE ,M1E2
DRTSC.2.933,MATEMÁTICA 2: PROYECTO PAES,AMADEO ARTEMIO CERNA GALO,EDITORIAL SANTILLANA,EXCELENTE ,M1E2
DRTSC.2.934,MATEMÁTICA 2: PROYECTO PAES,AMADEO ARTEMIO CERNA GALO,EDITORIAL SANTILLANA,EXCELENTE ,M1E2
DRTSC.2.935,ÁLGEBRA   ,DR. AURELIO BALDOR,EDICIONES Y DISTRIBUCIONES CODICE,EXCELENTE ,M1E2
DRTSC.2.936,ALGEBRA PARA ESTUDIANTES DE CIENCIAS ECONÓMICAS,FAUSTO SALVADOR ANAYA,EDITORIAL UNIVERSITARIA UES,EXCELENTE ,M1E2
DRTSC.2.937,REPRESENTACIÓN NUMÉRICA,LUZ MARÍA MARVÁN,EDITORIAL SANTILLANA,EXCELENTE ,M1E2
DRTSC.2.938,TEORÍA DEL NÚMERO,RODOLFO MORALES M.,DIRECCIÓN DE PUBLICACIONES E IMPRESOS,EXCELENTE ,M1E2
DRTSC.2.939,TEORÍA DEL NÚMERO,RODOLFO MORALES M.,DIRECCIÓN DE PUBLICACIONES E IMPRESOS,EXCELENTE ,M1E2
DRTSC.2.940,TEORÍA DEL NÚMERO,RODOLFO MORALES M.,DIRECCIÓN DE PUBLICACIONES E IMPRESOS,EXCELENTE ,M1E2
DRTSC.2.941,MATEMÁTICAS: PRIMER AÑO DE BACHILLERATO,"JOSÉ DAVID MORÁN MENDOZA, LUIS MARÍA ORMAECHEA",EDICIONES SERVICIOS EDUCATIVOS,EXCELENTE ,M1E2
DRTSC.2.942,MATEMÁTICAS: PRIMER AÑO DE BACHILLERATO,"JOSÉ DAVID MORÁN MENDOZA, LUIS MARÍA ORMAECHEA",EDICIONES SERVICIOS EDUCATIVOS,EXCELENTE ,M1E2
DRTSC.2.943,MATEMÁTICAS: PRIMER AÑO DE BACHILLERATO,"JOSÉ DAVID MORÁN MENDOZA, LUIS MARÍA ORMAECHEA",EDICIONES SERVICIOS EDUCATIVOS,EXCELENTE ,M1E2
DRTSC.2.944,MATEMÁTICA 1: BACHILLERATO,XIMENA DOLORES RODRÍGUEZ CALLEJAS,EDITORIAL SANTILLANA,EXCELENTE ,M1E2
DRTSC.2.945,"MATEMÁTICA 1: LIBRO PARA EL DOCENTE, BACHILLERATO",JANET SAUMIRA COTO VÁSQUEZ,EDITORIAL SANTILLANA,EXCELENTE ,M1E2
DRTSC.2.946,"MATEMÁTICA. 1ER. AÑO DE BACHILLERATO, SEGÚN EL PROGRAMA DEL MINISTERIO DE EDUCACIÓN","MANOLO GUARDADO, JOSÉ DAVID MORÁN Y LUIS MARÍA ORMAECHEA",EDICIONES SERVICIOS EDUCATIVOS,EXCELENTE ,M1E2
DRTSC.2.947,"MATEMÁTICA. 1ER. AÑO DE BACHILLERATO, SEGÚN EL PROGRAMA DEL MINISTERIO DE EDUCACIÓN","MANOLO GUARDADO, JOSÉ DAVID MORÁN Y LUIS MARÍA ORMAECHEA",EDICIONES SERVICIOS EDUCATIVOS,EXCELENTE ,M1E2
DRTSC.2.948,"MATEMÁTICA. 1ER. AÑO DE BACHILLERATO, SEGÚN EL PROGRAMA DEL MINISTERIO DE EDUCACIÓN","MANOLO GUARDADO, JOSÉ DAVID MORÁN Y LUIS MARÍA ORMAECHEA",EDICIONES SERVICIOS EDUCATIVOS,EXCELENTE ,M1E2
DRTSC.2.949,"MATEMÁTICA. 1ER. AÑO DE BACHILLERATO, SEGÚN EL PROGRAMA DEL MINISTERIO DE EDUCACIÓN","MANOLO GUARDADO, JOSÉ DAVID MORÁN Y LUIS MARÍA ORMAECHEA",EDICIONES SERVICIOS EDUCATIVOS,EXCELENTE ,M1E2
DRTSC.2.950,"MATEMÁTICA. 1ER. AÑO DE BACHILLERATO, SEGÚN EL PROGRAMA DEL MINISTERIO DE EDUCACIÓN","MANOLO GUARDADO, JOSÉ DAVID MORÁN Y LUIS MARÍA ORMAECHEA",EDICIONES SERVICIOS EDUCATIVOS,EXCELENTE ,M1E2
DRTSC.2.951,MATEMÁTICA: 1° AÑO DE BACHILLERATO,"GLORIA GALO DE NAVARRO, GILDABERTO BONILLA, MARÍA LIDIA MERLOS Y DAVID NAVARRO",UCA EDITORES,EXCELENTE ,M1E3
DRTSC.2.952,MATEMÁTICAS 2: BACHILLERATO,"VILMA CALDERÓN SORIANO DE ALVARADO, TELMA MILAGRO PINEDA, GUSTAVO ANTONIO CERROS Y OTROS AUTORES",EDITORIAL SANTILLANA,EXCELENTE ,M1E3
DRTSC.2.953,MATEMÁTICAS 2: BACHILLERATO,"KARLA LIZZETTE VARELA DE CORADO, JOSÉ ELÍAS CÁCERES, GUILLERMO ULISES PÉREZ Y OTROS",EDITORIAL SANTILLANA,EXCELENTE ,M1E3
DRTSC.2.954,MATEMÁTICAS 2: LIBRO DOCENTE,"KARLA LIZZETTE VARELA DE CORADO, JOSÉ ELÍAS CÁCERES, GUILLERMO ULISES PÉREZ Y OTROS",EDITORIAL SANTILLANA,EXCELENTE ,M1E3
DRTSC.2.955,MATEMÁTICAS 2: LIBRO DOCENTE,"KARLA LIZZETTE VARELA DE CORADO, JOSÉ ELÍAS CÁCERES, GUILLERMO ULISES PÉREZ Y OTROS",EDITORIAL SANTILLANA,EXCELENTE ,M1E3
DRTSC.2.956,ASTRONOMÍA PARA NIÑOS Y JÓVENES: 101 EXPERIMENTOS SUPERDIVERTIDOS,JANICE VANCLEAVE,LIMUSA NORIEGA EDITORES,EXCELENTE ,M1E3
DRTSC.2.957,FRONTERAS DE LA ASTRONOMÍA,JOSÉ DE LA HERRÁN,EDITORIAL SANTILLANA,EXCELENTE ,M1E3
DRTSC.2.958,EL COCODRILO QUE SE TRAGÓ EL SOL: HISTORIAS Y LEYENDAS DEL CIELO,GERMÁN PUERTA RESTREPO,PANAMERICANA EDITORIAL,EXCELENTE ,M1E3
DRTSC.2.959,EL COCODRILO QUE SE TRAGÓ EL SOL: HISTORIAS Y LEYENDAS DEL CIELO,GERMÁN PUERTA RESTREPO,PANAMERICANA EDITORIAL,EXCELENTE ,M1E3
DRTSC.2.960,"EL DOMO DEL GUEGUECHO Y LA EVOLUCIÓN VOLCÁNICA, SAN PEDRO PERULAPÁN (DEPARTAMENTO DE CUSCATLAN) , EL SALVADOR: PRIMER INFORME","WALTER HERNÁNDEZ, GUILLERMO E. ALVARADO, BRIAN JICHA Y LUIS MIXCO",UNIVERSIDAD TECNOLÓGICA DE EL SALVADOR,EXCELENTE ,M1E3
DRTSC.2.961,INVESTIGACIONES PALEONTOLÓGICAS EN EL SALVADOR. MUSEO DE HISTORIA NATURAL DE EL SALVADOR,"MAURICIO MOLINA, DANIEL AGUILAR Y DANIEL ALVARENGA",DIRECCIÓN DE PUBLICACIONES E IMPRESOS (DPI),EXCELENTE ,M1E3
DRTSC.2.962,INVESTIGACIONES PALEONTOLÓGICAS EN EL SALVADOR. MUSEO DE HISTORIA NATURAL DE EL SALVADOR,"MAURICIO MOLINA, DANIEL AGUILAR Y DANIEL ALVARENGA",DIRECCIÓN DE PUBLICACIONES E IMPRESOS (DPI),EXCELENTE ,M1E3
DRTSC.2.963,INVESTIGACIONES PALEONTOLÓGICAS EN EL SALVADOR. MUSEO DE HISTORIA NATURAL DE EL SALVADOR,"MAURICIO MOLINA, DANIEL AGUILAR Y DANIEL ALVARENGA",DIRECCIÓN DE PUBLICACIONES E IMPRESOS (DPI),EXCELENTE ,M1E3
DRTSC.2.964,PROCEDIMIENTOS DE CONSERVACIÓN Y RESTAURACIÓN DE MATERIALES PELEONTOLÓGICOS,JESÚS ERNESTO NOVOA ROQUE,DIRECCIÓN DE PUBLICACIONES E IMPRESOS (DPI),EXCELENTE ,M1E3
DRTSC.2.965,PROCEDIMIENTOS DE CONSERVACIÓN Y RESTAURACIÓN DE MATERIALES PELEONTOLÓGICOS,JESÚS ERNESTO NOVOA ROQUE,DIRECCIÓN DE PUBLICACIONES E IMPRESOS (DPI),EXCELENTE ,M1E3
DRTSC.2.966,PROCEDIMIENTOS DE CONSERVACIÓN Y RESTAURACIÓN DE MATERIALES PELEONTOLÓGICOS,JESÚS ERNESTO NOVOA ROQUE,DIRECCIÓN DE PUBLICACIONES E IMPRESOS (DPI),EXCELENTE ,M1E3
DRTSC.2.967,CIENCIAS NATURALES PRIMER AÑO DE BACHILLERATO: CON ENFOQUE EN SALUD Y MEDIO AMBIENTE,"LAURA ARELI MORA VALDÉS, MARIO IVÁN KALID ÁLVAREZ LÓPEZ, JESÚS ERNESTINA HERNÁNDEZ CASTRO Y OTROS AUTORES ",EDICIONES SERVICIOS EDUCATIVOS (ESE),EXCELENTE ,M1E3
DRTSC.2.968,CIENCIAS NATURALES PRIMER AÑO DE BACHILLERATO: CON ENFOQUE EN SALUD Y MEDIO AMBIENTE,"LAURA ARELI MORA VALDÉS, MARIO IVÁN KALID ÁLVAREZ LÓPEZ, JESÚS ERNESTINA HERNÁNDEZ CASTRO Y OTROS AUTORES ",EDICIONES SERVICIOS EDUCATIVOS (ESE),EXCELENTE ,M1E3
DRTSC.2.969,CIENCIAS NATURALES PRIMER AÑO DE BACHILLERATO: CON ENFOQUE EN SALUD Y MEDIO AMBIENTE,"LAURA ARELI MORA VALDÉS, MARIO IVÁN KALID ÁLVAREZ LÓPEZ, JESÚS ERNESTINA HERNÁNDEZ CASTRO Y OTROS AUTORES ",EDICIONES SERVICIOS EDUCATIVOS (ESE),EXCELENTE ,M1E3
DRTSC.2.970,CIENCIAS NATURALES SEGUNDO AÑO DE BACHILLERATO: CON ENFOQUE EN SALUD Y MEDIO AMBIENTE,"SABINA VELÁSQUEZ DE ALGER, MARÍA VICTORIA ALGER Y LAURA ALGER LÓPEZ",EDICIONES SERVICIOS EDUCATIVOS (ESE),EXCELENTE ,M1E3
DRTSC.2.971,CIENCIAS NATURALES SEGUNDO AÑO DE BACHILLERATO: CON ENFOQUE EN SALUD Y MEDIO AMBIENTE,"SABINA VELÁSQUEZ DE ALGER, MARÍA VICTORIA ALGER Y LAURA ALGER LÓPEZ",EDICIONES SERVICIOS EDUCATIVOS (ESE),EXCELENTE ,M1E3
DRTSC.2.972,CIENCIAS NATURALES 2: BACHILLERATO,"MARLON ARMANDO TESHE, KARLA MARÍA RIVAS GÓMEZ, FLOR DE MARÍA LÓPEZ HERNANDEZ Y MARVIN LEONARDI LÓPEZ ALEMÁN",EDITORIAL SANTILLANA,EXCELENTE ,M1E3
DRTSC.2.973,CIENCIAS NATURALES: 2° AÑO DE BACHILLERATO GENERAL,LUIS H. JOVEL DÍAZ,EDICIONES SERVICIOS EDUCATIVOS (ESE),EXCELENTE ,M1E3
DRTSC.2.974,ECOLOGÍA,ROSALINO VÁSQUEZ CONDE,EDITORIAL CULTURAL,EXCELENTE ,M1E3
DRTSC.2.975,CÓMO CUIDAR NUESTRO PLANETA,DIANA MARÍA OROZCO VELÁSQUEZ,PANAMERICANA EDITORIAL,EXCELENTE ,M1E3
DRTSC.2.976,CÓMO CUIDAR NUESTRO PLANETA,DIANA MARÍA OROZCO VELÁSQUEZ,PANAMERICANA EDITORIAL,EXCELENTE ,M1E3
DRTSC.2.977,COMPENDIO DE BOTÁNICA SISTEMÁTICA: (ADAPTADA A EL SALVADOR),JORGE ADALBERTO LAGOS,DIRECCIÓN DE PUBLICACIONES E IMPRESOS (DPI),EXCELENTE ,M1E3
DRTSC.2.978,COMPENDIO DE BOTÁNICA SISTEMÁTICA: (ADAPTADA A EL SALVADOR),JORGE ADALBERTO LAGOS,DIRECCIÓN DE PUBLICACIONES E IMPRESOS (DPI),EXCELENTE ,M1E3
DRTSC.2.979,COMPENDIO DE BOTÁNICA SISTEMÁTICA: (ADAPTADA A EL SALVADOR),JORGE ADALBERTO LAGOS,DIRECCIÓN DE PUBLICACIONES E IMPRESOS (DPI),EXCELENTE ,M1E3
DRTSC.2.980,LA BOTÁNICA,SONJA DULETIC - LAUSEVIC,PANAMERICANA EDITORIAL,EXCELENTE ,M1E3
DRTSC.2.981,LA BOTÁNICA,SONJA DULETIC - LAUSEVIC,PANAMERICANA EDITORIAL,EXCELENTE ,M1E3
DRTSC.2.982,COMPARTIENDO INFORMACIÓN SOBRE BIODIVERSIDAD: GIRAS BOTÁNICAS EN EL SALVADOR,"EUNICE ESTER ECHEVERRÍA, ANA MARÍA RIVERA, JOSÉ GABRIEL CERÉN LÓPEZ Y ARMANDO RUÍZ BOYER",MUSEO DE HISTORIA NATURAL DE EL SALVADOR,EXCELENTE ,M1E3
DRTSC.2.983,EL REINO ANIMAL,SALLY HEWITT,PANAMERICANA EDITORIAL,EXCELENTE ,M1E3
DRTSC.2.984,EL REINO ANIMAL,SALLY HEWITT,PANAMERICANA EDITORIAL,EXCELENTE ,M1E3
DRTSC.2.985,ATLAS DE LA VIDA SILVESTRE: UNA EXHAUSTIVA GUÍA DEL HÁBITAT DE LOS ANIMALES,JOHN FARNDON,PANAMERICANA EDITORIAL,EXCELENTE ,M1E3
DRTSC.2.986,ATLAS DE LA VIDA SILVESTRE: UNA EXHAUSTIVA GUÍA DEL HÁBITAT DE LOS ANIMALES,JOHN FARNDON,PANAMERICANA EDITORIAL,EXCELENTE ,M1E3
DRTSC.2.987,ESPONJAS,STANLEY L. SWARTZ,DOMINIE PRESS,EXCELENTE ,M1E4
DRTSC.2.988,ESPONJAS,STANLEY L. SWARTZ,DOMINIE PRESS,EXCELENTE ,M1E4
DRTSC.2.989,SALTAMONTES Y GRILLOS: MUNDO DE INVERTEBRADOS DOMINIE,GRAHAM MEADOWS Y CLAIRE VIAL,DOMINIE PRESS,EXCELENTE ,M1E4
DRTSC.2.990,ARTRÓPODOS: MUNDO DE INVERTEBRADOS DOMINIE,GRAHAM MEADOWS Y CLAIRE VIAL,DOMINIE PRESS,EXCELENTE ,M1E4
DRTSC.2.991,"CANGREJOS, CAMARONES Y LANGOSTAS",STANLEY L. SWARTZ,"PEARSON EDUCATION, DOMINIE PRESS",EXCELENTE ,M1E4
DRTSC.2.992,LOOKING FOR INSECTS,"ELENA CASTRO, BARBARA FLORES Y EDDIE HERNÁNDEZ",PEARSON LEARNING,EXCELENTE ,M1E4
DRTSC.2.993,RANAS Y SAPOS: MUNDO DE ANFIBIOS Y REPTILES DOMINIE,GRAHAM MEADOWS Y CLAIRE VIAL ,DOMINIE PRESS,EXCELENTE ,M1E4
DRTSC.2.994,FAMILIAS DE AVES Y CICLOS DE VIDA,GRAHAM MEADOWS Y CLAIRE VIAL ,DOMINIE PRESS,EXCELENTE ,M1E4
DRTSC.2.995,MIGRACIÓN: EL MUNDO DE LAS AVES DE DOMINIE,GRAHAM MEADOWS Y CLAIRE VIAL ,DOMINIE PRESS,EXCELENTE ,M1E4
DRTSC.2.996,MURCIÉLAGOS DE EL SALVADOR: ESPECÍMENES DEPOSITADOS EN EL MUSEO DE HISTORIA NATURAL DE EL SALVADOR,RAQUEL ALVARADO-LARIOS,DIRECCIÓN DE PUBLICACIONES E IMPRESOS (DPI),EXCELENTE ,M1E4
DRTSC.2.997,MURCIÉLAGOS DE EL SALVADOR: ESPECÍMENES DEPOSITADOS EN EL MUSEO DE HISTORIA NATURAL DE EL SALVADOR,RAQUEL ALVARADO-LARIOS,DIRECCIÓN DE PUBLICACIONES E IMPRESOS (DPI),EXCELENTE ,M1E4
DRTSC.2.998,MURCIÉLAGOS DE EL SALVADOR: ESPECÍMENES DEPOSITADOS EN EL MUSEO DE HISTORIA NATURAL DE EL SALVADOR,RAQUEL ALVARADO-LARIOS,DIRECCIÓN DE PUBLICACIONES E IMPRESOS (DPI),EXCELENTE ,M1E4
DRTSC.2.999,101 PREGUNTAS Y RESPUESTAS : CUERPO HUMANO,EDITORIAL SIGMAR,EDITORIAL SIGMAR,EXCELENTE ,M1E4
DRTSC.2.1000,APRENDO YOGA,ANDRÉ VAN LYSEBETH,EDICIONES URANO,EXCELENTE ,M1E4
DRTSC.2.1001,"DE NIÑA A MUJER: DESCUBRIÉNDOTE LISTA, FUERTE Y AUTÉNTICA",MAYIM BIALIK,VR EDITORAS,EXCELENTE ,M1E4
DRTSC.2.1002,"DE NIÑA A MUJER: DESCUBRIÉNDOTE LISTA, FUERTE Y AUTÉNTICA",MAYIM BIALIK,VR EDITORAS,EXCELENTE ,M1E4
DRTSC.2.1003,"DE NIÑO A HOMBRE: DESCUBRIÉNDOTE, LISTO, VALIENTE Y AUDAZ",MAYIM BIALIK,VR EDITORAS,EXCELENTE ,M1E4
DRTSC.2.1004,"DE NIÑO A HOMBRE: DESCUBRIÉNDOTE, LISTO, VALIENTE Y AUDAZ",MAYIM BIALIK,VR EDITORAS,EXCELENTE ,M1E4
DRTSC.2.1005,EL MÉTODO KOUSMINE,ASOCIACIÓN MÉDICA KOUSMINE,EDICIONES URANO,EXCELENTE ,M1E4
DRTSC.2.1006,LA SALUD GENERAL RELACIONADA CON LA ADAPTACIÓN A LA VIDA UNIVERSITARIA. ANÁLISIS DE FACTORES ASOCIADOS,"EDGARDO RENÉ CHACÓN ANDRADE, JOSÉ RICARDO GUTIÉRREZ QUINTANILLA, MARLON ELÍAS LOBOS RIVERA, ROBERTO DAVIDA MACQUAID Y MARVIN JOSUÉ FLAMENCO CORTÉZ",UNIVERSIDAD TECNOLÓGICA DE EL SALVADOR,EXCELENTE ,M1E4
DRTSC.2.1007,NUTRIRSE Y VIVIR,MARTINE CATANI,EDICIONES URANO,EXCELENTE ,M1E4
DRTSC.2.1008,POLÍTICA NACIONAL DE PARTICIPACIÓN SOCIAL EN SALUD,MINISTERIO DE SALUD,MINISTERIO DE SALUD,EXCELENTE ,M1E4
DRTSC.2.1009,LA SALUD EN TUS MANOS. UN PROGRAMA COMPLETO PARA RECOBRAR LA SALUD,JACK SOLTANOFF,EDICIONES URANO,EXCELENTE ,M1E4
DRTSC.2.1010,LA LETRINA ABONERA SECA: GUÍA DE EDUCACIÓN SANITARIA PARA LA VISITADORA FAMILIAR,UNICEF EL SALVADOR,UNICEF EL SALVADOR,EXCELENTE ,M1E4
DRTSC.2.1011,MANUAL DE EVIDENCIAS FORENSES PARA AMÉRICA CENTRAL,COLEGIO DE ABOGADOS DE ESTADOS UNIDOS,COLEGIO DE ABOGADOS DE ESTADOS UNIDOS,EXCELENTE ,M1E4
DRTSC.2.1012,MANUAL DE EVIDENCIAS FORENSES PARA AMÉRICA CENTRAL,COLEGIO DE ABOGADOS DE ESTADOS UNIDOS,COLEGIO DE ABOGADOS DE ESTADOS UNIDOS,EXCELENTE ,M1E4
DRTSC.2.1013,MANUAL DE EVIDENCIAS FORENSES PARA AMÉRICA CENTRAL,COLEGIO DE ABOGADOS DE ESTADOS UNIDOS,COLEGIO DE ABOGADOS DE ESTADOS UNIDOS,EXCELENTE ,M1E4
DRTSC.2.1014,MANUAL DE EVIDENCIAS FORENSES PARA AMÉRICA CENTRAL,COLEGIO DE ABOGADOS DE ESTADOS UNIDOS,COLEGIO DE ABOGADOS DE ESTADOS UNIDOS,EXCELENTE ,M1E4
DRTSC.2.1015,MANUAL DE EVIDENCIAS FORENSES PARA AMÉRICA CENTRAL,COLEGIO DE ABOGADOS DE ESTADOS UNIDOS,COLEGIO DE ABOGADOS DE ESTADOS UNIDOS,EXCELENTE ,M1E4
DRTSC.2.1016,MANUAL DE EVIDENCIAS FORENSES PARA AMÉRICA CENTRAL,COLEGIO DE ABOGADOS DE ESTADOS UNIDOS,COLEGIO DE ABOGADOS DE ESTADOS UNIDOS,EXCELENTE ,M1E4
DRTSC.2.1017,MANUAL DE EVIDENCIAS FORENSES PARA AMÉRICA CENTRAL,COLEGIO DE ABOGADOS DE ESTADOS UNIDOS,COLEGIO DE ABOGADOS DE ESTADOS UNIDOS,EXCELENTE ,M1E4
DRTSC.2.1018,MANUAL DE EVIDENCIAS FORENSES PARA AMÉRICA CENTRAL,COLEGIO DE ABOGADOS DE ESTADOS UNIDOS,COLEGIO DE ABOGADOS DE ESTADOS UNIDOS,EXCELENTE ,M1E4
DRTSC.2.1019,MANUAL DE EVIDENCIAS FORENSES PARA AMÉRICA CENTRAL,COLEGIO DE ABOGADOS DE ESTADOS UNIDOS,COLEGIO DE ABOGADOS DE ESTADOS UNIDOS,EXCELENTE ,M1E4
DRTSC.2.1020,MANUAL DE EVIDENCIAS FORENSES PARA AMÉRICA CENTRAL,COLEGIO DE ABOGADOS DE ESTADOS UNIDOS,COLEGIO DE ABOGADOS DE ESTADOS UNIDOS,EXCELENTE ,M1E4
DRTSC.2.1021,MANUAL DE EVIDENCIAS FORENSES PARA AMÉRICA CENTRAL,COLEGIO DE ABOGADOS DE ESTADOS UNIDOS,COLEGIO DE ABOGADOS DE ESTADOS UNIDOS,EXCELENTE ,M1E4
DRTSC.2.1022,MANUAL DE EVIDENCIAS FORENSES PARA AMÉRICA CENTRAL,COLEGIO DE ABOGADOS DE ESTADOS UNIDOS,COLEGIO DE ABOGADOS DE ESTADOS UNIDOS,EXCELENTE ,M1E4
DRTSC.2.1023,MANUAL DE EVIDENCIAS FORENSES PARA AMÉRICA CENTRAL,COLEGIO DE ABOGADOS DE ESTADOS UNIDOS,COLEGIO DE ABOGADOS DE ESTADOS UNIDOS,EXCELENTE ,M1E4
DRTSC.2.1024,CONDICIONES DE SANEAMIENTO AMBIENTAL EN LAS POBLACIONES INDÍGENAS DE EL SALVADOR,ORGANIZACIÓN PANAMERICANA DE LA SALUD (OPS),JOSÉ RUALES,EXCELENTE,M1E4
DRTSC.2.1025,MANEJO ADECUADO DE RIPIO Y ESCOMBROS,MINISTERIO DE MEDIO AMBIENTE Y RECURSOS NATURALES,SERVICIOS GRÁFICOS DE EL SALVADOR (SERVIGSAL),EXCELENTE,M1E4
DRTSC.2.1026,ANTIBACTERIANOS: BASES FARMACOLÓGICAS Y SU APLICACIÓN CLÍNICA,DR. EDUARDO SUÁREZ CASTANEDA,EDITORIAL UNIVERSITARIA UNIVERSIDAD DE EL SALVADOR,EXCELENTE,M1E4
DRTSC.2.1027,"EL AJO Y SUS PROPIEDADES CURATIVAS. HISTORIA, REMEDIOS Y RECETAS",JOHN HEINERMAN,EDICIONES PAIDOS IBÉRICA,EXCELENTE,M1E4
DRTSC.2.1028,EL LIBRO DE LOS REMEDIOS NATURALES PARA LA MUJER,DIANE STEIN,EDICIONES ROBINBOOK,EXCELENTE,M1E4
DRTSC.2.1029,HIERBAS CURATIVAS. LA GUÍA MAS MODERNA DE LAS MEDICINAS NATURALES Y SU PODER CURATIVO,MICHAEL CASTLEMAN,EDITORIAL DIANA,EXCELENTE,M1E4
DRTSC.2.1030,"LA SALUD POR LA CEBOLLA, EL AJO Y EL LIMÓN",ANDREE COCHAND,ULTRAMAR EDICIONES,EXCELENTE,M1E5
DRTSC.2.1031,PROGRAMA DE EDUCACIÓN EN MEDICINA NATURAL,JOSÉ ALGREDO HENRÍQUEZ OTERO Y GAIL HOCHACHKA,PUBLICACIONES DE CESTA ,EXCELENTE,M1E5
DRTSC.2.1032,LA  HIPERTENSIÓN,CAROLINE SHREEVE,EDICIONES ONIRO,EXCELENTE,M1E5
DRTSC.2.1033,"DIABETES MELLITUS:  BASES PATOGÉNICAS, CLÍNICAS Y TERAPÉUTICAS",JOSÉ LUIS HERRERA POMBO,HAROFARMA,EXCELENTE,M1E5
DRTSC.2.1034,"ENFERMEDAD RENAL EN CUATRO ZONAS DE USO AGRÍCOLA DE EL SALVADOR: PREVALENCIA, FACTORES DE RIESGO E INDICADORES ASOCIADOS DE DISFUNCIÓN HEPÁTICA, UNIVERSIDAD DOCTOR ANDRÉS BELLO","JOSÉ ROBERTO HERNÁNDEZ RAUDA, JOSÉ AMÉRICO ÁVILA, KARLA E. HERNÁNDEZ ESCOBAR Y OTROS",UNIVERSIDAD DOCTOR ANDRÉS BELLO,EXCELENTE,M1E5
DRTSC.2.1035,TEXTO DE ORINOTERAPIA. CUARTA EDICIÓN,ATOM INOUE,FUNDACIÓN COMUNIDAD DEL HOSPITAL NATURAL DE NICARAGUA,EXCELENTE,M1E5
DRTSC.2.1036,ESTUDIO DE BUENAS PRÁCTICAS EN CLÍNICAS DE PSICOLOGÍA. CASO UTEC,"EDGARDO CHACÓN ANDRADE, SANDRA BEATRIZ DE HASBÚN, Y CLAUDIA MEMBREÑO CHACÓN",UNIVERSIDAD TECNOLÓGICA DE EL SALVADOR,EXCELENTE,M1E5
DRTSC.2.1037,GUÍA BÁSICA DE PRIMEROS AUXILIOS,CUERPO DE BOMBEROS DE EL SALVADOR,IMPRENTA NACIONAL,EXCELENTE,M1E5
DRTSC.2.1038,GUÍA DE DIAGNÓSTICO EN ODONTOLOGÍA,"JOSÉ ÁNGEL GARCÍA ARTIGA, CARMEN ELISA CASTRO DE DÍAZ",EDITORIAL DE LA UNIVERSIDAD EVANGELICA DE EL SALVADOR,EXCELENTE,M1E5
DRTSC.2.1039,HOW TO USE AF & RF SIGNAL GENERATORS,GEORGE DELUCENAY LEON,TAB BOOKS,EXCELENTE,M1E5
DRTSC.2.1040,¿QUÉ SON LOS AGRONEGOCIOS?,PROYECTO FAO - MAG AGRONEGOCIOS TCP / ELS / 2901,GRAFICOLOR S.A. DE C.V,EXCELENTE,M1E5
DRTSC.2.1041,CATALOGO DE SEMILLAS DE HORTALIZAS,ROGERS NK,ROGERS NK,EXCELENTE,M1E5
DRTSC.2.1042,CÓMO CUIDAR A TU GATITO,HELEN PIERS,V & R EDITORAS,EXCELENTE,M1E5
DRTSC.2.1043,CÓMO CUIDAR A TU GATITO,HELEN PIERS,V & R EDITORAS,EXCELENTE,M1E5
DRTSC.2.1044,CÓMO CUIDAR A TU PERRITO,HELEN PIERS,V & R EDITORAS,EXCELENTE,M1E5
DRTSC.2.1045,CÓMO CUIDAR A TU PERRITO,HELEN PIERS,V & R EDITORAS,EXCELENTE,M1E5
DRTSC.2.1046,"CONTABILIDAD FINANCIERA I, 8A EDICIÓN",MSC. JOSÉ NOEL ARGUETA IGLESIAS,TALLERES GRÁFICOS UCA,EXCELENTE,M1E5
DRTSC.2.1047,EL ARTE DE LA EJECUCIÓN EN LOS NEGOCIOS,"LARRY BOSSIDY, RAM CHARAN",PENGUIN RANDOM HOUSE GRUPO EDITORIAL,EXCELENTE,M1E5
DRTSC.2.1048,¡SÁLVESE QUIEN PUEDA!. EL FUTURO DEL TRABAJO EN LA ERA DE LA AUTOMATIZACIÓN,ANDRÉS OPPENHEIMER,PENGUIN RANDOM HOUSE GRUPO EDITORIAL,EXCELENTE,M1E5
DRTSC.2.1049,EL NEGOCIO DEL CICLO 21,ROBERT T. KIYOSAKI,PENGUIN RANDOM HOUSE GRUPO EDITORIAL,EXCELENTE,M1E5
DRTSC.2.1050,¿ESTAMOS SOÑANDO DEMASIADO? : RESPONSABILIDAD SOCIAL EMPRESARIAL COMO RESPUESTA PARA EL 2005,CAROLINA QUINTEROS,GRUPO DE MONITOREO INDEPENDIENTE DE EL SALVADOR (GMIES),EXCELENTE,M1E5
DRTSC.2.1051,8 LECCIONES DE LIDERAZGO MILITAR PARA EMPRENDEDORES,ROBERT T. KIYOSAKI,PENGUIN RANDOM HOUSE GRUPO EDITORIAL,EXCELENTE,M1E5
DRTSC.2.1052,HISPANOS EXITOSOS: UNA GUÍA PARA MILLONES DE HISPANOS ALREDEDOR DEL MUNDO QUE DÍA A DÍA LUCHAN POR ALCANZAR EL ÉXITO,JOSÉ ROBERTO RAMOS GREVE,"SERVICE QUALITY INSTITUTE EL SALVADOR, S. A. DE C. V.",EXCELENTE,M1E5
DRTSC.2.1053,MARKETING: TU COMPAÑERO DE ESTUDIO,ROGER A. KERIN, MC GRAW HILL EDITORES,EXCELENTE,M1E5
DRTSC.2.1054,"LA FORMACIÓN DEL VENDEDOR: PRINCIPIOS, MÉTODOS, PRÁCTICAS",CARLTON A. PEDERSON,EDITORIAL HISPANO EUROPEA,EXCELENTE,M1E5
DRTSC.2.1055,"CARACOL TINTÓREO PLICOPURPURA PANSA. RESCATE DEL USO TRADICIONAL EN LOS MUNICIPIOS DE JICALAPA Y CHILTIUPAN, DEPARTAMENTO DE LA LIBERTAD, EL SALVADOR","ANA MARÍA RIVERA,  JESÚS ERNESTO NOVOA ROQUE",DIRECCIÓN DE PUBLICACIONES E IMPRESOS (DPI),EXCELENTE,M1E5
DRTSC.2.1056,"CARACOL TINTÓREO PLICOPURPURA PANSA. RESCATE DEL USO TRADICIONAL EN LOS MUNICIPIOS DE JICALAPA Y CHILTIUPAN, DEPARTAMENTO DE LA LIBERTAD, EL SALVADOR","ANA MARÍA RIVERA,  JESÚS ERNESTO NOVOA ROQUE",DIRECCIÓN DE PUBLICACIONES E IMPRESOS (DPI),EXCELENTE,M1E5
DRTSC.2.1057,"CARACOL TINTÓREO PLICOPURPURA PANSA. RESCATE DEL USO TRADICIONAL EN LOS MUNICIPIOS DE JICALAPA Y CHILTIUPAN, DEPARTAMENTO DE LA LIBERTAD, EL SALVADOR","ANA MARÍA RIVERA,  JESÚS ERNESTO NOVOA ROQUE",DIRECCIÓN DE PUBLICACIONES E IMPRESOS (DPI),EXCELENTE,M1E5
DRTSC.2.1058,TELARES DE PALANCAS DE EL SALVADOR,DEPARTAMENTO DE INVESTIGACIÓN DE DIRECCIÓN DE PATRIMONIO CULTURAL (CONCULTURA),DIRECCIÓN DE PUBLICACIONES E IMPRESOS (DPI),EXCELENTE,M1E5
DRTSC.2.1059,TELARES DE PALANCAS DE EL SALVADOR,DEPARTAMENTO DE INVESTIGACIÓN DE DIRECCIÓN DE PATRIMONIO CULTURAL (CONCULTURA),DIRECCIÓN DE PUBLICACIONES E IMPRESOS (DPI),EXCELENTE,M1E5
DRTSC.2.1060,TELARES DE PALANCAS DE EL SALVADOR,DEPARTAMENTO DE INVESTIGACIÓN DE DIRECCIÓN DE PATRIMONIO CULTURAL (CONCULTURA),DIRECCIÓN DE PUBLICACIONES E IMPRESOS (DPI),EXCELENTE,M1E5
DRTSC.2.1061,"MUSEO DE HISTORIA NATURAL DE EL SALVADOR. INICIO, EVOLUCIÓN Y FUTURO (INGLÉS / ESPAÑOL)",EUNICE ESTER ECHEVERRÍA,DIRECCIÓN DE PUBLICACIONES E IMPRESOS (DPI),EXCELENTE,M1E5
DRTSC.2.1062,"MUSEO DE HISTORIA NATURAL DE EL SALVADOR. INICIO, EVOLUCIÓN Y FUTURO (INGLÉS / ESPAÑOL)",EUNICE ESTER ECHEVERRÍA,DIRECCIÓN DE PUBLICACIONES E IMPRESOS (DPI),EXCELENTE,M1E5
DRTSC.2.1063,"MUSEO DE HISTORIA NATURAL DE EL SALVADOR. INICIO, EVOLUCIÓN Y FUTURO (INGLÉS / ESPAÑOL)",EUNICE ESTER ECHEVERRÍA,DIRECCIÓN DE PUBLICACIONES E IMPRESOS (DPI),EXCELENTE,M1E5
DRTSC.2.1064,ARTE COLOMBIANO: CUATRO DÉCADAS DE LA COLECCIÓN DE SURAMERICANA,MUSEO DE ARTE DE EL SALVADOR,ALBACROME S. A. DE C. V.,EXCELENTE,M1E5
DRTSC.2.1065,DIONISIO DERTEANO Y LA NUMISMÁTICA PERUANA EN EL SIGLO DIECINUEVE,ROBERTO JOVEL,IMPRENTA OFFSET RICALDONE,EXCELENTE,M1E5
DRTSC.2.1066,MONSTRUARIO,FRANCISCO REYES,S / E,EXCELENTE,M1E5
DRTSC.2.1067,OJITOS DE ÁNGEL,RAMÓN FONSECA MORA,"ALFAGUARA, EDITORIAL SANTILLANA",EXCELENTE,M2A1
DRTSC.2.1068,LA LLAMADA DE LA TRIBU,"JORGE MARIO PEDRO VARGAS LLOSA
",PENGUIN RANDOM HOUSE GRUPO EDITORIAL,EXCELENTE,M2A1
DRTSC.2.1069,TRADICIONES PERUANAS,RICARDO PALMA,EDITORIAL CLÁSICOS ROXSIL,EXCELENTE,M2A1
DRTSC.2.1070,"CUENTOS DE AMOR, DE LOCURA Y DE MUERTE",HORACIO QUIROGA,GRADIFCO,EXCELENTE,M2A1
DRTSC.2.1071,"CUENTOS DE AMOR, DE LOCURA Y DE MUERTE",HORACIO QUIROGA,GRADIFCO,EXCELENTE,M2A1
DRTSC.2.1072,"CUENTOS DE AMOR, DE LOCURA Y DE MUERTE",HORACIO QUIROGA,PLUTÓN EDICIONES,EXCELENTE,M2A1
DRTSC.2.1073,"CUENTOS DE AMOR, DE LOCURA Y DE MUERTE",HORACIO QUIROGA,PLUTÓN EDICIONES,EXCELENTE,M2A1
DRTSC.2.1074,"CUENTOS DE AMOR, DE LOCURA Y DE MUERTE",HORACIO QUIROGA,EDICIONES LEYENDA,EXCELENTE,M2A1
DRTSC.2.1075,CUENTOS DE LA SELVA,HORACIO QUIROGA,PLUTÓN EDICIONES,EXCELENTE,M2A1
DRTSC.2.1076,CUENTOS DE LA SELVA,HORACIO QUIROGA,PLUTÓN EDICIONES,EXCELENTE,M2A1
DRTSC.2.1077,LA PRINCESA DE LOS PIES ALADOS,ZUNILDA BORSANI,EDITORIAL TIEMPO DE LEER,EXCELENTE,M2A1
DRTSC.2.1078,LA PRINCESA DE LOS PIES ALADOS,ZUNILDA BORSANI,EDITORIAL TIEMPO DE LEER,EXCELENTE,M2A1
DRTSC.2.1079,LOS DESTERRADOS ,HORACIO QUIROGA,GRADIFCO,EXCELENTE,M2A1
DRTSC.2.1080,EL POPOL VUH. LAS ANTIGUAS HISTORIAS DEL QUICHE,ANÓNIMO,UCA EDITORES ,EXCELENTE,M2A1
DRTSC.2.1081,CUENTOS Y LEYENDAS DE CENTROAMÉRICA,"ANSELMO J. GARCÍA CURADO, ERICK VELASCO Y GABRIEL MAIORANO",EDITORIAL LA CEIBA,EXCELENTE,M2A1
DRTSC.2.1082,CUENTOS Y LEYENDAS DE CENTROAMÉRICA,"ANSELMO J. GARCÍA CURADO, ERICK VELASCO Y GABRIEL MAIORANO",EDITORIAL LA CEIBA,EXCELENTE,M2A1
DRTSC.2.1083,LOS MEJORES CUENTOS HISPANOAMERICANOS,"ARLT, QUIROGA, LORCA, PORTILLO, LILLO, MARTÍ Y OTROS",MESTAS EDICIONES,EXCELENTE,M2A1
DRTSC.2.1084,ARIEL,JOSÉ ENRIQUE RODÓ,LIBRESA,EXCELENTE,M2A1
DRTSC.2.1085,AVENTURA HACIA EL PAÍS PERDIDO,ROBERTO ARMIJO,DIRECCIÓN DE PUBLICACIONES E IMPRESOS (DPI),EXCELENTE,M2A1
DRTSC.2.1086,AVENTURA HACIA EL PAÍS PERDIDO,ROBERTO ARMIJO,DIRECCIÓN DE PUBLICACIONES E IMPRESOS (DPI),EXCELENTE,M2A1
DRTSC.2.1087,AVENTURA HACIA EL PAÍS PERDIDO,ROBERTO ARMIJO,DIRECCIÓN DE PUBLICACIONES E IMPRESOS (DPI),EXCELENTE,M2A1
DRTSC.2.1088,EL DINERO MALDITO,ALBERTO MASFERRER,DIRECCIÓN DE PUBLICACIONES E IMPRESOS (DPI),EXCELENTE,M2A1
DRTSC.2.1089,EL MAGO Y EL BEATO: ENSAYO SOBRE DOS ÍCONOS CULTURALES DE UN PAÍS DE POCOS ÍCONOS,WILLIAM CARBALLO,DIRECCIÓN DE PUBLICACIONES E IMPRESOS (DPI),EXCELENTE,M2A1
DRTSC.2.1090,EL MAGO Y EL BEATO: ENSAYO SOBRE DOS ÍCONOS CULTURALES DE UN PAÍS DE POCOS ÍCONOS,WILLIAM CARBALLO,DIRECCIÓN DE PUBLICACIONES E IMPRESOS (DPI),EXCELENTE,M2A1
DRTSC.2.1091,EL MAGO Y EL BEATO: ENSAYO SOBRE DOS ÍCONOS CULTURALES DE UN PAÍS DE POCOS ÍCONOS,WILLIAM CARBALLO,DIRECCIÓN DE PUBLICACIONES E IMPRESOS (DPI),EXCELENTE,M2A1
DRTSC.2.1092,LA MÁGICA RAÍZ: ANTOLOGÍA DE ENSAYOS,PEDRO GEOFFROY RIVAS,DIRECCIÓN DE PUBLICACIONES E IMPRESOS (DPI),EXCELENTE,M2A1
DRTSC.2.1093,LA MÁGICA RAÍZ: ANTOLOGÍA DE ENSAYOS,PEDRO GEOFFROY RIVAS,DIRECCIÓN DE PUBLICACIONES E IMPRESOS (DPI),EXCELENTE,M2A1
DRTSC.2.1094,LA MÁGICA RAÍZ: ANTOLOGÍA DE ENSAYOS,PEDRO GEOFFROY RIVAS,DIRECCIÓN DE PUBLICACIONES E IMPRESOS (DPI),EXCELENTE,M2A1
DRTSC.2.1095,LEER Y ESCRIBIR / EL MÍNIMUN VITAL,ALBERTO MASFERRER,DIRECCIÓN DE PUBLICACIONES E IMPRESOS (DPI),EXCELENTE,M2A1
DRTSC.2.1096,LEER Y ESCRIBIR / EL MÍNIMUN VITAL,ALBERTO MASFERRER,DIRECCIÓN DE PUBLICACIONES E IMPRESOS (DPI),EXCELENTE,M2A1
DRTSC.2.1097,LEER Y ESCRIBIR / EL MÍNIMUN VITAL,ALBERTO MASFERRER,DIRECCIÓN DE PUBLICACIONES E IMPRESOS (DPI),EXCELENTE,M2A1
DRTSC.2.1098,POESÍA VERSUS ARTE,ALBERTO GUERRA TRIGUEROS,DIRECCIÓN DE PUBLICACIONES E IMPRESOS (DPI),EXCELENTE,M2A1
DRTSC.2.1099,POESÍA VERSUS ARTE,ALBERTO GUERRA TRIGUEROS,DIRECCIÓN DE PUBLICACIONES E IMPRESOS (DPI),EXCELENTE,M2A1
DRTSC.2.1100,POESÍA VERSUS ARTE,ALBERTO GUERRA TRIGUEROS,DIRECCIÓN DE PUBLICACIONES E IMPRESOS (DPI),EXCELENTE,M2A1
DRTSC.2.1101,TIRO AL BLANCO,LUIS GALLEGOS VALDES,DIRECCIÓN DE PUBLICACIONES,EXCELENTE,M2A1
DRTSC.2.1102,TIRO AL BLANCO,LUIS GALLEGOS VALDES,DIRECCIÓN DE PUBLICACIONES,EXCELENTE,M2A1
DRTSC.2.1103,TIRO AL BLANCO,LUIS GALLEGOS VALDES,DIRECCIÓN DE PUBLICACIONES,EXCELENTE,M2A1
DRTSC.2.1104,MATILDE ELENA LÓPEZ,CLARIBEL ALEGRÍA,CONSEJO NACIONAL PARA LA CULTURA Y EL ARTE (CONCULTURA),EXCELENTE,M2A1
DRTSC.2.1105,MATILDE ELENA LÓPEZ,CLARIBEL ALEGRÍA,CONSEJO NACIONAL PARA LA CULTURA Y EL ARTE (CONCULTURA),EXCELENTE,M2A1
DRTSC.2.1106,EL ALQUIMISTA,,PENGUIN RANDOM HOUSE GRUPO EDITORIAL,EXCELENTE,M2A1
DRTSC.2.1107,EL DEMONIO Y LA SEÑORITA PRYM,GABRIEL GARCIA,PENGUIN RANDOM HOUSE GRUPO EDITORIAL,EXCELENTE,M2A1
DRTSC.2.1108,LA ENEIDA,PUBLIO VIRGILIO MARÓN,GRADIFCO,EXCELENTE,M2A1
DRTSC.2.1109,LIBRO DE ORO ,LUCIUS ANNAEUS SÉNECA,GRADIFCO,EXCELENTE,M2A1
DRTSC.2.1110,EL ARTE DE AMAR,OVIDIO,GRADIFCO,EXCELENTE,M2A1
DRTSC.2.1111,LAS METAMORFOSIS,OVIDIO,GRADIFCO,EXCELENTE,M2A1
DRTSC.2.1112,LA ILÍADA,HOMERO,GRADIFCO,EXCELENTE,M2A2
DRTSC.2.1113,LA ILÍADA,HOMERO,DIRECCIÓN DE PUBLICACIONES E IMPRESOS (DPI),EXCELENTE,M2A2
DRTSC.2.1114,LA ILÍADA,HOMERO,DIRECCIÓN DE PUBLICACIONES E IMPRESOS (DPI),EXCELENTE,M2A2
DRTSC.2.1115,LA ILÍADA,HOMERO,DIRECCIÓN DE PUBLICACIONES E IMPRESOS (DPI),EXCELENTE,M2A2
DRTSC.2.1116,ODISEA,HOMERO,GRADIFCO,EXCELENTE,M2A2
DRTSC.2.1117,ODISEA,HOMERO,DIRECCIÓN DE PUBLICACIONES  E IMPRESOS (DPI),EXCELENTE,M2A2
DRTSC.2.1118,ODISEA,HOMERO,GRADIFCO,EXCELENTE,M2A2
DRTSC.2.1119,ODISEA,HOMERO,GRADIFCO,EXCELENTE,M2A2
DRTSC.2.1120,"EDIPO REY, EDIPO EN COLONO Y ANTÍGONA",SÓFOCLES,PLUTÓN EDICIONES,EXCELENTE,M2A2
DRTSC.2.1121,"EDIPO REY, EDIPO EN COLONO Y ANTÍGONA",SÓFOCLES,PLUTÓN EDICIONES,EXCELENTE,M2A2
DRTSC.2.1122,LAS ONCE COMEDIAS,ARISTÓFANES,EDITORIAL JURÍDICA SALVADOREÑA,EXCELENTE,M2A2
DRTSC.2.1123,LAS TROYANAS / LAS BACANTES,EURÍPIDES,EDICOMUNICACIÓN,EXCELENTE,M2A2
DRTSC.2.1124,FÁBULAS,ESOPO,GRADIFCO,EXCELENTE,M2A2
DRTSC.2.1125,AMO Y SERVIDOR Y OTROS CUENTOS,LEÓN TOLSTÓI,GRADIFCO,EXCELENTE,M2A2
DRTSC.2.1126,CRIMEN Y CASTIGO,"FIÓDOR MIJÁILOVICH DOSTOYEVSKI
",GRADIFCO ,EXCELENTE,M2A2
DRTSC.2.1127,EL JUGADOR,FIÓDOR DOSTOIEVSKI,GRADIFCO,EXCELENTE,M2A2
DRTSC.2.1128,LA MUERTE DE IVÁN ILICH,LEÓN TOLSTÓI,GRADIFCO,EXCELENTE,M2A2
DRTSC.2.1129,LA MUERTE DE IVÁN ILICH Y OTROS RELATOS,LEÓN TOLSTÓI,PLUTÓN EDICIONES,EXCELENTE,M2A2
DRTSC.2.1130,LA MUERTE DE IVÁN ILICH Y OTROS RELATOS,LEÓN TOLSTÓI,PLUTÓN EDICIONES,EXCELENTE,M2A2
DRTSC.2.1131,LEYENDAS DE MUJERES GUERRERAS,ANASTASSIA ESPINEL SOUARES,PANAMERICANA EDITORIAL,EXCELENTE,M2A2
DRTSC.2.1132,LEYENDAS DE MUJERES GUERRERAS,ANASTASSIA ESPINEL SOUARES,PANAMERICANA EDITORIAL,EXCELENTE,M2A2
DRTSC.2.1133,LOS HERMANOS KARAMAZOV,FIÓDOR DOSTOIEVSKI,GRADIFCO RL,EXCELENTE,M2A2
DRTSC.2.1134,MEMORIAS DEL SUBSUELO,FIÓDOR DOSTOIEVSKI,GRADIFCO,EXCELENTE,M2A2
DRTSC.2.1135,VOCES DE CHERNÓBIL. CRÓNICA DEL FUTURO,SVETLANA ALEXIÉVICH,PENGUIN RANDOM HOUSE GRUPO EDITORIAL,EXCELENTE,M2A2
DRTSC.2.1136,EL VAGABUNDO / LOS SECRETOS DEL CORAZÓN / LOS DIOSES DE LA TIERRA,KHALIL GIBRÁN,EDITORIAL JURÍDICA SALVADOREÑA,EXCELENTE,M2A2
DRTSC.2.1137,EL VAGABUNDO / LOS SECRETOS DEL CORAZÓN / LOS DIOSES DE LA TIERRA,KHALIL GIBRÁN,EDITORIAL JURÍDICA SALVADOREÑA,EXCELENTE,M2A2
DRTSC.2.1138,LAS MIL Y UNA NOCHES,CASEROS,GRADIFCO,EXCELENTE,M2A2
DRTSC.2.1139,LA MAGIA DEL ORDEN: UNA NOVELA ILUSTRADA,MARIE KONDO,PENGUIN RANDOM HOUSE GRUPO EDITORIAL,EXCELENTE,M2A2
DRTSC.2.1140,ATRAPADOS EN LA SELVA: LITERACTIVO UNA AVENTURA MAYA,"JORGE MORALES, CLARA AZCUÉ Y MARU MALDONADO",EDITORIAL SANTILLANA,EXCELENTE,M2A3
DRTSC.2.1141,RABINAL ACHÍ,LUIS CARDOZA (TRADUCTOR),EDUCA,EXCELENTE,M2A3
DRTSC.2.1142,OLLANTAY,ANÓNIMO,DIRECCIÓN DE PUBLICACIONES E IMPRESOS (DPI),EXCELENTE,M2A3
DRTSC.2.1143,OLLANTAY,ANÓNIMO,DIRECCIÓN DE PUBLICACIONES E IMPRESOS (DPI),EXCELENTE,M2A3
DRTSC.2.1144,OLLANTAY,ANÓNIMO,DIRECCIÓN DE PUBLICACIONES E IMPRESOS (DPI),EXCELENTE,M2A3
DRTSC.2.1145,LA CASA DEL PÁNICO,CARLOS GUILLERMO DOMÍNGUEZ,EDEBÉ,EXCELENTE,M2A3
DRTSC.2.1146,LA CASA DEL PÁNICO,CARLOS GUILLERMO DOMÍNGUEZ,EDEBÉ,EXCELENTE,M2A3
DRTSC.2.1147,LOS NIÑOS DE CRISTAL,CARLOS PUERTO,EDEBÉ,EXCELENTE,M2A3
DRTSC.2.1148,LOS NIÑOS DE CRISTAL,CARLOS PUERTO,EDEBÉ,EXCELENTE,M2A3
DRTSC.2.1149,LA PROFESORA QUE HACÍA FALTAS DE HORTOGRAFÍA,CUCA CANALS,EDEBÉ,EXCELENTE,M2A3
DRTSC.2.1150,LA PROFESORA QUE HACÍA FALTAS DE HORTOGRAFÍA,CUCA CANALS,EDEBÉ,EXCELENTE,M2A3
DRTSC.2.1151,LA PELOTA JAPLER,JORDI CERVERA,EDEBÉ,EXCELENTE,M2A3
DRTSC.2.1152,LA PELOTA JAPLER,JORDI CERVERA,EDEBÉ,EXCELENTE,M2A3
DRTSC.2.1153,JON Y LA MÁQUINA DEL MIEDO,ROBERTO SANTIAGO,EDEBÉ,EXCELENTE,M2A3
DRTSC.2.1154,JON Y LA MÁQUINA DEL MIEDO,ROBERTO SANTIAGO,EDEBÉ,EXCELENTE,M2A3
DRTSC.2.1155,UN CARROMATO VERDE BOTELLA,PEDRO MAÑAS,EDEBÉ,EXCELENTE,M2A3
DRTSC.2.1156,UN CARROMATO VERDE BOTELLA,PEDRO MAÑAS,EDEBÉ,EXCELENTE,M2A3
DRTSC.2.1157,EL REGALO DE CUMPLEAÑOS MÁS GRANDE DEL MUNDO,MIGUEL ÁNGEL MOLEÓN,EDEBÉ,EXCELENTE,M2A3
DRTSC.2.1158,EL REGALO DE CUMPLEAÑOS MÁS GRANDE DEL MUNDO,MIGUEL ÁNGEL MOLEÓN,EDEBÉ,EXCELENTE,M2A3
DRTSC.2.1159,DONDE NUNCA ES INVIERNO,CLAUDIA LARRAGUIBEL,EDEBÉ,EXCELENTE,M2A3
DRTSC.2.1160,DONDE NUNCA ES INVIERNO,CLAUDIA LARRAGUIBEL,EDEBÉ,EXCELENTE,M2A3
DRTSC.2.1161,DOCTOR RUS,GLORIA SÁNCHEZ,EDEBÉ,EXCELENTE,M2A3
DRTSC.2.1162,DOCTOR RUS,GLORIA SÁNCHEZ,EDEBÉ,EXCELENTE,M2A3
DRTSC.2.1163,¡NO ES TAN FÁCIL SER NIÑO!,PILAR LOZANO CARBAYO,EDEBÉ,EXCELENTE,M2A3
DRTSC.2.1164,¡NO ES TAN FÁCIL SER NIÑO!,PILAR LOZANO CARBAYO,EDEBÉ,EXCELENTE,M2A3
DRTSC.2.1165,¡GUAU!,ALLAN AHLBERG,EDEBÉ,EXCELENTE,M2A3
DRTSC.2.1166,¡GUAU!,ALLAN AHLBERG,EDEBÉ,EXCELENTE,M2A3
DRTSC.2.1167,EL MISTERIO DEL LEÓN DE PIEDRA,ULISES CABAL,EDELVIVES,EXCELENTE,M2A3
DRTSC.2.1168,EL MISTERIO DEL LEÓN DE PIEDRA,ULISES CABAL,EDELVIVES,EXCELENTE,M2A3
DRTSC.2.1169,LA PASTELERÍA DE DOÑA REMEDIOS,AGUSTÍN FERNÁDEZ PAZ,EDEBÉ,EXCELENTE,M2A3
DRTSC.2.1170,LA PASTELERÍA DE DOÑA REMEDIOS,AGUSTÍN FERNÁDEZ PAZ,EDEBÉ,EXCELENTE,M2A3
DRTSC.2.1171,EL DÍA DEL RATÓN,DICK KING-SMITH,EDEBÉ,EXCELENTE,M2A3
DRTSC.2.1172,EL DÍA DEL RATÓN,DICK KING-SMITH,EDEBÉ,EXCELENTE,M2A3
DRTSC.2.1173,DOÑA FLAUTINA RESUELVELOTODO,YANITZIA CANETTI,EDEBÉ,EXCELENTE,M2A3
DRTSC.2.1174,DOÑA FLAUTINA RESUELVELOTODO,YANITZIA CANETTI,EDEBÉ,EXCELENTE,M2A3
DRTSC.2.1175,UN COCODRILO EN MI HABITACIÓN,ANDRÉS GARCÍA VILARIÑO,EDEBÉ,EXCELENTE,M2A3
DRTSC.2.1176,UN COCODRILO EN MI HABITACIÓN,ANDRÉS GARCÍA VILARIÑO,EDEBÉ,EXCELENTE,M2A3
DRTSC.2.1177,UN REGALO DE CUMPLEAÑOS,DANIEL NESQUENS,EDEBÉ,EXCELENTE,M2A3
DRTSC.2.1178,UN REGALO DE CUMPLEAÑOS,DANIEL NESQUENS,EDEBÉ,EXCELENTE,M2A3
DRTSC.2.1179,LA GOTERA DE MARTA,JOSÉ A. RAMÍREZ LOZANO,EDEBÉ,EXCELENTE,M2A3
DRTSC.2.1180,LA GOTERA DE MARTA,JOSÉ A. RAMÍREZ LOZANO,EDEBÉ,EXCELENTE,M2A3
DRTSC.2.1181,MAURO OJOS BRILLANTES ,MAITE CARRANZA,EDEBÉ,EXCELENTE,M2A3
DRTSC.2.1182,MAURO OJOS BRILLANTES ,MAITE CARRANZA,EDEBÉ,EXCELENTE,M2A3
DRTSC.2.1183,LA RATITA MIRACIELOS,JUAN CRUZ IGUERABIDE,EDEBÉ,EXCELENTE,M2A3
DRTSC.2.1184,LA RATITA MIRACIELOS,JUAN CRUZ IGUERABIDE,EDEBÉ,EXCELENTE,M2A3
DRTSC.2.1185,LAYA Y EL HORRIPILANTE MONSTRUO DE CHAMPÚ,MARTÍN PIÑOL,EDEBÉ,EXCELENTE,M2A3
DRTSC.2.1186,LAYA Y EL HORRIPILANTE MONSTRUO DE CHAMPÚ,MARTÍN PIÑOL,EDEBÉ,EXCELENTE,M2A3
DRTSC.2.1187,UN REGALO FANTÁSTICO,RICARDO ALCÁNTARA,EDEBÉ,EXCELENTE,M2A3
DRTSC.2.1188,UN REGALO FANTÁSTICO,RICARDO ALCÁNTARA,EDEBÉ,EXCELENTE,M2A3
DRTSC.2.1189,PREGUNTARIO,JAIRO ANÍBAL NIÑO,PANAMERICANA EDITORIAL,EXCELENTE,M2A3
DRTSC.2.1190,PREGUNTARIO,JAIRO ANÍBAL NIÑO,PANAMERICANA EDITORIAL,EXCELENTE,M2A3
DRTSC.2.1191,EL OTRO SASTRECILLO,TERESA ARETZAGA,EDEBÉ,EXCELENTE,M2A3
DRTSC.2.1192,EL OTRO SASTRECILLO,TERESA ARETZAGA,EDEBÉ,EXCELENTE,M2A3
DRTSC.2.1193,LA ESCUELA DE LOS PIRATAS ,AGUSTÍN FERNÁNDEZ PAZ,EDEBÉ,EXCELENTE,M2A3
DRTSC.2.1194,LA ESCUELA DE LOS PIRATAS ,AGUSTÍN FERNÁNDEZ PAZ,EDEBÉ,EXCELENTE,M2A3
DRTSC.2.1195,A UNA NARIZ PEGADO,JUAN KRUZ IGERABIDE,EDEBÉ,EXCELENTE,M2A3
DRTSC.2.1196,A UNA NARIZ PEGADO,JUAN KRUZ IGERABIDE,EDEBÉ,EXCELENTE,M2A3
DRTSC.2.1197,ROLLITOS DE PRIMAVERA,PALOMA BORDONS,EDEBÉ,EXCELENTE,M2A3
DRTSC.2.1198,ROLLITOS DE PRIMAVERA,PALOMA BORDONS,EDEBÉ,EXCELENTE,M2A3
DRTSC.2.1199,LA MÁQUINA CUENTACUENTOS,XELÍS DE TORO,EDEBÉ,EXCELENTE,M2A3
DRTSC.2.1200,LA MÁQUINA CUENTACUENTOS,XELÍS DE TORO,EDEBÉ,EXCELENTE,M2A3
DRTSC.2.1201,EL VIEJO DE LOS RELOJES ,ZUNILDA BORSANI,TIEMPO DE LEER EDITORIAL,EXCELENTE,M2A4
DRTSC.2.1202,EL VIEJO DE LOS RELOJES ,ZUNILDA BORSANI,TIEMPO DE LEER EDITORIAL,EXCELENTE,M2A4
DRTSC.2.1203,LOS TRILEMAS DE LA CIENCIA,RAFAEL LÓPEZ,-,EXCELENTE,M2A4
DRTSC.2.1204,LOS TRILEMAS DE LA CIENCIA,RAFAEL LÓPEZ,-,EXCELENTE,M2A4
DRTSC.2.1205,LA ENEIDA CONTADA A LOS NIÑOS,ROSA NAVARRO DURÁN,EDEBÉ,EXCELENTE,M2A4
DRTSC.2.1206,LA ENEIDA CONTADA A LOS NIÑOS,ROSA NAVARRO DURÁN,EDEBÉ,EXCELENTE,M2A4
DRTSC.2.1207,FÁBULAS CONTADAS A LOS NIÑOS ,ROSA NAVARRO DURÁN,EDEBÉ,EXCELENTE,M2A4
DRTSC.2.1208,FÁBULAS CONTADAS A LOS NIÑOS ,ROSA NAVARRO DURÁN,EDEBÉ,EXCELENTE,M2A4
DRTSC.2.1209,LAS TRAVESURAS DEL PÍCARO TÍO CONEJO,SONIA NADHEZDA TRUQUE,TIEMPO DE LEER EDITORIAL,EXCELENTE,M2A4
DRTSC.2.1210,LAS TRAVESURAS DEL PÍCARO TÍO CONEJO,SONIA NADHEZDA TRUQUE,TIEMPO DE LEER EDITORIAL,EXCELENTE,M2A4
DRTSC.2.1211,EL REY DE LA SALSA,PEDRO BAQUERO M.,TIEMPO DE LEER EDITORIAL,EXCELENTE,M2A4
DRTSC.2.1212,EL REY DE LA SALSA,PEDRO BAQUERO M.,TIEMPO DE LEER EDITORIAL,EXCELENTE,M2A4
DRTSC.2.1213,LA CALABIUZA,URIEL ANAYA,LA ILUSTRACIÓN EDITORIAL,EXCELENTE,M2A4
DRTSC.2.1214,LA CALABIUZA,URIEL ANAYA,LA ILUSTRACIÓN EDITORIAL,EXCELENTE,M2A4
DRTSC.2.1215,PELUSA,RAFAEL LÓPEZ,GRELISAL,EXCELENTE,M2A4
DRTSC.2.1216,PELUSA,RAFAEL LÓPEZ,GRELISAL,EXCELENTE,M2A4
DRTSC.2.1217,EL PLANETA DE LOS RATONEJOS,RENATA SCHIAVO CAMPO,FONDO DE CULTURA ECONÓMICA,EXCELENTE,M2A4
DRTSC.2.1218,EL PLANETA DE LOS RATONEJOS,RENATA SCHIAVO CAMPO,FONDO DE CULTURA ECONÓMICA,EXCELENTE,M2A4
DRTSC.2.1219,YO Y LOS DEMÁS,AÍDA E. MARCUSE,PANAMERICANA EDITORIAL,EXCELENTE,M2A4
DRTSC.2.1220,YO Y LOS DEMÁS,AÍDA E. MARCUSE,PANAMERICANA EDITORIAL,EXCELENTE,M2A4
DRTSC.2.1221,"MI NOMBRE ES STILTON, GERONIMO STILTON",GERONIMO STILTON,DESTINO,EXCELENTE,M2A4
DRTSC.2.1222,"MI NOMBRE ES STILTON, GERONIMO STILTON",GERONIMO STILTON,DESTINO,EXCELENTE,M2A4
DRTSC.2.1223,"DULCES SUEÑOS, MARGARITA",ROCIO RIVAS,GRELISAL,EXCELENTE,M2A4
DRTSC.2.1224,"DULCES SUEÑOS, MARGARITA",ROCIO RIVAS,GRELISAL,EXCELENTE,M2A4
DRTSC.2.1225,TÍO RUBÉN Y EL ESCARABAJO,ANDRÉS ELÍAS FLÓREZ BRUM,TIEMPO DE LEER EDITORIAL,EXCELENTE,M2A4
DRTSC.2.1226,TÍO RUBÉN Y EL ESCARABAJO,ANDRÉS ELÍAS FLÓREZ BRUM,TIEMPO DE LEER EDITORIAL,EXCELENTE,M2A4
DRTSC.2.1227,SOL DE CARIÑO,MAURA ECHEVERRÍA,DIRECCIÓN DE PUBLICACIONES E IMPRESOS (DPI),EXCELENTE,M2A4
DRTSC.2.1228,SOL DE CARIÑO,MAURA ECHEVERRÍA,DIRECCIÓN DE PUBLICACIONES E IMPRESOS (DPI),EXCELENTE,M2A4
DRTSC.2.1229,SOL DE CARIÑO,MAURA ECHEVERRÍA,DIRECCIÓN DE PUBLICACIONES E IMPRESOS (DPI),EXCELENTE,M2A4
DRTSC.2.1230,PEPE Y EL CIRCO FLOTANTE,MARIO CATELLI,TIEMPO DE LEER EDITORIAL,EXCELENTE,M2A4
DRTSC.2.1231,PEPE Y EL CIRCO FLOTANTE,MARIO CATELLI,TIEMPO DE LEER EDITORIAL,EXCELENTE,M2A4
DRTSC.2.1232,AVENTURAS DE SUPER VALIENTE,MARÍA LUISA DE FRANCESCO,TIEMPO DE LEER EDITORIAL,EXCELENTE,M2A4
DRTSC.2.1233,AVENTURAS DE SUPER VALIENTE,MARÍA LUISA DE FRANCESCO,TIEMPO DE LEER EDITORIAL,EXCELENTE,M2A4
DRTSC.2.1234,LA GRAN AVENTURA DE GOTITA,RAFAEL LÓPEZ URBINA,GRELISAL,EXCELENTE,M2A4
DRTSC.2.1235,LA GRAN AVENTURA DE GOTITA,RAFAEL LÓPEZ URBINA,GRELISAL,EXCELENTE,M2A4
DRTSC.2.1236,HABÍA UNA VEZ,RAFAEL LÓPEZ,-,EXCELENTE,M2A4
DRTSC.2.1237,HABÍA UNA VEZ,RAFAEL LÓPEZ,-,EXCELENTE,M2A4
DRTSC.2.1238,CUANDO TIMI SE ENOJA,GUADALUPE DE ZAGHINI,COLECCIÓ MANEJO MIS EMOCIONES,EXCELENTE,M2A4
DRTSC.2.1239,CUANDO TIMI SE ENOJA,GUADALUPE DE ZAGHINI,COLECCIÓ MANEJO MIS EMOCIONES,EXCELENTE,M2A4
DRTSC.2.1240,FAMILIA DE CORAZÓN,FINA VIEGAS,GRELISAL,EXCELENTE,M2A4
DRTSC.2.1241,FAMILIA DE CORAZÓN,FINA VIEGAS,GRELISAL,EXCELENTE,M2A4
DRTSC.2.1242,VUELA ABUELA GOLONDRINA,JOSÉ MARTÍNEZ SÁNCHEZ,TIEMPO DE LEER EDITORIAL,EXCELENTE,M2A4
DRTSC.2.1243,VUELA ABUELA GOLONDRINA,JOSÉ MARTÍNEZ SÁNCHEZ,TIEMPO DE LEER EDITORIAL,EXCELENTE,M2A4
DRTSC.2.1244,DIARIO DE PILAR EN AMAZONAS,FLÁVIA LINS E SILVA,V&R EDITORAS,EXCELENTE,M2A4
DRTSC.2.1245,DIARIO DE PILAR EN AMAZONAS,FLÁVIA LINS E SILVA,V&R EDITORAS,EXCELENTE,M2A4
DRTSC.2.1246,DIARIO DE PILAR EN CHINA,FLÁVIA LINS E SILVA,V&R EDITORAS,EXCELENTE,M2A4
DRTSC.2.1247,DIARIO DE PILAR EN CHINA,FLÁVIA LINS E SILVA,V&R EDITORAS,EXCELENTE,M2A4
DRTSC.2.1248,DIARIO DE PILAR EN ÁFRICA,FLÁVIA LINS E SILVA,V&R EDITORAS,EXCELENTE,M2A4
DRTSC.2.1249,DIARIO DE PILAR EN ÁFRICA,FLÁVIA LINS E SILVA,V&R EDITORAS,EXCELENTE,M2A4
DRTSC.2.1250,DIARIO DE PILAR EN EGIPTO,FLÁVIA LINS E SILVA,V&R EDITORAS,EXCELENTE,M2A4
DRTSC.2.1251,DIARIO DE PILAR EN EGIPTO,FLÁVIA LINS E SILVA,V&R EDITORAS,EXCELENTE,M2A4
DRTSC.2.1252,LO QUE MI PADRE TRAJO DE UCRANIA,ALBERTO POCASANGRE,PAPALOTE REVOLTOSO,EXCELENTE,M2A4
DRTSC.2.1253,LO QUE MI PADRE TRAJO DE UCRANIA,ALBERTO POCASANGRE,PAPALOTE REVOLTOSO,EXCELENTE,M2A4
DRTSC.2.1254,LA NOCHE ILUMINADA ,GIOVANNI DURÁN,VIENTOS DE OCTUBRE,EXCELENTE,M2A4
DRTSC.2.1255,LA NOCHE ILUMINADA ,GIOVANNI DURÁN,VIENTOS DE OCTUBRE,EXCELENTE,M2A4
DRTSC.2.1256,UN LUGAR EN EL PATIO,GAEL AYMON,PANAMERICANA EDITORIAL,EXCELENTE,M2A4
DRTSC.2.1257,UN LUGAR EN EL PATIO,GAEL AYMON,PANAMERICANA EDITORIAL,EXCELENTE,M2A4
DRTSC.2.1258,EL PERROFANTE DE LUCÍA ,MARIA LUISA DE FRANCESCO,TIEMPO DE LEER EDITORIAL,EXCELENTE,M2A4
DRTSC.2.1259,EL PERROFANTE DE LUCÍA ,MARIA LUISA DE FRANCESCO,TIEMPO DE LEER EDITORIAL,EXCELENTE,M2A4
DRTSC.2.1260,EL FANTASMITA QUE NO SABÍA ASUSTAR,ENRIQUE PÉREZ DÍAZ,TIEMPO DE LEER EDITORIAL,EXCELENTE,M2A4
DRTSC.2.1261,EL FANTASMITA QUE NO SABÍA ASUSTAR,ENRIQUE PÉREZ DÍAZ,TIEMPO DE LEER EDITORIAL,EXCELENTE,M2A4
DRTSC.2.1262,EL NIDO MAS BELLO DEL MUNDO,JAIRO ANÍBAL NIÑO,PANAMERICANA EDITORIAL,EXCELENTE,M2A4
DRTSC.2.1263,EL NIDO MAS BELLO DEL MUNDO,JAIRO ANÍBAL NIÑO,PANAMERICANA EDITORIAL,EXCELENTE,M2A4
DRTSC.2.1264,EL REY QUE QUERIA TODAS LAS ISLAS Y OTRAS HISTORIAS LOCAS,FABIÁN SEVILLA,PANAMERICANA EDITORIAL,EXCELENTE,M2A4
DRTSC.2.1265,EL REY QUE QUERIA TODAS LAS ISLAS Y OTRAS HISTORIAS LOCAS,FABIÁN SEVILLA,PANAMERICANA EDITORIAL,EXCELENTE,M2A4
DRTSC.2.1266,LA ISLA DE LAS PALABRAS,SANDRA LEAL,TIEMPO DE LEER EDITORIAL,EXCELENTE,M2A5
DRTSC.2.1267,LA ISLA DE LAS PALABRAS,SANDRA LEAL,TIEMPO DE LEER EDITORIAL,EXCELENTE,M2A5
DRTSC.2.1268,GABRIELA Y EL LORO MAYA,NADJA JULIE CAMEL,V&R EDITORAS,EXCELENTE,M2A5
DRTSC.2.1269,GABRIELA Y EL LORO MAYA,NADJA JULIE CAMEL,V&R EDITORAS,EXCELENTE,M2A5
DRTSC.2.1270,LA GALLINA LOCA Y OTRAS MINIFICCIONES,JOSÉ MARTÍNEZ SÁNCHEZ,TIEMPO DE LEER EDITORIAL,EXCELENTE,M2A5
DRTSC.2.1271,LA GALLINA LOCA Y OTRAS MINIFICCIONES,JOSÉ MARTÍNEZ SÁNCHEZ,TIEMPO DE LEER EDITORIAL,EXCELENTE,M2A5
DRTSC.2.1272,EL REY DE LA COCINA,MARY HEYLEMA,PANAMERICANA EDITORIAL,EXCELENTE,M2A5
DRTSC.2.1273,EL REY DE LA COCINA,MARY HEYLEMA,PANAMERICANA EDITORIAL,EXCELENTE,M2A5
DRTSC.2.1274,NIÑAS EN EL EQUIPO,SOPHIE DIEUAIDE,PANAMERICANA EDITORIAL,EXCELENTE,M2A5
DRTSC.2.1275,NIÑAS EN EL EQUIPO,SOPHIE DIEUAIDE,PANAMERICANA EDITORIAL,EXCELENTE,M2A5
DRTSC.2.1276,GOTA DE CORAZÓN,JAIRO ANÍBAL NIÑO,PANAMERICANA EDITORIAL,EXCELENTE,M2A5
DRTSC.2.1277,GOTA DE CORAZÓN,JAIRO ANÍBAL NIÑO,PANAMERICANA EDITORIAL,EXCELENTE,M2A5
DRTSC.2.1278,AVENTURA EN LA BIBLIOTECA,KASMIR HUSEINOVIC,PANAMERICANA EDITORIAL,EXCELENTE,M2A5
DRTSC.2.1279,AVENTURA EN LA BIBLIOTECA,KASMIR HUSEINOVIC,PANAMERICANA EDITORIAL,EXCELENTE,M2A5
DRTSC.2.1280,TODOTERRENO Y OTROS CUENTOS,ANA SALDANHA,PANAMERICANA EDITORIAL,EXCELENTE,M2A5
DRTSC.2.1281,TODOTERRENO Y OTROS CUENTOS,ANA SALDANHA,PANAMERICANA EDITORIAL,EXCELENTE,M2A5
DRTSC.2.1282,ÉRASE UNA VEZ EL LIBRO,CARLOS BASTIDAS PADILLA,PANAMERICANA EDITORIAL,EXCELENTE,M2A5
DRTSC.2.1283,ÉRASE UNA VEZ EL LIBRO,CARLOS BASTIDAS PADILLA,PANAMERICANA EDITORIAL,EXCELENTE,M2A5
DRTSC.2.1284,KATIUSKA,CARMEN BLÁZQUEZ GIL,PANAMERICANA EDITORIAL,EXCELENTE,M2A5
DRTSC.2.1285,KATIUSKA,CARMEN BLÁZQUEZ GIL,PANAMERICANA EDITORIAL,EXCELENTE,M2A5
DRTSC.2.1286,POPORRICHI,GUILLERMO QUIJANO RUEDA,TIEMPO DE LEER EDITORIAL,EXCELENTE,M2A5
DRTSC.2.1287,POPORRICHI,GUILLERMO QUIJANO RUEDA,TIEMPO DE LEER EDITORIAL,EXCELENTE,M2A5
DRTSC.2.1288,UN CELULAR EN EL POLO NORTE,CARL NORAC,EDELVIVES,EXCELENTE,M2A5
DRTSC.2.1289,UN CELULAR EN EL POLO NORTE,CARL NORAC,EDELVIVES,EXCELENTE,M2A5
DRTSC.2.1290,¡SÁLVESE QUIEN POLLO!,CHRISTIAN JOLIBOIS Y CHRISTIAN HEINRICH,PANAMERICANA EDITORIAL,EXCELENTE,M2A5
DRTSC.2.1291,¡SÁLVESE QUIEN POLLO!,CHRISTIAN JOLIBOIS Y CHRISTIAN HEINRICH,PANAMERICANA EDITORIAL,EXCELENTE,M2A5
DRTSC.2.1292,¡SE BURLAN DE MÍ!,FLORENCE DUTRUC-ROSSET - MARYLISE MOREL,PANAMERICANA EDITORIAL,EXCELENTE,M2A5
DRTSC.2.1293,¡SE BURLAN DE MÍ!,FLORENCE DUTRUC-ROSSET - MARYLISE MOREL,PANAMERICANA EDITORIAL,EXCELENTE,M2A5
DRTSC.2.1294,TIMI EN LA OSCURIDAD,GUADALUPE DE ZAGHINI,COLECCIÓ MANEJO MIS EMOCIONES,EXCELENTE,M2A5
DRTSC.2.1295,TIMI EN LA OSCURIDAD,GUADALUPE DE ZAGHINI,COLECCIÓ MANEJO MIS EMOCIONES,EXCELENTE,M2A5
DRTSC.2.1296,EL AMOR DE DIOS,-,KOREAN BIBLE SOCIETY,DAÑADO,M2A5
DRTSC.2.1297,EL AMOR DE DIOS,-,KOREAN BIBLE SOCIETY,EXCELENTE,M2A5
DRTSC.2.1298,EL AMOR DE DIOS,-,KOREAN BIBLE SOCIETY,EXCELENTE,M2A5
DRTSC.2.1299,AVENTURAS EN LOS ANTIGUOS REINOS DEL MISTERIO,ILICH RAUDA,COLECCIÓN FUEGOS FLORARES EL SALVADOR 2017,EXCELENTE,M2A5
DRTSC.2.1300,AVENTURAS EN LOS ANTIGUOS REINOS DEL MISTERIO,ILICH RAUDA,COLECCIÓN FUEGOS FLORARES EL SALVADOR 2017,EXCELENTE,M2A5
DRTSC.2.1301,AVENTURAS EN LOS ANTIGUOS REINOS DEL MISTERIO,ILICH RAUDA,COLECCIÓN FUEGOS FLORARES EL SALVADOR 2017,EXCELENTE,M2A5
DRTSC.2.1302,EL CIRCO DE OCTUBRE Y OTROS POEMAS,HUMBERTO GÁMEZ,COLECCIÓN FUEGOS FLORARES EL SALVADOR 2017,EXCELENTE,M2A5
DRTSC.2.1303,EL CIRCO DE OCTUBRE Y OTROS POEMAS,HUMBERTO GÁMEZ,COLECCIÓN FUEGOS FLORARES EL SALVADOR 2017,EXCELENTE,M2A5
DRTSC.2.1304,EL CIRCO DE OCTUBRE Y OTROS POEMAS,HUMBERTO GÁMEZ,COLECCIÓN FUEGOS FLORARES EL SALVADOR 2017,EXCELENTE,M2A5
DRTSC.2.1305,EL BOSQUE Y EL SECRETO,HUMBERTO GÁMEZ,COLECCIÓN FUEGOS FLORARES EL SALVADOR 2017,EXCELENTE,M2A5
DRTSC.2.1306,EL BOSQUE Y EL SECRETO,HUMBERTO GÁMEZ,COLECCIÓN FUEGOS FLORARES EL SALVADOR 2017,EXCELENTE,M2A5
DRTSC.2.1307,EL BOSQUE Y EL SECRETO,HUMBERTO GÁMEZ,COLECCIÓN FUEGOS FLORARES EL SALVADOR 2017,EXCELENTE,M2A5
DRTSC.2.1308,LUCIANO UN SAPOLÍRICO,MARÍA LUISA DE FRANCESCO,TIEMPO DE LEER EDITORIAL,EXCELENTE,M2A5
DRTSC.2.1309,LUCIANO UN SAPOLÍRICO,MARÍA LUISA DE FRANCESCO,TIEMPO DE LEER EDITORIAL,EXCELENTE,M2A5
DRTSC.2.1310,EL ZORRITO MIGUELISTO,SIGMAR,COLECCIÓN HABÍA UNA VEZ,EXCELENTE,M2A5
DRTSC.2.1311,EL ZORRITO MIGUELISTO,SIGMAR,COLECCIÓN HABÍA UNA VEZ,EXCELENTE,M2A5
DRTSC.2.1312,MY SNOWMAN,"ELENA CASTRO, BARBARA FLORES Y EDDIE HERNÁNDEZ",CELEBRATION PRESS,EXCELENTE,M2A5
DRTSC.2.1313,MY SNOWMAN,"ELENA CASTRO, BARBARA FLORES Y EDDIE HERNÁNDEZ",CELEBRATION PRESS,EXCELENTE,M2A5
DRTSC.2.1314,CUENTOS DE LO NUESTRO,SABINA VELÁSQUEZ DE ALGER,EDICIONES SERVICIOS EDUCATIVOS (ESE),EXCELENTE,M2A5
DRTSC.2.1315,CUENTOS DE LO NUESTRO,SABINA VELÁSQUEZ DE ALGER,EDICIONES SERVICIOS EDUCATIVOS (ESE),EXCELENTE,M2A5
DRTSC.2.1316,CUENTOS DE LO NUESTRO,SABINA VELÁSQUEZ DE ALGER,EDICIONES SERVICIOS EDUCATIVOS (ESE),EXCELENTE,M2A5
DRTSC.2.1317,CUENTOS DE LO NUESTRO,SABINA VELÁSQUEZ DE ALGER,EDICIONES SERVICIOS EDUCATIVOS (ESE),EXCELENTE,M2A5
DRTSC.2.1318,"NADA POR AQUÍ, NADA POR ALLÁ ADIVINANZA ",ALBERTO JIRÓN,COLECCIÓN DIAMANTES COLORES,EXCELENTE,M2A5
DRTSC.2.1319,"NADA POR AQUÍ, NADA POR ALLÁ ADIVINANZA ",ALBERTO JIRÓN,COLECCIÓN DIAMANTES COLORES,EXCELENTE,M2A5
DRTSC.2.1320,EL PIRATA SIN SU PATA,RAFAEL LÓPEZ ,-,EXCELENTE,M2A5
DRTSC.2.1321,EL PIRATA SIN SU PATA,RAFAEL LÓPEZ ,-,EXCELENTE,M2A5
DRTSC.2.1322,LAS PALABRAS MÁGICAS,ANGÉLE DELAUNOIS MANON GAUTHIER,PANAMERICANA EDITORIAL,EXCELENTE,M2A5
DRTSC.2.1323,LAS PALABRAS MÁGICAS,ANGÉLE DELAUNOIS MANON GAUTHIER,PANAMERICANA EDITORIAL,EXCELENTE,M2A5
DRTSC.2.1324,"MI DÍA, MIS ESTADOS DE ÁNIMO",JANCINTHE CHEVALIER ,RHÉA DUFRESNE,EXCELENTE,M2A5
DRTSC.2.1325,"MI DÍA, MIS ESTADOS DE ÁNIMO",JANCINTHE CHEVALIER ,RHÉA DUFRESNE,EXCELENTE,M2A5
DRTSC.2.1326,EL GATO DEL PERIÓDICO,PETER POTIAC,PANEMERICANA EDITORIAL,EXCELENTE,M2A5
DRTSC.2.1327,EL GATO DEL PERIÓDICO,PETER POTIAC,PANEMERICANA EDITORIAL,EXCELENTE,M2A5
DRTSC.2.1328,YO VOY A IR AL COLEGIO,ANRÉE E IVETTE SALOM SAFI,PANEMERICANA EDITORIAL,EXCELENTE,M2A5
DRTSC.2.1329,YO VOY A IR AL COLEGIO,ANRÉE E IVETTE SALOM SAFI,PANEMERICANA EDITORIAL,EXCELENTE,M2A5
DRTSC.2.1330,EL CIRCO DE BALTASAR,PEPE MAESTRO,PLAN LECTOR EDELVIVES,EXCELENTE,M2A5
DRTSC.2.1331,EL CIRCO DE BALTASAR,PEPE MAESTRO,PLAN LECTOR EDELVIVES,EXCELENTE,M2A5
DRTSC.2.1332,LA LLAMADA DEL AGUA ,ROCÍO ANTÓN LOLA NÚÑEZ,PLAN LECTOR EDELVIVES,EXCELENTE,M2A5
DRTSC.2.1333,LA LLAMADA DEL AGUA ,ROCÍO ANTÓN LOLA NÚÑEZ,PLAN LECTOR EDELVIVES,EXCELENTE,M2A5
DRTSC.2.1334,EL CARTERO QUE SE COVIRTIÓ EN CARTA ,ALFREDO GÓMEZ CERDA ,PLAN LECTOR EDELVIVES,EXCELENTE,M2A5
DRTSC.2.1335,EL CARTERO QUE SE COVIRTIÓ EN CARTA ,ALFREDO GÓMEZ CERDA ,PLAN LECTOR EDELVIVES,EXCELENTE,M2A5
DRTSC.2.1336,UN CELULAR EN EL POLO NORTE,CARL NORAC,PLAN LECTOR EDELVIVES,EXCELENTE,M2A5
DRTSC.2.1337,UN CELULAR EN EL POLO NORTE,CARL NORAC,PLAN LECTOR EDELVIVES,EXCELENTE,M2A5
DRTSC.2.1338,EL MONSTRUO Y LA BIBLIOTECARIA,ALFREDO GÓMEZ CERDÁ,PLAN LECTOR EDELVIVES,EXCELENTE,M2A5
DRTSC.2.1339,EL MONSTRUO Y LA BIBLIOTECARIA,ALFREDO GÓMEZ CERDÁ,PLAN LECTOR EDELVIVES,EXCELENTE,M2A5
DRTSC.2.1340,"UNA VACA, DOS NIÑOS Y TRESCIENTOS RUISEÑORES",IGNACIO SANZ,PLAN LECTOR EDELVIVES,EXCELENTE,M2A5
DRTSC.2.1341,"UNA VACA, DOS NIÑOS Y TRESCIENTOS RUISEÑORES",IGNACIO SANZ,PLAN LECTOR EDELVIVES,EXCELENTE,M2A5
DRTSC.2.1342, LA LINTERNITA MÁGICA,SANDRA SIEMENS,PLAN LECTOR EDELVIVES,EXCELENTE,M2B1
DRTSC.2.1343, LA LINTERNITA MÁGICA,SANDRA SIEMENS,PLAN LECTOR EDELVIVES,EXCELENTE,M2B1
DRTSC.2.1344,EL MARAVILLOSO VIAJE DE XÍA TENZIN,PATXI ZUBIZARRETA,PLAN LECTOR EDELVIVES,EXCELENTE,M2B1
DRTSC.2.1345,EL MARAVILLOSO VIAJE DE XÍA TENZIN,PATXI ZUBIZARRETA,PLAN LECTOR EDELVIVES,EXCELENTE,M2B1
DRTSC.2.1346,LOS CABALLOS DEL DALAI LAMA,PABLO ZAPATERA LERGA,PLAN LECTOR EDELVIVES,EXCELENTE,M2B1
DRTSC.2.1347,LOS CABALLOS DEL DALAI LAMA,PABLO ZAPATERA LERGA,PLAN LECTOR EDELVIVES,EXCELENTE,M2B1
DRTSC.2.1348,EL BOTÍN DE ATOLONDRADO ,ALFREDO GÓMEZ  CERDÁ,PLAN LECTOR EDELVIVES,EXCELENTE,M2B1
DRTSC.2.1349,EL BOTÍN DE ATOLONDRADO ,ALFREDO GÓMEZ  CERDÁ,PLAN LECTOR EDELVIVES,EXCELENTE,M2B1
DRTSC.2.1350,EL CONEJO VIAJERO ,MARÍA  EASTMAN,TIEMPO  DE LEER EDITORIAL ,EXCELENTE,M2B1
DRTSC.2.1351,EL CONEJO VIAJERO ,MARÍA  EASTMAN,TIEMPO  DE LEER EDITORIAL ,EXCELENTE,M2B1
DRTSC.2.1352,EL AJEDREZ EN EL SALVADOR,SALVADOR INFANTE ,EDITORIAL UNIVERSIDAD DOCTOR ANDRÉS BELLO,EXCELENTE,M2B1
DRTSC.2.1353,EL AJEDREZ EN EL SALVADOR,SALVADOR INFANTE ,EDITORIAL UNIVERSIDAD DOCTOR ANDRÉS BELLO,EXCELENTE,M2B1
DRTSC.2.1354,EL AJEDREZ EN EL SALVADOR,SALVADOR INFANTE ,EDITORIAL UNIVERSIDAD DOCTOR ANDRÉS BELLO,EXCELENTE,M2B1
DRTSC.2.1355,PARA DOMESTICAR UN DRAGÓN (O BICHO SIMILAR),MARÍA LUISA DE FRANCESCO,TIEMPO  DE LEER EDITORIAL ,EXCELENTE,M2B1
DRTSC.2.1356,PARA DOMESTICAR UN DRAGÓN (O BICHO SIMILAR),MARÍA LUISA DE FRANCESCO,TIEMPO  DE LEER EDITORIAL ,EXCELENTE,M2B1
DRTSC.2.1357,SI VES UN EXTRATERRESTRE,MARÍA LUISA DE FRANCESCO,TIEMPO  DE LEER EDITORIAL ,EXCELENTE,M2B1
DRTSC.2.1358,SI VES UN EXTRATERRESTRE,MARÍA LUISA DE FRANCESCO,TIEMPO  DE LEER EDITORIAL ,EXCELENTE,M2B1
DRTSC.2.1359,PARA ALEJAR MONTRUOS NOCTURNOS,MARÍA LUISA DE FRANCESCO,TIEMPO  DE LEER EDITORIAL ,EXCELENTE,M2B1
DRTSC.2.1360,PARA ALEJAR MONTRUOS NOCTURNOS,MARÍA LUISA DE FRANCESCO,TIEMPO  DE LEER EDITORIAL ,EXCELENTE,M2B1
DRTSC.2.1361,LA LINTERNITA MÁGICA ,SANDRA SIEMENS,EDELVIVES,EXCELENTE,M2B1
DRTSC.2.1362,LA LINTERNITA MÁGICA ,SANDRA SIEMENS,EDELVIVES,EXCELENTE,M2B1
DRTSC.2.1363,EL MARAVILLOSO VIAJE DE XÍA TENZIN,PATXI ZUBIZARRETA,EDELVIVES,EXCELENTE,M2B1
DRTSC.2.1364,EL MARAVILLOSO VIAJE DE XÍA TENZIN,PATXI ZUBIZARRETA,EDELVIVES,EXCELENTE,M2B1
DRTSC.2.1365,EL MONSTRUO Y LA BIBLIOTECARIA,ALFREDO GÓMEZ CERDÁ,EDELVIVES,EXCELENTE,M2B1
DRTSC.2.1366,EL MONSTRUO Y LA BIBLIOTECARIA,ALFREDO GÓMEZ CERDÁ,EDELVIVES,EXCELENTE,M2B1
DRTSC.2.1367,EL CIRCO DE BALTASAR,PEPE MAESTRO,EDELVIVES,EXCELENTE,M2B1
DRTSC.2.1368,EL CIRCO DE BALTASAR,PEPE MAESTRO,EDELVIVES,EXCELENTE,M2B1
DRTSC.2.1369,EL BOTÍN DE ATOLONDRADO ,ALFREDO GÓMEZ CERDÁ,EDELVIVES,EXCELENTE,M2B1
DRTSC.2.1370,EL BOTÍN DE ATOLONDRADO ,ALFREDO GÓMEZ CERDÁ,EDELVIVES,EXCELENTE,M2B1
DRTSC.2.1371,LOS CABALLOS DEL DALAI LAMA,PABLO ZAPATERA LERGA,EDELVIVES,EXCELENTE,M2B1
DRTSC.2.1372,LOS CABALLOS DEL DALAI LAMA,PABLO ZAPATERA LERGA,EDELVIVES,EXCELENTE,M2B1
DRTSC.2.1373,LA LLAMADA DEL AGUA ,ROCÍO ANTÓN LOLA NÚÑEZ,EDELVIVES,EXCELENTE,M2B1
DRTSC.2.1374,LA LLAMADA DEL AGUA ,ROCÍO ANTÓN LOLA NÚÑEZ,EDELVIVES,EXCELENTE,M2B1
DRTSC.2.1375,"UNA VACA, DOS NIÑOS Y TRESCIENTOS RUISEÑORES",IGNACIO SANZ,EDELVIVES,EXCELENTE,M2B1
DRTSC.2.1376,"UNA VACA, DOS NIÑOS Y TRESCIENTOS RUISEÑORES",IGNACIO SANZ,EDELVIVES,EXCELENTE,M2B1
DRTSC.2.1377,EL COLECCIONISTA,JORGELINA CERRITOS ,COLECCIÓN INFANTIL  (DPI),EXCELENTE,M2B1
DRTSC.2.1378,EL COLECCIONISTA,JORGELINA CERRITOS ,COLECCIÓN INFANTIL  (DPI),EXCELENTE,M2B1
DRTSC.2.1379,EL COLECCIONISTA,JORGELINA CERRITOS ,COLECCIÓN INFANTIL  (DPI),EXCELENTE,M2B1
DRTSC.2.1380,EL COLECCIONISTA,JORGELINA CERRITOS ,COLECCIÓN INFANTIL  (DPI),EXCELENTE,M2B1
DRTSC.2.1381,EL COLECCIONISTA,JORGELINA CERRITOS ,COLECCIÓN INFANTIL  (DPI),EXCELENTE,M2B1
DRTSC.2.1382,EL COLECCIONISTA,JORGELINA CERRITOS ,COLECCIÓN INFANTIL  (DPI),EXCELENTE,M2B1
DRTSC.2.1383,EL COLECCIONISTA,JORGELINA CERRITOS ,COLECCIÓN INFANTIL  (DPI),EXCELENTE,M2B1
DRTSC.2.1384,MUNDO DE CHOCOLATE ,MAURA ECHEVERRÍA,COLECCIÓN INFANTIL  (DPI),EXCELENTE,M2B1
DRTSC.2.1385,MUNDO DE CHOCOLATE ,MAURA ECHEVERRÍA,COLECCIÓN INFANTIL  (DPI),EXCELENTE,M2B1
DRTSC.2.1386,MUNDO DE CHOCOLATE ,MAURA ECHEVERRÍA,COLECCIÓN INFANTIL  (DPI),EXCELENTE,M2B1
DRTSC.2.1387,MUNDO DE CHOCOLATE ,MAURA ECHEVERRÍA,COLECCIÓN INFANTIL  (DPI),EXCELENTE,M2B1
DRTSC.2.1388,BENI Y OTROS CUENTOS,CLARIBEL ALEGRÍA ,COLECCIÓN INFANTIL  (DPI),EXCELENTE,M2B1
DRTSC.2.1389,BENI Y OTROS CUENTOS,CLARIBEL ALEGRÍA ,COLECCIÓN INFANTIL  (DPI),EXCELENTE,M2B1
DRTSC.2.1390,BENI Y OTROS CUENTOS,CLARIBEL ALEGRÍA ,COLECCIÓN INFANTIL  (DPI),EXCELENTE,M2B1
DRTSC.2.1391,BENI Y OTROS CUENTOS,CLARIBEL ALEGRÍA ,COLECCIÓN INFANTIL  (DPI),EXCELENTE,M2B1
DRTSC.2.1392,BENI Y OTROS CUENTOS,CLARIBEL ALEGRÍA ,COLECCIÓN INFANTIL  (DPI),EXCELENTE,M2B1
DRTSC.2.1393,BENI Y OTROS CUENTOS,CLARIBEL ALEGRÍA ,COLECCIÓN INFANTIL  (DPI),EXCELENTE,M2B1
DRTSC.2.1394,BENI Y OTROS CUENTOS,CLARIBEL ALEGRÍA ,COLECCIÓN INFANTIL  (DPI),EXCELENTE,M2B1
DRTSC.2.1395,PAJARERÍAS,RICARDO CASTRORRIVAS ,COLECCIÓN INFANTIL  (DPI),EXCELENTE,M2B1
DRTSC.2.1396,PAJARERÍAS,RICARDO CASTRORRIVAS ,COLECCIÓN INFANTIL  (DPI),EXCELENTE,M2B1
DRTSC.2.1397,PAJARERÍAS,RICARDO CASTRORRIVAS ,COLECCIÓN INFANTIL  (DPI),EXCELENTE,M2B1
DRTSC.2.1398,PAJARERÍAS,RICARDO CASTRORRIVAS ,COLECCIÓN INFANTIL  (DPI),EXCELENTE,M2B1
DRTSC.2.1399,PAJARERÍAS,RICARDO CASTRORRIVAS ,COLECCIÓN INFANTIL  (DPI),EXCELENTE,M2B1
DRTSC.2.1400,PAJARERÍAS,RICARDO CASTRORRIVAS ,COLECCIÓN INFANTIL  (DPI),EXCELENTE,M2B1
DRTSC.2.1401,PAJARERÍAS,RICARDO CASTRORRIVAS ,COLECCIÓN INFANTIL  (DPI),EXCELENTE,M2B1
DRTSC.2.1402,LA CASA BALLENA,JORGELINA CERRITOS ,COLECCIÓN INFANTIL  (DPI),EXCELENTE,M2B1
DRTSC.2.1403,LA CASA BALLENA,JORGELINA CERRITOS ,COLECCIÓN INFANTIL  (DPI),EXCELENTE,M2B1
DRTSC.2.1404,LA CASA BALLENA,JORGELINA CERRITOS ,COLECCIÓN INFANTIL  (DPI),EXCELENTE,M2B1
DRTSC.2.1405,LA CASA BALLENA,JORGELINA CERRITOS ,COLECCIÓN INFANTIL  (DPI),EXCELENTE,M2B1
DRTSC.2.1406,AVENTURAS DE UN BOTÓN EN EL ZOOLÓGICO,ALBERTO POCASANGRE,COLECCIÓN INFANTIL  (DPI),EXCELENTE,M2B1
DRTSC.2.1407,AVENTURAS DE UN BOTÓN EN EL ZOOLÓGICO,ALBERTO POCASANGRE,COLECCIÓN INFANTIL  (DPI),EXCELENTE,M2B1
DRTSC.2.1408,AVENTURAS DE UN BOTÓN EN EL ZOOLÓGICO,ALBERTO POCASANGRE,COLECCIÓN INFANTIL  (DPI),EXCELENTE,M2B1
DRTSC.2.1409,AVENTURAS DE UN BOTÓN EN EL ZOOLÓGICO,ALBERTO POCASANGRE,COLECCIÓN INFANTIL  (DPI),EXCELENTE,M2B1
DRTSC.2.1410,AVENTURAS DE UN BOTÓN EN EL ZOOLÓGICO,ALBERTO POCASANGRE,COLECCIÓN INFANTIL  (DPI),EXCELENTE,M2B1
DRTSC.2.1411,AVENTURAS DE UN BOTÓN EN EL ZOOLÓGICO,ALBERTO POCASANGRE,COLECCIÓN INFANTIL  (DPI),EXCELENTE,M2B1
DRTSC.2.1412,AVENTURAS DE UN BOTÓN EN EL ZOOLÓGICO,ALBERTO POCASANGRE,COLECCIÓN INFANTIL  (DPI),EXCELENTE,M2B1
DRTSC.2.1413,AVENTURAS DE UN BOTÓN EN EL ZOOLÓGICO,ALBERTO POCASANGRE,COLECCIÓN INFANTIL  (DPI),EXCELENTE,M2B1
DRTSC.2.1414,EL GRAN TESORO DEL ABUELO,GUADALUPE CASTELLANOS,COLECCIÓN INFANTIL  (DPI),EXCELENTE,M2B1
DRTSC.2.1415,EL GRAN TESORO DEL ABUELO,GUADALUPE CASTELLANOS,COLECCIÓN INFANTIL  (DPI),EXCELENTE,M2B1
DRTSC.2.1416,EL GRAN TESORO DEL ABUELO,GUADALUPE CASTELLANOS,COLECCIÓN INFANTIL  (DPI),EXCELENTE,M2B1
DRTSC.2.1417,EL GRAN TESORO DEL ABUELO,GUADALUPE CASTELLANOS,COLECCIÓN INFANTIL  (DPI),EXCELENTE,M2B1
DRTSC.2.1418,EL GRAN TESORO DEL ABUELO,GUADALUPE CASTELLANOS,COLECCIÓN INFANTIL  (DPI),EXCELENTE,M2B1
DRTSC.2.1419,EL GRAN TESORO DEL ABUELO,GUADALUPE CASTELLANOS,COLECCIÓN INFANTIL  (DPI),EXCELENTE,M2B1
DRTSC.2.1420,EL GRAN TESORO DEL ABUELO,GUADALUPE CASTELLANOS,COLECCIÓN INFANTIL  (DPI),EXCELENTE,M2B1
DRTSC.2.1421,ESCUELA DE PÁJAROS ,CLAUDIA LARS ,COLECCIÓN INFANTIL  (DPI),EXCELENTE,M2B1
DRTSC.2.1422,ESCUELA DE PÁJAROS ,CLAUDIA LARS ,COLECCIÓN INFANTIL  (DPI),EXCELENTE,M2B1
DRTSC.2.1423,ESCUELA DE PÁJAROS ,CLAUDIA LARS ,COLECCIÓN INFANTIL  (DPI),EXCELENTE,M2B1
DRTSC.2.1424,ESCUELA DE PÁJAROS ,CLAUDIA LARS ,COLECCIÓN INFANTIL  (DPI),EXCELENTE,M2B1
DRTSC.2.1425,ESCUELA DE PÁJAROS ,CLAUDIA LARS ,COLECCIÓN INFANTIL  (DPI),EXCELENTE,M2B1
DRTSC.2.1426,ESCUELA DE PÁJAROS ,CLAUDIA LARS ,COLECCIÓN INFANTIL  (DPI),EXCELENTE,M2B1
DRTSC.2.1427,ESCUELA DE PÁJAROS ,CLAUDIA LARS ,COLECCIÓN INFANTIL  (DPI),EXCELENTE,M2B1
DRTSC.2.1428,LAS ULTIMAS LUNAS DE HANDOSKI,GUILLERMO QUIJANO RUEDA,TIEMPO  DE LEER EDITORIAL ,EXCELENTE,M2B2
DRTSC.2.1429,LAS ULTIMAS LUNAS DE HANDOSKI,GUILLERMO QUIJANO RUEDA,TIEMPO  DE LEER EDITORIAL ,EXCELENTE,M2B2
DRTSC.2.1430,NARRACIONES EXTRAORDINARIAS,EDGAR ALLAN POE,COLECCIÓN PENSAMIENTO,EXCELENTE,M2B2
DRTSC.2.1431,POPOL VUH LAS ANTIGUAS HISTORIAS DEL QUINCHÉ,ANONIMO,COLECCIÓN PENSAMIENTO,EXCELENTE,M2B2
DRTSC.2.1432,LAS COSAS NO SON LO QUE PARECEN (LOS NIÑOS DEL COLEGIO DE LA LUZ: CASA UNO),CARMEN GONZÁLEZ HUGUET ,COLECCIÓN PAPALOTE REVOLTOSO,EXCELENTE,M2B2
DRTSC.2.1433,LAS COSAS NO SON LO QUE PARECEN (LOS NIÑOS DEL COLEGIO DE LA LUZ: CASA UNO),CARMEN GONZÁLEZ HUGUET ,COLECCIÓN PAPALOTE REVOLTOSO,EXCELENTE,M2B2
DRTSC.2.1434,LA EXTRAÑA ENFERMEDAD DE MANUEL ,GUADALUPE CASTELLANOS,COLECCIÓN DANZARIN AL AIRE ,EXCELENTE,M2B2
DRTSC.2.1435,LA EXTRAÑA ENFERMEDAD DE MANUEL ,GUADALUPE CASTELLANOS,COLECCIÓN DANZARIN AL AIRE ,EXCELENTE,M2B2
DRTSC.2.1436,NAVEGANDO CON JESÚS ,ALEJANDRA LABBÉ,COLECCIÓN BENDICIÓN,EXCELENTE,M2B2
DRTSC.2.1437,NAVEGANDO CON JESÚS ,ALEJANDRA LABBÉ,COLECCIÓN BENDICIÓN,EXCELENTE,M2B2
DRTSC.2.1438,EL ZORRO Y EL CABALLO,CUENTOS HNOS. GRIMM,LECTURAS FELICES,EXCELENTE,M2B2
DRTSC.2.1439,EL ZORRO Y EL CABALLO,CUENTOS HNOS. GRIMM,LECTURAS FELICES,EXCELENTE,M2B2
DRTSC.2.1440,¡QUE DESASTRE!,VÉRONIQUE CAUCHY,PANAMERICANA EDITORIAL,EXCELENTE,M2B2
DRTSC.2.1441,¡QUE DESASTRE!,VÉRONIQUE CAUCHY,PANAMERICANA EDITORIAL,EXCELENTE,M2B2
DRTSC.2.1442,VIDA NUEVA ,MARGARITA ROBLEDA ,PANAMERICANA EDITORIAL,EXCELENTE,M2B2
DRTSC.2.1443,VIDA NUEVA ,MARGARITA ROBLEDA ,PANAMERICANA EDITORIAL,EXCELENTE,M2B2
DRTSC.2.1444,CUANDO UN DRAGÓN VIENE A VIVIR CONTIGO,JODI MORE ,PANAMERICANA EDITORIAL,EXCELENTE,M2B2
DRTSC.2.1445,CUANDO UN DRAGÓN VIENE A VIVIR CONTIGO,JODI MORE ,PANAMERICANA EDITORIAL,EXCELENTE,M2B2
DRTSC.2.1446,BIGOTES EL REY DE LAS TONTERIAS ,MÉLANIE GRANDGIRARD,PANAMERICANA EDITORIAL,EXCELENTE,M2B2
DRTSC.2.1447,BIGOTES EL REY DE LAS TONTERIAS ,MÉLANIE GRANDGIRARD,PANAMERICANA EDITORIAL,EXCELENTE,M2B2
DRTSC.2.1448,CANELA VIVE EN LA LUNA ,CHARLOTTE AMELING ,PANAMERICANA EDITORIAL,EXCELENTE,M2B2
DRTSC.2.1449,CANELA VIVE EN LA LUNA ,CHARLOTTE AMELING ,PANAMERICANA EDITORIAL,EXCELENTE,M2B2
DRTSC.2.1450,VICENTE TIENE UN TALENTO DEMENTE,BENJAMIN BÉCUE ,PANAMERICANA EDITORIAL,EXCELENTE,M2B2
DRTSC.2.1451,VICENTE TIENE UN TALENTO DEMENTE,BENJAMIN BÉCUE ,PANAMERICANA EDITORIAL,EXCELENTE,M2B2
DRTSC.2.1452,UNA FAMILIA REAL ,JHONA BARBOSA ,TIEMPO  DE LEER EDITORIAL ,EXCELENTE,M2B2
DRTSC.2.1453,UNA FAMILIA REAL ,JHONA BARBOSA ,TIEMPO  DE LEER EDITORIAL ,EXCELENTE,M2B2
DRTSC.2.1454,EMERGENCIA EN EL RÍO GRANDE,JHONA BARBOSA ,TIEMPO  DE LEER EDITORIAL ,EXCELENTE,M2B2
DRTSC.2.1455,EMERGENCIA EN EL RÍO GRANDE,JHONA BARBOSA ,TIEMPO  DE LEER EDITORIAL ,EXCELENTE,M2B2
DRTSC.2.1456,"ALEJO, EL ELEFANTE QUE PESCÓ UN RESFRIADO ",MAURICIO CONTRERAS HERNÁNDEZ ,TIEMPO  DE LEER EDITORIAL ,EXCELENTE,M2B2
DRTSC.2.1457,"ALEJO, EL ELEFANTE QUE PESCÓ UN RESFRIADO ",MAURICIO CONTRERAS HERNÁNDEZ ,TIEMPO  DE LEER EDITORIAL ,EXCELENTE,M2B2
DRTSC.2.1458,FELIPE EL FELPUDO ,CAROLINA CUENCA ,AEIOU LEAMOS JUNTOS ,EXCELENTE,M2B2
DRTSC.2.1459,FELIPE EL FELPUDO ,CAROLINA CUENCA ,AEIOU LEAMOS JUNTOS ,EXCELENTE,M2B2
DRTSC.2.1460,EMERGENCIA EN EL SUR,ISABELA BARRIENTOS ,COLECCIÓN AVES FASCINANTES ,EXCELENTE,M2B2
DRTSC.2.1461,EMERGENCIA EN EL SUR,ISABELA BARRIENTOS ,COLECCIÓN AVES FASCINANTES ,EXCELENTE,M2B2
DRTSC.2.1462,TETO Y SU DISFRAZ PINTORESCO,"CAROLINA CUENCA, EDUARDO GONZÁLEZ Y EDUARDO RODRÍGUEZ",EAEIOU LEAMOS JUNTOS ,EXCELENTE,M2B2
DRTSC.2.1463,TETO Y SU DISFRAZ PINTORESCO,"CAROLINA CUENCA, EDUARDO GONZÁLEZ Y EDUARDO RODRÍGUEZ",EAEIOU LEAMOS JUNTOS ,EXCELENTE,M2B2
DRTSC.2.1464,EL TUBÓFONO ,RAFAEL LÓPEZ ,-,EXCELENTE,M2B2
DRTSC.2.1465,EL TUBÓFONO ,RAFAEL LÓPEZ ,-,EXCELENTE,M2B2
DRTSC.2.1466,GUAYACÁN EL ARBOL DE ACERO,ISABELA BARRIENTOS ,COLECCIÓN ARBOLES FASCINANTES ,EXCELENTE,M2B2
DRTSC.2.1467,GUAYACÁN EL ARBOL DE ACERO,ISABELA BARRIENTOS ,COLECCIÓN ARBOLES FASCINANTES ,EXCELENTE,M2B2
DRTSC.2.1468,LA MARIPOSA NO PODÍA VOLAR,AMADA GUILLERMA RIVERA,-,EXCELENTE,M2B2
DRTSC.2.1469,LA MARIPOSA NO PODÍA VOLAR,AMADA GUILLERMA RIVERA,-,EXCELENTE,M2B2
DRTSC.2.1470,EL SOLDADITO DE CHOCOLATE ,ISABEL BARRIENTOS ,COLECCIÓN ARBOLES FASCINANTES ,EXCELENTE,M2B2
DRTSC.2.1471,EL SOLDADITO DE CHOCOLATE ,ISABEL BARRIENTOS ,COLECCIÓN ARBOLES FASCINANTES ,EXCELENTE,M2B2
DRTSC.2.1472,"¡COMO MOLESTA, ALONDRA!",RAFAEL FELIPE  LÓPEZ URBINA ,CLASICOS ROXSIL ,EXCELENTE,M2B2
DRTSC.2.1473,"¡COMO MOLESTA, ALONDRA!",RAFAEL FELIPE  LÓPEZ URBINA ,CLASICOS ROXSIL ,EXCELENTE,M2B2
DRTSC.2.1474,ALFREDITO ,RAFAEL FELIPE  LÓPEZ URBINA ,CLASICOS ROXSIL ,EXCELENTE,M2B2
DRTSC.2.1475,ALFREDITO ,RAFAEL FELIPE  LÓPEZ URBINA ,CLASICOS ROXSIL ,EXCELENTE,M2B2
DRTSC.2.1476,UNA AMISTAD DEBAJO DEL MAR,CAROLINA CUENCA Y EDUARDO GONZÁLEZ,AEIOU LEAMOS JUNTOS ,EXCELENTE,M2B2
DRTSC.2.1477,UNA AMISTAD DEBAJO DEL MAR,CAROLINA CUENCA Y EDUARDO GONZÁLEZ,AEIOU LEAMOS JUNTOS ,EXCELENTE,M2B2
DRTSC.2.1478,MI AMIGA LA COTUZA ,ALEJANDRA LABBÉ,-,EXCELENTE,M2B2
DRTSC.2.1479,MI AMIGA LA COTUZA ,ALEJANDRA LABBÉ,-,EXCELENTE,M2B2
DRTSC.2.1480, LA HSTORIA DE LA SERPIENTE MITOS Y LEYENDAS INGIGENAS,NICOLAS CÁRDENAS ,TIEMPO  DE LEER EDITORIAL ,EXCELENTE,M2B2
DRTSC.2.1481, LA HSTORIA DE LA SERPIENTE MITOS Y LEYENDAS INGIGENAS,NICOLAS CÁRDENAS ,TIEMPO  DE LEER EDITORIAL ,EXCELENTE,M2B2
DRTSC.2.1482,EL DIOS TRUENO Y EL ARCO IRIS MITOS Y LEYENDAS INGIGENAS ,NICOLAS CÁRDENAS ,TIEMPO  DE LEER EDITORIAL ,EXCELENTE,M2B2
DRTSC.2.1483,EL DIOS TRUENO Y EL ARCO IRIS MITOS Y LEYENDAS INGIGENAS ,NICOLAS CÁRDENAS ,TIEMPO  DE LEER EDITORIAL ,EXCELENTE,M2B2
DRTSC.2.1484,BAJO EL MISMO CIELO ,JHONA BARBOSA ,TIEMPO  DE LEER EDITORIAL ,EXCELENTE,M2B2
DRTSC.2.1485,BAJO EL MISMO CIELO ,JHONA BARBOSA ,TIEMPO  DE LEER EDITORIAL ,EXCELENTE,M2B2
DRTSC.2.1486,MARÚ LA PEQUEÑA NUTRIA ,JHONA BARBOSA ,TIEMPO  DE LEER EDITORIAL ,EXCELENTE,M2B2
DRTSC.2.1487,MARÚ LA PEQUEÑA NUTRIA ,JHONA BARBOSA ,TIEMPO  DE LEER EDITORIAL ,EXCELENTE,M2B2
DRTSC.2.1488,DE QUETZAL A TOROGOZ,MARCELA ALEJANDRA MARTÍNEZ GARCÍA ,COLECIÓN AVES FASCINANTES,EXCELENTE,M2B2
DRTSC.2.1489,DE QUETZAL A TOROGOZ,MARCELA ALEJANDRA MARTÍNEZ GARCÍA ,COLECIÓN AVES FASCINANTES,EXCELENTE,M2B2
DRTSC.2.1490,SOFI LA FOCA EN APUROS ,MAURICIO CONTRERAS HERNÁNDEZ ,TIEMPO  DE LEER EDITORIAL ,EXCELENTE,M2B2
DRTSC.2.1491,SOFI LA FOCA EN APUROS ,MAURICIO CONTRERAS HERNÁNDEZ ,TIEMPO  DE LEER EDITORIAL ,EXCELENTE,M2B2
DRTSC.2.1492,ARIEL Y LOS SUEÑOS DE PAPEL ,ALEJANDRO ESTRADA ,CASA AZUL EDICIONES,EXCELENTE,M2B2
DRTSC.2.1493,ARIEL Y LOS SUEÑOS DE PAPEL ,ALEJANDRO ESTRADA ,CASA AZUL EDICIONES,EXCELENTE,M2B2
DRTSC.2.1494,EL DÍA DE UN PERRO,REBECCA RISSMAN ,PANAMERICANA EDITORIAL,EXCELENTE,M2B2
DRTSC.2.1495,EL DÍA DE UN PERRO,REBECCA RISSMAN ,PANAMERICANA EDITORIAL,EXCELENTE,M2B2
DRTSC.2.1496,ROBERTO EL TERCERO,DAVID SÁNCHEZ JULIAO,COLECCIÓN OA INFANTIL  ,EXCELENTE,M2B2
DRTSC.2.1497,ROBERTO EL TERCERO,DAVID SÁNCHEZ JULIAO,COLECCIÓN OA INFANTIL  ,EXCELENTE,M2B2
DRTSC.2.1498,BOSQUE DE LOS PERICOS ESCUELA DE PILOTOS ,ISABELA BARRIENTOS ,COLECCIÓN AVES FASCINANTES ,EXCELENTE,M2B2
DRTSC.2.1499,BOSQUE DE LOS PERICOS ESCUELA DE PILOTOS ,ISABELA BARRIENTOS ,COLECCIÓN AVES FASCINANTES ,EXCELENTE,M2B2
DRTSC.2.1500,MITO ARBOLITO DE BÁLSAMO ,ISABELA BARRIENTOS ,COLECCIÓN ARBOLES FASCINANTES ,EXCELENTE,M2B2
DRTSC.2.1501,MITO ARBOLITO DE BÁLSAMO ,ISABELA BARRIENTOS ,COLECCIÓN ARBOLES FASCINANTES ,EXCELENTE,M2B2
DRTSC.2.1502,EL TIBURÓN SIN DIENTES ,AMADA GUILLERMA RIVERA,-,EXCELENTE,M2B2
DRTSC.2.1503,EL TIBURÓN SIN DIENTES ,AMADA GUILLERMA RIVERA,-,EXCELENTE,M2B2
DRTSC.2.1504,UN TORDITO ENAMORADO ,ISABEL BARRIENTOS ,COLECCIÓN AVES FASCINANTES ,EXCELENTE,M2B2
DRTSC.2.1505,UN TORDITO ENAMORADO ,ISABEL BARRIENTOS ,COLECCIÓN AVES FASCINANTES ,EXCELENTE,M2B2
DRTSC.2.1506,LA AVENTURA DE GUAU,CAROLINA CUENCA ,AEIOU LEAMOS JUNTOS ,EXCELENTE,M2B2
DRTSC.2.1507,LA AVENTURA DE GUAU,CAROLINA CUENCA ,AEIOU LEAMOS JUNTOS ,EXCELENTE,M2B2
DRTSC.2.1508,EL CUMPLEAÑOS DE JÚPITER ,INGRID MARÍA MARTÍNEZ,GRELISAL ,EXCELENTE,M2B2
DRTSC.2.1509,EL CUMPLEAÑOS DE JÚPITER ,INGRID MARÍA MARTÍNEZ,GRELISAL ,EXCELENTE,M2B2
DRTSC.2.1510,LUCÍA LA GUALCACHÍA ,ISABEL BARRIENTOS ,COLECCIÓN AVES FASCINANTES ,EXCELENTE,M2B2
DRTSC.2.1511,LUCÍA LA GUALCACHÍA ,ISABEL BARRIENTOS ,COLECCIÓN AVES FASCINANTES ,EXCELENTE,M2B2
DRTSC.2.1512,"""EL CHIO"" REPORTERO",ISABEL BARRIENTOS ,COLECCIÓN AVES FASCINANTES ,EXCELENTE,M2B2
DRTSC.2.1513,"""EL CHIO"" REPORTERO",ISABEL BARRIENTOS ,COLECCIÓN AVES FASCINANTES ,EXCELENTE,M2B2
DRTSC.2.1514,"LOS 7 PASOS DE PONCHO PARA DEJAR DE CHUPARSE EL DEDO TÍA LI 2MAGNIFICO""",ALEJANDRO JORGE VEGA,GRELISAL ,EXCELENTE,M2B2
DRTSC.2.1515,"LOS 7 PASOS DE PONCHO PARA DEJAR DE CHUPARSE EL DEDO TÍA LI 2MAGNIFICO""",ALEJANDRO JORGE VEGA,GRELISAL ,EXCELENTE,M2B2
DRTSC.2.1516,THE TORTOISE AND THE HARE LA TORTUGA Y LA LIEBRE ,TERESA  MLAWER,PANAMERICANA EDITORIAL,EXCELENTE,M2B2
DRTSC.2.1517,THE TORTOISE AND THE HARE LA TORTUGA Y LA LIEBRE ,TERESA  MLAWER,PANAMERICANA EDITORIAL,EXCELENTE,M2B2
DRTSC.2.1518,THE LION AND THE MOUSE EL LEÓN Y EL RATÓN,TERESA  MLAWER,PANAMERICANA EDITORIAL,EXCELENTE,M2B2
DRTSC.2.1519,THE LION AND THE MOUSE EL LEÓN Y EL RATÓN,TERESA  MLAWER,PANAMERICANA EDITORIAL,EXCELENTE,M2B2
DRTSC.2.1520,RAPITO Y SAPÓN ,MIREYA FONSECA LEAL,PANAMERICANA EDITORIAL,EXCELENTE,M2B2
DRTSC.2.1521,RAPITO Y SAPÓN ,MIREYA FONSECA LEAL,PANAMERICANA EDITORIAL,EXCELENTE,M2B2
DRTSC.2.1522,TRÉBBOL DE CUATRO HOJAS ,JAIRO ANÍBAL ,PANAMERICANA EDITORIAL,EXCELENTE,M2B2
DRTSC.2.1523,TRÉBOL DE CUATRO HOJAS ,JAIRO ANÍBAL ,PANAMERICANA EDITORIAL,EXCELENTE,M2B2
DRTSC.2.1524,ROGELIO Y LA BOLSA ,CELSO ROMÁN ,PANAMERICANA EDITORIAL,EXCELENTE,M2B2
DRTSC.2.1525,ROGELIO Y LA BOLSA ,CELSO ROMÁN ,PANAMERICANA EDITORIAL,EXCELENTE,M2B2
DRTSC.2.1526,SOÑAR ES PENSAR BONITO,ANA CARAVANA ,PANAMERICANA EDITORIAL,EXCELENTE,M2B2
DRTSC.2.1527,SOÑAR ES PENSAR BONITO,ANA CARAVANA ,PANAMERICANA EDITORIAL,EXCELENTE,M2B2
DRTSC.2.1528,JOTA EL PAPÁ GAVIOTA ,FRÉDERIC MULTIER ,PANAMERICANA EDITORIAL,EXCELENTE,M2B2
DRTSC.2.1529,JOTA EL PAPÁ GAVIOTA ,FRÉDERIC MULTIER ,PANAMERICANA EDITORIAL,EXCELENTE,M2B2
DRTSC.2.1530,"TOTO, EL SOPLADOR MÁGICO DE DIENTES",TÍA LI,-,EXCELENTE,M2B2
DRTSC.2.1531,"TOTO, EL SOPLADOR MÁGICO DE DIENTES",TÍA LI,-,EXCELENTE,M2B2
DRTSC.2.1532,FELIPE Y EL MAR ,JHOANA BARBOSA ,TIEMPO  DE LEER EDITORIAL ,EXCELENTE,M2B2
DRTSC.2.1533,FELIPE Y EL MAR ,JHOANA BARBOSA ,TIEMPO  DE LEER EDITORIAL ,EXCELENTE,M2B2
DRTSC.2.1534,RAÚL EL ASTRÓNOMO ,ALBERTO POCASANGRE,COLECCIÓN DIAMANTE DE COLORES,EXCELENTE,M2B2
DRTSC.2.1535,RAÚL EL ASTRÓNOMO ,ALBERTO POCASANGRE,COLECCIÓN DIAMANTE DE COLORES,EXCELENTE,M2B2
DRTSC.2.1536,ABRAZA TU MIEDO,MIGUEL MENDOZA LUNA,PANAMERICANA,EXCELENTE,M2B3
DRTSC.2.1537,ABRAZA TU MIEDO,MIGUEL MENDOZA LUNA,PANAMERICANA,EXCELENTE,M2B3
DRTSC.2.1538,EL POLLITO EN LA PARED ,CELSO ROMÁN,PANAMERICANA,EXCELENTE,M2B3
DRTSC.2.1539,EL POLLITO EN LA PARED ,CELSO ROMÁN,PANAMERICANA,EXCELENTE,M2B3
DRTSC.2.1540,EL PASTORCITO MENTIROSO,TERESA MLAWER,PANAMERICANA,EXCELENTE,M2B3
DRTSC.2.1541,EL PASTORCITO MENTIROSO,TERESA MLAWER,PANAMERICANA,EXCELENTE,M2B3
DRTSC.2.1542,CUANDO SEA GRANDE,SERGIO ANDRICAÍN,PANAMERICANA,EXCELENTE,M2B3
DRTSC.2.1543,CUANDO SEA GRANDE,SERGIO ANDRICAÍN,PANAMERICANA,EXCELENTE,M2B3
DRTSC.2.1544,ESTRELLAS EN LAS MANOS DE LUCÍA,SAMARYS POLO,PANAMERICANA,EXCELENTE,M2B3
DRTSC.2.1545,ESTRELLAS EN LAS MANOS DE LUCÍA,SAMARYS POLO,PANAMERICANA,EXCELENTE,M2B3
DRTSC.2.1546,GOTAS SERENOS Y SERENILLOS,ERNESTO HERAZO ,TIEMPO DE LEER EDITORIAL,EXCELENTE,M2B3
DRTSC.2.1547,GOTAS SERENOS Y SERENILLOS,ERNESTO HERAZO ,TIEMPO DE LEER EDITORIAL,EXCELENTE,M2B3
DRTSC.2.1548,ROGER EL TIGRE QUE PERDIO SUS RAYAS,MAURICIO CONTRERAS HERNANDEZ,TIEMPO DE LEER EDITORIAL,EXCELENTE,M2B3
DRTSC.2.1549,ROGER EL TIGRE QUE PERDIO SUS RAYAS,MAURICIO CONTRERAS HERNANDEZ,TIEMPO DE LEER EDITORIAL,EXCELENTE,M2B3
DRTSC.2.1550,EL MOUNSTRO QUE LE GUSTABA LEER ,LILI CHARTRAND ROGÉ,PANAMERICANA,EXCELENTE,M2B3
DRTSC.2.1551,EL MOUNSTRO QUE LE GUSTABA LEER ,LILI CHARTRAND ROGÉ,PANAMERICANA,EXCELENTE,M2B3
DRTSC.2.1552,AMANDA ¡LA VACA QUE NO LE GUSTABA SUS MANCHAS! ,ÉLODIE RICHARD - IZOU,PANAMERICANA,EXCELENTE,M2B3
DRTSC.2.1553,AMANDA ¡LA VACA QUE NO LE GUSTABA SUS MANCHAS! ,ÉLODIE RICHARD - IZOU,PANAMERICANA,EXCELENTE,M2B3
DRTSC.2.1554,EL PUENTE ESTÁ QUEBRADO ,CELSO ROMÁN,PANAMERICANA,EXCELENTE,M2B3
DRTSC.2.1555,EL PUENTE ESTÁ QUEBRADO ,CELSO ROMÁN,PANAMERICANA,EXCELENTE,M2B3
DRTSC.2.1556,LA ESTRELLA QUE PERDIÓ EL MIEDO A LA NOCHE,PILAR LOZANO ,PANAMERICANA,EXCELENTE,M2B3
DRTSC.2.1557,LA ESTRELLA QUE PERDIÓ EL MIEDO A LA NOCHE,PILAR LOZANO ,PANAMERICANA,EXCELENTE,M2B3
DRTSC.2.1558,¡YO TE CUIDO!,LUISA NOGUERA ARRIETA ,PANAMERICANA,EXCELENTE,M2B3
DRTSC.2.1559,¡YO TE CUIDO!,LUISA NOGUERA ARRIETA ,PANAMERICANA,EXCELENTE,M2B3
DRTSC.2.1560,¿LEES UN LIBRO CONMIGO?,LAWRENCE SCHIMEL,PANAMERICANA,EXCELENTE,M2B3
DRTSC.2.1561,¿LEES UN LIBRO CONMIGO?,LAWRENCE SCHIMEL,PANAMERICANA,EXCELENTE,M2B3
DRTSC.2.1562,EL DOMADOR MIEDOSO,NURIA HOMS,EDEBÉ,EXCELENTE,M2B3
DRTSC.2.1563,EL DOMADOR MIEDOSO,NURIA HOMS,EDEBÉ,EXCELENTE,M2B3
DRTSC.2.1564,BOLAS DE PELO Y CÍA/ ¡EL PEQUEÑO PASADO ESTA LIBRE!,JULIETTE PARACHINI-DENY,PANAMERICANA,EXCELENTE,M2B3
DRTSC.2.1565,BOLAS DE PELO Y CÍA/ ¡EL PEQUEÑO PASADO ESTA LIBRE!,JULIETTE PARACHINI-DENY,PANAMERICANA,EXCELENTE,M2B3
DRTSC.2.1566,CRUZAR EL RÍO,LILIA GARCÍA BAZTERRA,V & R,EXCELENTE,M2B3
DRTSC.2.1567,CRUZAR EL RÍO,LILIA GARCÍA BAZTERRA,V & R,EXCELENTE,M2B3
DRTSC.2.1568,SUPERAVENTURAS DEL AHORRO,-,SUPER INTENDENCIA DEL SISTEMA FINANCIERO (SSF),EXCELENTE,M2B3
DRTSC.2.1569,SUPERAVENTURAS DEL AHORRO,-,SUPER INTENDENCIA DEL SISTEMA FINANCIERO (SSF),EXCELENTE,M2B3
DRTSC.2.1570,SUPERAVENTURAS DEL AHORRO,-,SUPER INTENDENCIA DEL SISTEMA FINANCIERO (SSF),EXCELENTE,M2B3
DRTSC.2.1571,SUPERAVENTURAS DEL AHORRO,-,SUPER INTENDENCIA DEL SISTEMA FINANCIERO (SSF),EXCELENTE,M2B3
DRTSC.2.1572,SUPERAVENTURAS DEL AHORRO,-,SUPER INTENDENCIA DEL SISTEMA FINANCIERO (SSF),EXCELENTE,M2B3
DRTSC.2.1573,SUPERAVENTURAS DEL AHORRO,-,SUPER INTENDENCIA DEL SISTEMA FINANCIERO (SSF),EXCELENTE,M2B3
DRTSC.2.1574,"JUAN, EL GUARDIÁN DE HISTORIAS",CHRISTIAN JOLIBOIS/ CHRISTIAN HEINRICH,PANAMERICANA,EXCELENTE,M2B3
DRTSC.2.1575,EL GLOBITO AZUL,JAIRO LINARES LANDÍNEZ,PANAMERICANA,EXCELENTE,M2B3
DRTSC.2.1576,EL GLOBITO AZUL,JAIRO LINARES LANDÍNEZ,PANAMERICANA,EXCELENTE,M2B3
DRTSC.2.1577,LA IMPRUDENCIA DE LA ARDILLA,MALU ORANTES,GRELISAL,EXCELENTE,M2B3
DRTSC.2.1578,LA IMPRUDENCIA DE LA ARDILLA,MALU ORANTES,GRELISAL,EXCELENTE,M2B3
DRTSC.2.1579,"5 GATITOS, LOS FELINOS SILVESTRES DE EL SALVADOR",-,CONCULTURA,EXCELENTE,M2B3
DRTSC.2.1580,"5 GATITOS, LOS FELINOS SILVESTRES DE EL SALVADOR",-,CONCULTURA,EXCELENTE,M2B3
DRTSC.2.1581,VALENTINA Y EL JARDÍN MÁGICO,ROCÍO / ANDREA ALONZO ,-,EXCELENTE,M2B3
DRTSC.2.1582,VALENTINA Y EL JARDÍN MÁGICO,ROCÍO / ANDREA ALONZO ,-,EXCELENTE,M2B3
DRTSC.2.1583,BESOS PARA LOS QUE SE HAN IDO,CLAUDIA MARÍA GUTIÉRREZ,PANAMERICANA,EXCELENTE,M2B3
DRTSC.2.1584,BESOS PARA LOS QUE SE HAN IDO,CLAUDIA MARÍA GUTIÉRREZ,PANAMERICANA,EXCELENTE,M2B3
DRTSC.2.1585,"BUENAS NOCHES, DULCES SUEÑO",ANGÉLE DELAUNOIS,PANAMERICANA,EXCELENTE,M2B3
DRTSC.2.1586,"BUENAS NOCHES, DULCES SUEÑO",ANGÉLE DELAUNOIS,PANAMERICANA,EXCELENTE,M2B3
DRTSC.2.1587,MARTÍN GIRASOL,EDWIN ANGEL FLORIAN,TIEMPO DE LEER EDITORIAL,EXCELENTE,M2B3
DRTSC.2.1588,MARTÍN GIRASOL,EDWIN ANGEL FLORIAN,TIEMPO DE LEER EDITORIAL,EXCELENTE,M2B3
DRTSC.2.1589,AMIGOS SIN FRONTERAS,ALEJANDRA LABBÉ,-,EXCELENTE,M2B3
DRTSC.2.1590,AMIGOS SIN FRONTERAS,ALEJANDRA LABBÉ,-,EXCELENTE,M2B3
DRTSC.2.1591,"TAN LEJOS, TAN CERCA DE LOS ANIMALES",ELLEN PESTILI,PANAMERICANA,EXCELENTE,M2B3
DRTSC.2.1592,"TAN LEJOS, TAN CERCA DE LOS ANIMALES",ELLEN PESTILI,PANAMERICANA,EXCELENTE,M2B3
DRTSC.2.1593,VALENTINA Y EL TELÉFONO MOSTAZA,ROCÍO PARRARA PARRA,PANAMERICANA,EXCELENTE,M2B3
DRTSC.2.1594,VALENTINA Y EL TELÉFONO MOSTAZA,ROCÍO PARRARA PARRA,PANAMERICANA,EXCELENTE,M2B3
DRTSC.2.1595,COMBIO DE ABUELO ,MARGARITA REYES,PANAMERICANA,EXCELENTE,M2B3
DRTSC.2.1596,COMBIO DE ABUELO ,MARGARITA REYES,PANAMERICANA,EXCELENTE,M2B3
DRTSC.2.1597,JUAN EL GUARDIAN DE HISTORIAS,CHRISTIAN JOLIBOIS/ CHRISTIAN HEINRICH,PANAMERICANA,EXCELENTE,M2B3
DRTSC.2.1598,EL OBRERO DE LA ALEGRÍA ,JAIRO ANÍBAL ,PANAMERICANA EDITORIAL,EXCELENTE, M2B4
DRTSC.2.1599,EL OBRERO DE LA ALEGRÍA ,JAIRO ANÍBAL ,PANAMERICANA EDITORIAL,EXCELENTE, M2B4
DRTSC.2.1600,UN TROZO DE PAN ,AIDA E. MARCUSE,PANAMERICANA EDITORIAL,EXCELENTE, M2B4
DRTSC.2.1601,UN TROZO DE PAN ,AIDA E. MARCUSE,PANAMERICANA EDITORIAL,EXCELENTE,M2B4
DRTSC.2.1602,VOLCANES Y TEMBLORES ,CINNA LOMNITZ,SANTILLANA ,EXCELENTE,M2B4
DRTSC.2.1603,VOLCANES Y TEMBLORES ,CINNA LOMNITZ,SANTILLANA ,EXCELENTE,M2B4
DRTSC.2.1604,PIRATAS DEL BARCO VOLADOR ¿BIENVENIDA CAPITANA MILA!,STEFANIE DAHLE ,PANAMERICANA EDITORIAL,EXCELENTE,M2B4
DRTSC.2.1605,PIRATAS DEL BARCO VOLADOR ¿BIENVENIDA CAPITANA MILA!,STEFANIE DAHLE ,PANAMERICANA EDITORIAL,EXCELENTE,M2B4
DRTSC.2.1606,EL ÚLTIMO HUEVO DE DRAGÓN Y OTROS CUENTOS PARA CONVIVENCIA ,JOSÉ MIGUEL BARÓN ,TIEMPO  DE LEER EDITORIAL ,EXCELENTE,M2B4
DRTSC.2.1607,EL ÚLTIMO HUEVO DE DRAGÓN Y OTROS CUENTOS PARA CONVIVENCIA ,JOSÉ MIGUEL BARÓN ,TIEMPO  DE LEER EDITORIAL ,EXCELENTE,M2B4
DRTSC.2.1608,365 CUENTOS DE ANIMALES MÁGICOS,PALOMA CORREDOR ,LIBSA,EXCELENTE,M2B4
DRTSC.2.1609,365 CUENTOS DE ANIMALES MÁGICOS,PALOMA CORREDOR ,LIBSA,EXCELENTE,M2B4
DRTSC.2.1610,365 CUENTOS CON VALORES,PALOMA CORREDOR ,LIBSA,EXCELENTE,M2B4
DRTSC.2.1611,366 CUENTOS CON VALORES,PALOMA CORREDOR ,LIBSA,EXCELENTE,M2B4
DRTSC.2.1612,EL MURCIÉLAGO COBARDE Y OTRAS HISTORIAS,-,PANAMERICANA EDITORIAL,EXCELENTE,M2B4
DRTSC.2.1613,EL MURCIÉLAGO COBARDE Y OTRAS HISTORIAS,-,PANAMERICANA EDITORIAL,EXCELENTE,M2B4
DRTSC.2.1614,LA GALLINITA ROJA Y OTRAS HISTORIAS,-,PANAMERICANA EDITORIAL,EXCELENTE,M2B4
DRTSC.2.1615,SOMOS IGUALES ,LAWRENCE SCHIMEL ANN DE BODE ,PANAMERICANA EDITORIAL,EXCELENTE,M2B4
DRTSC.2.1616,SOMOS IGUALES ,LAWRENCE SCHIMEL ANN DE BODE ,PANAMERICANA EDITORIAL,EXCELENTE,M2B4
DRTSC.2.1617,LOS GATOS EN LA LUNA ,JEANETTE CASTELLI,PANAMERICANA EDITORIAL,EXCELENTE,M2B4
DRTSC.2.1618,LOS GATOS EN LA LUNA ,JEANETTE CASTELLI,PANAMERICANA EDITORIAL,EXCELENTE,M2B4
DRTSC.2.1619,LA CIUDAD DEL ZORRO,ANDREA ALEMANNO,TIEMPO  DE LEER EDITORIAL ,EXCELENTE,M2B4
DRTSC.2.1620,LA CIUDAD DEL ZORRO,ANDREA ALEMANNO,TIEMPO  DE LEER EDITORIAL ,EXCELENTE,M2B4
DRTSC.2.1621,UNO Y EL NOMBRE PERDIDO,ROCÍO RIVAS,STORY NARA,EXCELENTE,M2B4
DRTSC.2.1622,UNO Y EL VIAJE SECRETO,ROCÍO RIVAS,STORY NARA,EXCELENTE,M2B4
DRTSC.2.1623,UNO Y EL VIAJE SECRETO,ROCÍO RIVAS,STORY NARA,EXCELENTE,M2B4
DRTSC.2.1624,"INHALA, EXHALA ",PAMELA HILL NETTLETON,PANAMERICANA EDITORIAL,EXCELENTE,M2B4
DRTSC.2.1625,"INHALA, EXHALA ",PAMELA HILL NETTLETON,PANAMERICANA EDITORIAL,EXCELENTE,M2B4
DRTSC.2.1626,AZURY ASMAR,MICHEL OCELOT,PANAMERICANA EDITORIAL,EXCELENTE,M2B4
DRTSC.2.1627,AZURY ASMAR,MICHEL OCELOT,PANAMERICANA EDITORIAL,EXCELENTE,M2B4
DRTSC.2.1628,ZARPASTRÍN,TATIANA RIVEROS,BOLIVAR IMPRESORES ,EXCELENTE,M2B4
DRTSC.2.1629,ZARPASTRÍN,TATIANA RIVEROS,BOLIVAR IMPRESORES ,EXCELENTE,M2B4
DRTSC.2.1630,EL PRINCIPE ENCANTADO ,SARO DE LA IGLESIA,EDITORIAL PLANETA DE AGOSTINI,EXCELENTE,M2B4
DRTSC.2.1631,RAPUNCEL,SARO DE LA IGLESIA,EDITORIAL PLANETA DE AGOSTINI,EXCELENTE,M2B4
DRTSC.2.1632,ANA ¿VERDAD?,FRANCISCO HINOJOSA,ALFAGUARA,EXCELENTE,M2B4
DRTSC.2.1633,UNO Y EL MISTERIOSO DEL FANTASMA ,ROCÍO RIVAS,STORY NARA,EXCELENTE,M2B4
DRTSC.2.1634,UN MUNDO MEJOR PARA TODO LOS NIÑOS,BRUCE MCNALLY,ONU,EXCELENTE,M2B4
DRTSC.2.1635,EL HOMBRE LOBO Y YO,ANDREAS SCHLÜTER,PANAMERICANA EDITORIAL,EXCELENTE,M2B5
DRTSC.2.1636,EL HOMBRE LOBO Y YO,ANDREAS SCHLÜTER,PANAMERICANA EDITORIAL,EXCELENTE,M2B5
DRTSC.2.1637,SOMBRERO DE MAGO,BEATRIZ FLAMENCO,EDITORIAL BARRILETE,EXCELENTE,M2B5
DRTSC.2.1638,SOMBRERO DE MAGO,BEATRIZ FLAMENCO,EDITORIAL BARRILETE,EXCELENTE,M2B5
DRTSC.2.1639,YO Y MI MUNDO,FABIO SILVA VALLEJO,PANAMERICANA EDITORIAL,EXCELENTE,"
M2B5
"
DRTSC.2.1640,YO Y MI MUNDO,FABIO SILVA VALLEJO,PANAMERICANA EDITORIAL,EXCELENTE,"
M2B5
"
DRTSC.2.1641,EL DOCTOR ZITO,RAFAEL LÓPEZ ,-,EXCELENTE,"
M2B5
"
DRTSC.2.1642,EL DOCTOR ZITO,RAFAEL LÓPEZ ,-,EXCELENTE,"
M2B5
"
DRTSC.2.1643,POUPELLE Y LAS CIUDAD DE LAS CHIMENEAS,AKIHIRO NISHINO,EDITORIAL TIEMPO DE LEER,PASTA ROTA,"
M2B5
"
DRTSC.2.1644,POUPELLE Y LAS CIUDAD DE LAS CHIMENEAS,AKIHIRO NISHINO,EDITORIAL TIEMPO DE LEER,EXCELENTE,"
M2B5
"
DRTSC.2.1645,LAS AVENTURAS DE SEBASTIÁN HOLMES,KARINA ECHEVARRÍA,EDICIONES DEL NARANJO,EXCELENTE,"
M2B5
"
DRTSC.2.1646,EL ÚLTIMO PIRATA,JOMA,ALFAGUARA INFANTIL,EXCELENTE,"
M2B5
"
DRTSC.2.1647,SANTIAGO EN EL PANTANO,ROSANA CURIEL DEFOSSÉ,SANTILLANA,EXCELENTE,"
M2B5
"
DRTSC.2.1648,MARÍA CELESTE,CARMEN POSADAS,FONDO DE CULTURA ECÓNOMICA,EXCELENTE,"
M2B5
"
DRTSC.2.1649,"LUCAS AFUERA, LUCAS ADENTRO",CARMEN LEÑERO,FONDO DE CULTURA ECÓNOMICA,EXCELENTE,"
M2B5
"
DRTSC.2.1650,SANTIAGO Y LOS DOBRAKS,ROSANA CURIEL DEFOSSÉ,SANTILLANA,EXCELENTE,"
M2B5
"
DRTSC.2.1651,UN PAJARITO ME CONTÓ,ANA MARIA MACHADO,FONDO DE CULTURA ECÓNOMICA,EXCELENTE,"
M2B5
"
DRTSC.2.1652,BOLITA,M.B. BROZON,ALFAGUARA INFANTIL,EXCELENTE,"
M2B5
"
DRTSC.2.1653,CUATRO DESCUBRIDORES Y UN CONEJO,GABRIEL SÁEZ,FONDO DE CULTURA ECÓNOMICA,EXCELENTE,"
M2B5"
DRTSC.2.1654,UN PERRO PARA CADA DÍA,LYNEA BOWDISH,CHILDREN´S PRESS,EXCELENTE,"
M2B5"
DRTSC.2.1655,LEONCIO RASCUÑOS Y OTRAS CARANTOÑAS,GUILLERMO QUIJANO RUEDA,EDITORIAL TIEMPO DE LEER,EXCELENTE,"
M2B5"
DRTSC.2.1656,LEONCIO RASCUÑOS Y OTRAS CARANTOÑAS,GUILLERMO QUIJANO RUEDA,EDITORIAL TIEMPO DE LEER,EXCELENTE,"
M2B5"
DRTSC.2.1657,GARRY EL MALVADO Y GUERRERO GATO ALIENÍGENA,JOHNNY MARCIANO Y EMILY CHENOWETH,EDITORAS V & R,EXCELENTE,"
M2B5"
DRTSC.2.1658,GARRY EL MALVADO Y GUERRERO GATO ALIENÍGENA,JOHNNY MARCIANO Y EMILY CHENOWETH,EDITORAS V & R,EXCELENTE,"
M2B5"
DRTSC.2.1659,EL CAPITAN  CALZONCILLOS Y LA FURIA DE LA SUPERMUJER MACROELASTICA ,DAV PILKEY,SCHOLASTIC INC.,EXCELENTE,M2B5
DRTSC.2.1660,LAS AVENTURAS DEL CAPITÁN CALZONCILLOS,DAV PILKEY,SCHOLASTIC INC.,EXCELENTE,"
M2B5"
DRTSC.2.1661,EL PRINCIPE PEDRO Y EL OSO DE PELUCHE,DAVID MCKEE,GRUPO EDITORIAL NORMA,EXCELENTE,"
M2B5"
DRTSC.2.1662,HORRIBLE MELENA,GERALD ROSE,GRUPO EDITORIAL NORMA,EXCELENTE,"
M2B5"
DRTSC.2.1663,EL TIGRE Y EL RATÓN,KEIKO KASZA,GRUPO EDITORIAL NORMA,EXCELENTE,"
M2B5"
DRTSC.2.1664,INVITACIÓN A LA FIESTA DEL GRAN GORILA,GLORIA BAENA,GRUPO EDITORIAL NORMA,EXCELENTE,"
M2B5"
DRTSC.2.1665,EL OTRO LADO,ALEJANDRO AURA,FONDO DE CULTURA ECÓNOMICA,EXCELENTE,"
M2B5"
DRTSC.2.1666,FIESTA EN EL ZOOLÓGICO,ANTONIO ORLANDO RODRÍGUEZ,PANAMERICANA EDITORIAL,EXCELENTE,"
M2B5"
DRTSC.2.1667,ROSALÍA (LA PATITA ATOLONDRADA),-,EDARIEL,EXCELENTE,M2B5
DRTSC.2.1668,ISIDORO (EL TORO DISTRAIDO),-,EDARIEL,EXCELENTE,M2B5
DRTSC.2.1669,EL MONO Y EL TITIRITEO,-,EVEREST,EXCELENTE,M2B5
DRTSC.2.1670,LAS CIRUELAS DE ISA BELA,RAQUEL LÓPEZ VARELA,EVEREST,EXCELENTE,M2B5
DRTSC.2.1671,ENRIQUE ES ENRIQUE,RAQUEL LÓPEZ VARELA,EVEREST,EXCELENTE,M2B5
DRTSC.2.1672,UN AUTITO DE CARRERA,-,SIGMAR,EXCELENTE,M2B5
DRTSC.2.1673,UN AUTITO DE CARRERA,-,SIGMAR,EXCELENTE,M2B5
DRTSC.2.1674,EL POSO MÁGICO,-,SIGMAR,EXCELENTE,M2B5
DRTSC.2.1675,LA LOCOMOTORA HARAGANA,-,SIGMAR,EXCELENTE,M2B5
DRTSC.2.1676,LA TRAMPA DE TACHÍN,-,SIGMAR,EXCELENTE,M2B5
DRTSC.2.1677,BLANCANIEVES Y ROJAFLOR,-,SIGMAR,EXCELENTE,M2B5
DRTSC.2.1678,UN PIANO SIN TRABAJO,-,SIGMAR,EXCELENTE,M2B5
DRTSC.2.1679,MY COOKBOOK,ELENA CASTRO,CELEBRATION PRESS,EXCELENTE,M2B5
DRTSC.2.1680,MY COOKBOOK,ELENA CASTRO,CELEBRATION PRESS,EXCELENTE,M2B5
DRTSC.2.1681,HISTORIA DE EL SALVADOR,-,-,EXCELENTE,M2B5
DRTSC.2.1682,SNOW WHITE,- ,MIS PRIMEROS CUETOS CON PAPÁ,EXCELENTE,M2B5
DRTSC.2.1683,ALADDIN AND THE MAGIC LAMP,-,MIS PRIMEROS CUETOS CON PAPÁ,EXCELENTE,M2B5
DRTSC.2.1684,DE RAMA EN RAMA,JOSE IGNACIO MATA,RETOÑOS,EXCELENTE,M2B5
DRTSC.2.1685,ACERTIJOS EN EL AGUA COSQUILLAS EN MIS PIES,JOSE ANTONIO CHAVEZ,MINISTERIO DE MEDIO AMBIENTE Y RECURSOS NATURALES,EXCELENTE,M2B5
DRTSC.2.1686,NUESTROS AMIGOS LOS ARBOLES,CARLOS ZAVALA,MINISTERIO DE MEDIO AMBIENTE Y RECURSOS NATURALES,EXCELENTE,M2B5
DRTSC.2.1687,MI AMIGO INVISIBLE,JOSE IGNACIO MATA,COLECCION AMBIENTAL INFANTIL,EXCELENTE,M2B5
DRTSC.2.1688,QIRA RIMA,SYLVIA PUENTES,CONSEJO NACIONAL PARA LA CULTURAYEL ARTE,EXCELENTE,M2B5
DRTSC.2.1689,¿LE DOY DE MI HELADO?,DIANE CAMP,UN LIBRO DE ELEFANTE,EXCELENTE,M2B5
DRTSC.2.1690,MANTILLA LIBRO DE LECTURA N°1,LUIS FELIPE MANTILLA,PROFESIONALES DE TEXTOS Y PUBLICACIONES PROFITEXTO,EXCELENTE,M2B5
DRTSC.2.1691,TE CUENTO MI CUENTO,-,ALDEAS INFANTILES SOS,EXCELENTE,M2B5
DRTSC.2.1692,UN CAMALEÓN EN LA ESCUELA DE LOS GATOS ,ROBERTO ALIAGA,EDEBÉ,EXCELENTE,M2B5
DRTSC.2.1693,GUILLERMO JORGE MANUEL JOSÉ,MEM FOX,EDICIONES EKARE,EXCELENTE,M2B5
DRTSC.2.1694,LOS NIÑOS,MARÍA RIUS JOSE M.A PARRAMÓN,PARRAMÓN,EXCELENTE,M2B5
DRTSC.2.1695,CUANDO COMO ,ISIDRO SÁNCHEZ/IRENE BORDOY,PARRAMÓN,EXCELENTE,M2B5
DRTSC.2.1696,LA GALLINA DE LOS HUEVOS DE ORO,-,MIS PRIMEROS CUENTOS CON PAPÁ Y MAMÁ,EXCELENTE,M2B5
DRTSC.2.1697,ME LO CONTO UN PAJARITO,-,COLECCIÓN AMBIENTAL INFANTIL RETOÑITOS,EXCELENTE,M2B5
DRTSC.2.1698,COLIN Y LOS MONOS ,MONICA ZAK,PIEDRA SANTA EDITORIAL,EXCELENTE,M2B5
DRTSC.2.1699,CARDUMEN DE LA AMISTAD ,CELSO ROMÁN,PANAMERICANA EDITORIAL,EXCELENTE,M2B5
DRTSC.2.1700,WILLY EL MAGO ,ANTHONY BROWNE ,-,EXCELENTE,M2B5
DRTSC.2.1701,EMERGENCIA EN EL RIO GRANDE,JHOANA BARBOSA ,TIEMPO DE LEER EDITORIAL,EXCELENTE,M2B5
DRTSC.2.1702,UN REGALO DE LA CHINA,SIGMAR,COLECCIÓN HABÍA UNA VEZ,EXCELENTE,M2B5
DRTSC.2.1703,APRENDE INGLES Y COLOREA ,-,MUNDO CULTURAL,EXCELENTE,M2B5
DRTSC.2.1704,APRENDE INGLES Y COLOREA ,-,MUNDO CULTURAL,EXCELENTE,M2B5
DRTSC.2.1705,AMIGOS EN LA ESCUELA ,ROCHELLE BUNNETT,-,EXCELENTE,M2B5
DRTSC.2.1706,EL SOMBRERO,JAN BRETT,NORMA INFANTIL - JUVENIL ,EXCELENTE,M2B5
DRTSC.2.1707,MARIO MAPACHE CONQUISTA EL UNIVERSO ,PEZ,NORMA INFANTIL - JUVENIL ,EXCELENTE,M2B5
DRTSC.2.1708,LOS DINOSAURIOS ,IVAR DA COLL,NORMA INFANTIL - JUVENIL ,EXCELENTE,M2B5
DRTSC.2.1709,TON TON ¿QUIÉN ES?,TIA LI,-,EXCELENTE,M2B5
DRTSC.2.1710,TON TON ¿QUIÉN ES?,TIA LI,-,EXCELENTE,M2B5
DRTSC.2.1711,PIANO SOLO MOVIE CLASSICS FOR PIANO,-,HAL-LEONARD,EXCELENTE,M2B5
DRTSC.2.1712,LA CENICIENTA - EL BAILE DE LAS PRINCESAS,-,GLOBUS,EXCELENTE,M2B5
DRTSC.2.1713,LA AVENTURA DE TONI EL TACUAZIN,EVELYN MARGARITA SURA SHURART,-,EXCELENTE,M2B5
DRTSC.2.1714,PIN PON CANCIONES Y RECITACIONES INFANTILES,-,CLUB DE LIBROS,EXCELENTE,M2B5
DRTSC.2.1715,VEN A MI HUERTO,SARA PALMA DE JULE,DIRECCIÓN DE PUBLICACIONES E IMPRESOS,EXCELENTE,M2B5
DRTSC.2.1716,LA TAREA SEGÚN NATACHA ,LUIS MARÍA PESCETTI,ALFAGUARA,EXCELENTE,M2B5
DRTSC.2.1717,LOS AGUJEROS NEGROS ,YOLANDA REYES,ALFAGUARA,EXCELENTE,M2B5
DRTSC.2.1718,LLEGÓ LA HORA DE ESCOGER,MICHAEL BURGAN,MCGRAWHILL,EXCELENTE,M2B5
DRTSC.2.1719,DICCIONARIO ILUSTRADO,-,MUNDO CULTURAL,EXCELENTE,M2B5
DRTSC.2.1720,DICCIONARIO ILUSTRADO,-,MUNDO CULTURAL,EXCELENTE,M2B5
DRTSC.2.1721,ELENI Y LA MISIÓN ARDILLA,-,UNIVERSIDAD ANDRES BELLO,EXCELENTE,M2B5
DRTSC.2.1722,INGLÉS PARA NIÑOS ,-,-,EXCELENTE,M2B5
DRTSC.2.1723,ALICIA EN EL PAIS DE LAS MARAVILLAS ,-,PLANETA AGOSTINI,EXCELENTE,M2B5
DRTSC.2.1724,CUENTOS AZULES ,-,TORAY,EXCELENTE,M2B5
DRTSC.2.1725,EL REGALO DE VENANCIO,SANDRA LEAL,TIEMPO DE LEER EDITORIAL,EXCELENTE,M2C1
DRTSC.2.1726,EL REGALO DE VENANCIO,SANDRA LEAL,TIEMPO DE LEER EDITORIAL,EXCELENTE,M2C1
DRTSC.2.1727,LA INCREIBLE HISTORIA DE UN AMOR Y UNA NO NARIZ,MARÍA LUISA DE FRANCESCO,TIEMPO DE LEER EDITORIAL,EXCELENTE,M2C1
DRTSC.2.1728,LA INCREIBLE HISTORIA DE UN AMOR Y UNA NO NARIZ,MARÍA LUISA DE FRANCESCO,TIEMPO DE LEER EDITORIAL,EXCELENTE,M2C1
DRTSC.2.1729,WANG AND THE WIZARD,ALEJANDRA DAZA,TIEMPO DE LEER EDITORIAL,EXCELENTE,M2C1
DRTSC.2.1730,WANG AND THE WIZARD,ALEJANDRA DAZA,TIEMPO DE LEER EDITORIAL,EXCELENTE,M2C1
DRTSC.2.1731,VENANCIO´S GIFT,SANDRA LEAL,TIEMPO DE LEER EDITORIAL,EXCELENTE,M2C1
DRTSC.2.1732,VENANCIO´S GIFT,SANDRA LEAL,TIEMPO DE LEER EDITORIAL,EXCELENTE,M2C1
DRTSC.2.1733,WANG Y EL MAGO,-,TIEMPO DE LEER EDITORIAL,EXCELENTE,M2C1
DRTSC.2.1734,WANG Y EL MAGO,-,TIEMPO DE LEER EDITORIAL,EXCELENTE,M2C1
DRTSC.2.1735,WANG Y EL MAGO,-,TIEMPO DE LEER EDITORIAL,EXCELENTE,M2C1
DRTSC.2.1736,SEBASTIAN Y SUS LORITOS,MAURICIO CONTRERAS H.,TIEMPO DE SOÑAR,EXCELENTE,M2C1
DRTSC.2.1737,SEBASTIAN Y SUS LORITOS,MAURICIO CONTRERAS H.,TIEMPO DE SOÑAR,EXCELENTE,M2C1
DRTSC.2.1738,TRAVELER RABBIT,MARÍA EASTMAN,TIEMPO DE LEER EDITORIAL,EXCELENTE,M2C1
DRTSC.2.1739,TRAVELER RABBIT,MARÍA EASTMAN,TIEMPO DE LEER EDITORIAL,EXCELENTE,M2C1
DRTSC.2.1740,LAS AVENTURAS DE PINGUIN AVIADOR,JOSÉ ECHEVERRÍA,CRIATURITAS,EXCELENTE,M2C1
DRTSC.2.1741,LAS AVENTURAS DE PINGUIN AVIADOR,JOSÉ ECHEVERRÍA,CRIATURITAS,EXCELENTE,M2C1
DRTSC.2.1742,KATITO CONOCE A MAMPIROSA,JOSÉ ECHEVERRÍA,CRIATURITAS,EXCELENTE,M2C1
DRTSC.2.1743,KATITO CONOCE A MAMPIROSA,JOSÉ ECHEVERRÍA,CRIATURITAS,EXCELENTE,M2C1
DRTSC.2.1744,AVENTURAS DE PACOTILLA,JOSÉ ECHEVERRÍA,CRIATURITAS,EXCELENTE,M2C1
DRTSC.2.1745,AVENTURAS DE PACOTILLA,JOSÉ ECHEVERRÍA,CRIATURITAS,EXCELENTE,M2C1
DRTSC.2.1746,BIBI LA ABEJITA POETA ,JOSÉ ECHEVERRÍA,CRIATURITAS,EXCELENTE,M2C1
DRTSC.2.1747,BIBI LA ABEJITA POETA ,JOSÉ ECHEVERRÍA,CRIATURITAS,EXCELENTE,M2C1
DRTSC.2.1748,LA BELLA DURMIENTE ,-,ESPAÑOL INGLES,EXCELENTE,M2C1
DRTSC.2.1749,MI PROYECTO PARA SALVAR MI MUNDO,-,SOCIEDAD BIBLICA DE EL SALVADOR,EXCELENTE,M2C1
DRTSC.2.1750,MI PROYECTO PARA SALVAR MI MUNDO,-,SOCIEDAD BIBLICA DE EL SALVADOR,EXCELENTE,M2C1
DRTSC.2.1751,MI PROYECTO PARA SALVAR MI MUNDO,-,SOCIEDAD BIBLICA DE EL SALVADOR,EXCELENTE,M2C1
DRTSC.2.1752,MI PROYECTO PARA SALVAR MI MUNDO,-,SOCIEDAD BIBLICA DE EL SALVADOR,EXCELENTE,M2C1
DRTSC.2.1753,MI PROYECTO PARA SALVAR MI MUNDO,-,SOCIEDAD BIBLICA DE EL SALVADOR,EXCELENTE,M2C1
DRTSC.2.1754,MI PROYECTO PARA SALVAR MI MUNDO,-,SOCIEDAD BIBLICA DE EL SALVADOR,EXCELENTE,M2C1
DRTSC.2.1755,MI PROYECTO PARA SALVAR MI MUNDO,-,SOCIEDAD BIBLICA DE EL SALVADOR,EXCELENTE,M2C1
DRTSC.2.1756,MI PROYECTO PARA SALVAR MI MUNDO,-,SOCIEDAD BIBLICA DE EL SALVADOR,EXCELENTE,M2C1
DRTSC.2.1757,MI PROYECTO PARA SALVAR MI MUNDO,-,SOCIEDAD BIBLICA DE EL SALVADOR,EXCELENTE,M2C1
DRTSC.2.1758,MI PROYECTO PARA SALVAR MI MUNDO,-,SOCIEDAD BIBLICA DE EL SALVADOR,EXCELENTE,M2C1
DRTSC.2.1759,MI PROYECTO PARA SALVAR MI MUNDO,-,SOCIEDAD BIBLICA DE EL SALVADOR,EXCELENTE,M2C1
DRTSC.2.1760,MI PROYECTO PARA SALVAR MI MUNDO,-,SOCIEDAD BIBLICA DE EL SALVADOR,EXCELENTE,M2C1
DRTSC.2.1761,MI PROYECTO PARA SALVAR MI MUNDO,-,SOCIEDAD BIBLICA DE EL SALVADOR,EXCELENTE,M2C1
DRTSC.2.1762,MI PROYECTO PARA SALVAR MI MUNDO,-,SOCIEDAD BIBLICA DE EL SALVADOR,EXCELENTE,M2C1
DRTSC.2.1763,MI PROYECTO PARA SALVAR MI MUNDO,-,SOCIEDAD BIBLICA DE EL SALVADOR,EXCELENTE,M2C1
DRTSC.2.1764,MI PROYECTO PARA SALVAR MI MUNDO,-,SOCIEDAD BIBLICA DE EL SALVADOR,EXCELENTE,M2C1
DRTSC.2.1765,MI PROYECTO PARA SALVAR MI MUNDO,-,SOCIEDAD BIBLICA DE EL SALVADOR,EXCELENTE,M2C1
DRTSC.2.1766,MI PROYECTO PARA SALVAR MI MUNDO,-,SOCIEDAD BIBLICA DE EL SALVADOR,EXCELENTE,M2C1
DRTSC.2.1767,MI PROYECTO PARA SALVAR MI MUNDO,-,SOCIEDAD BIBLICA DE EL SALVADOR,EXCELENTE,M2C1
DRTSC.2.1768,MI PROYECTO PARA SALVAR MI MUNDO,-,SOCIEDAD BIBLICA DE EL SALVADOR,EXCELENTE,M2C1
DRTSC.2.1769,BUENAS NUEVAS PARA AMIGOS Y ENEMIGOS/CUADERNO PARA COLOREAR,-,SOCIEDAD BIBLICA DE EL SALVADOR,EXCELENTE,M2C1
DRTSC.2.1770,BUENAS NUEVAS PARA AMIGOS Y ENEMIGOS/CUADERNO PARA COLOREAR,-,SOCIEDAD BIBLICA DE EL SALVADOR,EXCELENTE,M2C1
DRTSC.2.1771,BUENAS NUEVAS PARA AMIGOS Y ENEMIGOS/CUADERNO PARA COLOREAR,-,SOCIEDAD BIBLICA DE EL SALVADOR,EXCELENTE,M2C1
DRTSC.2.1772,BUENAS NUEVAS PARA AMIGOS Y ENEMIGOS/CUADERNO PARA COLOREAR,-,SOCIEDAD BIBLICA DE EL SALVADOR,EXCELENTE,M2C1
DRTSC.2.1773,BUENAS NUEVAS PARA AMIGOS Y ENEMIGOS/CUADERNO PARA COLOREAR,-,SOCIEDAD BIBLICA DE EL SALVADOR,EXCELENTE,M2C1
DRTSC.2.1774,BUENAS NUEVAS PARA AMIGOS Y ENEMIGOS/CUADERNO PARA COLOREAR,-,SOCIEDAD BIBLICA DE EL SALVADOR,EXCELENTE,M2C1
DRTSC.2.1775,BUENAS NUEVAS PARA AMIGOS Y ENEMIGOS/CUADERNO PARA COLOREAR,-,SOCIEDAD BIBLICA DE EL SALVADOR,EXCELENTE,M2C1
DRTSC.2.1776,BUENAS NUEVAS PARA AMIGOS Y ENEMIGOS/CUADERNO PARA COLOREAR,-,SOCIEDAD BIBLICA DE EL SALVADOR,EXCELENTE,M2C1
DRTSC.2.1777,BUENAS NUEVAS PARA AMIGOS Y ENEMIGOS/CUADERNO PARA COLOREAR,-,SOCIEDAD BIBLICA DE EL SALVADOR,EXCELENTE,M2C1
DRTSC.2.1778,BUENAS NUEVAS PARA AMIGOS Y ENEMIGOS/CUADERNO PARA COLOREAR,-,SOCIEDAD BIBLICA DE EL SALVADOR,EXCELENTE,M2C1
DRTSC.2.1779,BUENAS NUEVAS PARA AMIGOS Y ENEMIGOS/CUADERNO PARA COLOREAR,-,SOCIEDAD BIBLICA DE EL SALVADOR,EXCELENTE,M2C1
DRTSC.2.1780,BUENAS NUEVAS PARA AMIGOS Y ENEMIGOS/CUADERNO PARA COLOREAR,-,SOCIEDAD BIBLICA DE EL SALVADOR,EXCELENTE,M2C1
DRTSC.2.1781,BUENAS NUEVAS PARA AMIGOS Y ENEMIGOS/CUADERNO PARA COLOREAR,-,SOCIEDAD BIBLICA DE EL SALVADOR,EXCELENTE,M2C1
DRTSC.2.1782,BUENAS NUEVAS PARA AMIGOS Y ENEMIGOS/CUADERNO PARA COLOREAR,-,SOCIEDAD BIBLICA DE EL SALVADOR,EXCELENTE,M2C1
DRTSC.2.1783,BUENAS NUEVAS PARA AMIGOS Y ENEMIGOS/CUADERNO PARA COLOREAR,-,SOCIEDAD BIBLICA DE EL SALVADOR,EXCELENTE,M2C1
DRTSC.2.1784,BUENAS NUEVAS PARA AMIGOS Y ENEMIGOS/CUADERNO PARA COLOREAR,-,SOCIEDAD BIBLICA DE EL SALVADOR,EXCELENTE,M2C1
DRTSC.2.1785,BUENAS NUEVAS PARA AMIGOS Y ENEMIGOS/CUADERNO PARA COLOREAR,-,SOCIEDAD BIBLICA DE EL SALVADOR,EXCELENTE,M2C1
DRTSC.2.1786,BUENAS NUEVAS PARA AMIGOS Y ENEMIGOS/CUADERNO PARA COLOREAR,-,SOCIEDAD BIBLICA DE EL SALVADOR,EXCELENTE,M2C1
DRTSC.2.1787,BUENAS NUEVAS PARA AMIGOS Y ENEMIGOS/CUADERNO PARA COLOREAR,-,SOCIEDAD BIBLICA DE EL SALVADOR,EXCELENTE,M2C1
DRTSC.2.1788,BUENAS NUEVAS PARA AMIGOS Y ENEMIGOS/CUADERNO PARA COLOREAR,-,SOCIEDAD BIBLICA DE EL SALVADOR,EXCELENTE,M2C1
DRTSC.2.1789,BUENAS NUEVAS PARA AMIGOS Y ENEMIGOS/CUADERNO PARA COLOREAR,-,SOCIEDAD BIBLICA DE EL SALVADOR,EXCELENTE,M2C1
DRTSC.2.1790,BUENAS NUEVAS PARA AMIGOS Y ENEMIGOS/CUADERNO PARA COLOREAR,-,SOCIEDAD BIBLICA DE EL SALVADOR,EXCELENTE,M2C1
DRTSC.2.1791,BUENAS NUEVAS PARA AMIGOS Y ENEMIGOS/CUADERNO PARA COLOREAR,-,SOCIEDAD BIBLICA DE EL SALVADOR,EXCELENTE,M2C1
DRTSC.2.1792,BUENAS NUEVAS PARA AMIGOS Y ENEMIGOS/CUADERNO PARA COLOREAR,-,SOCIEDAD BIBLICA DE EL SALVADOR,EXCELENTE,M2C1
DRTSC.2.1793,BUENAS NUEVAS PARA AMIGOS Y ENEMIGOS/CUADERNO PARA COLOREAR,-,SOCIEDAD BIBLICA DE EL SALVADOR,EXCELENTE,M2C1
DRTSC.2.1794,BUENAS NUEVAS PARA AMIGOS Y ENEMIGOS/CUADERNO PARA COLOREAR,-,SOCIEDAD BIBLICA DE EL SALVADOR,EXCELENTE,M2C1
DRTSC.2.1795,BUENAS NUEVAS PARA AMIGOS Y ENEMIGOS/CUADERNO PARA COLOREAR,-,SOCIEDAD BIBLICA DE EL SALVADOR,EXCELENTE,M2C1
DRTSC.2.1796,BUENAS NUEVAS PARA AMIGOS Y ENEMIGOS/CUADERNO PARA COLOREAR,-,SOCIEDAD BIBLICA DE EL SALVADOR,EXCELENTE,M2C1
DRTSC.2.1797,BUENAS NUEVAS PARA AMIGOS Y ENEMIGOS/CUADERNO PARA COLOREAR,-,SOCIEDAD BIBLICA DE EL SALVADOR,EXCELENTE,M2C1
DRTSC.2.1798,BUENAS NUEVAS PARA AMIGOS Y ENEMIGOS/CUADERNO PARA COLOREAR,-,SOCIEDAD BIBLICA DE EL SALVADOR,EXCELENTE,M2C1
DRTSC.2.1799,BUENAS NUEVAS PARA AMIGOS Y ENEMIGOS/CUADERNO PARA COLOREAR,-,SOCIEDAD BIBLICA DE EL SALVADOR,EXCELENTE,M2C1
DRTSC.2.1800,BUENAS NUEVAS PARA AMIGOS Y ENEMIGOS/CUADERNO PARA COLOREAR,-,SOCIEDAD BIBLICA DE EL SALVADOR,EXCELENTE,M2C1
DRTSC.2.1801,BUENAS NUEVAS PARA AMIGOS Y ENEMIGOS/CUADERNO PARA COLOREAR,-,SOCIEDAD BIBLICA DE EL SALVADOR,EXCELENTE,M2C1
DRTSC.2.1802,BUENAS NUEVAS PARA AMIGOS Y ENEMIGOS/CUADERNO PARA COLOREAR,-,SOCIEDAD BIBLICA DE EL SALVADOR,EXCELENTE,M2C1
DRTSC.2.1803,BUENAS NUEVAS PARA AMIGOS Y ENEMIGOS/CUADERNO PARA COLOREAR,-,SOCIEDAD BIBLICA DE EL SALVADOR,EXCELENTE,M2C1
DRTSC.2.1804,BUENAS NUEVAS PARA AMIGOS Y ENEMIGOS/CUADERNO PARA COLOREAR,-,SOCIEDAD BIBLICA DE EL SALVADOR,EXCELENTE,M2C1
DRTSC.2.1805,BUENAS NUEVAS PARA AMIGOS Y ENEMIGOS/CUADERNO PARA COLOREAR,-,SOCIEDAD BIBLICA DE EL SALVADOR,EXCELENTE,M2C1
DRTSC.2.1806,BUENAS NUEVAS PARA AMIGOS Y ENEMIGOS/CUADERNO PARA COLOREAR,-,SOCIEDAD BIBLICA DE EL SALVADOR,EXCELENTE,M2C1
DRTSC.2.1807,BUENAS NUEVAS PARA AMIGOS Y ENEMIGOS/CUADERNO PARA COLOREAR,-,SOCIEDAD BIBLICA DE EL SALVADOR,EXCELENTE,M2C1
DRTSC.2.1808,BUENAS NUEVAS PARA AMIGOS Y ENEMIGOS/CUADERNO PARA COLOREAR,-,SOCIEDAD BIBLICA DE EL SALVADOR,EXCELENTE,M2C1
DRTSC.2.1809,BUENAS NUEVAS PARA AMIGOS Y ENEMIGOS/CUADERNO PARA COLOREAR,-,SOCIEDAD BIBLICA DE EL SALVADOR,EXCELENTE,M2C1
DRTSC.2.1810,BUENAS NUEVAS PARA AMIGOS Y ENEMIGOS/CUADERNO PARA COLOREAR,-,SOCIEDAD BIBLICA DE EL SALVADOR,EXCELENTE,M2C1
DRTSC.2.1811,BUENAS NUEVAS PARA AMIGOS Y ENEMIGOS/CUADERNO PARA COLOREAR,-,SOCIEDAD BIBLICA DE EL SALVADOR,EXCELENTE,M2C1
DRTSC.2.1812,BUENAS NUEVAS PARA AMIGOS Y ENEMIGOS/CUADERNO PARA COLOREAR,-,SOCIEDAD BIBLICA DE EL SALVADOR,EXCELENTE,M2C1
DRTSC.2.1813,BUENAS NUEVAS PARA AMIGOS Y ENEMIGOS/CUADERNO PARA COLOREAR,-,SOCIEDAD BIBLICA DE EL SALVADOR,EXCELENTE,M2C1
DRTSC.2.1814,BUENAS NUEVAS PARA AMIGOS Y ENEMIGOS/CUADERNO PARA COLOREAR,-,SOCIEDAD BIBLICA DE EL SALVADOR,EXCELENTE,M2C1
DRTSC.2.1815,BUENAS NUEVAS PARA AMIGOS Y ENEMIGOS/CUADERNO PARA COLOREAR,-,SOCIEDAD BIBLICA DE EL SALVADOR,EXCELENTE,M2C1
DRTSC.2.1816,BUENAS NUEVAS PARA AMIGOS Y ENEMIGOS/CUADERNO PARA COLOREAR,-,SOCIEDAD BIBLICA DE EL SALVADOR,EXCELENTE,M2C1
DRTSC.2.1817,BUENAS NUEVAS PARA AMIGOS Y ENEMIGOS/CUADERNO PARA COLOREAR,-,SOCIEDAD BIBLICA DE EL SALVADOR,EXCELENTE,M2C1
DRTSC.2.1818,BUENAS NUEVAS PARA AMIGOS Y ENEMIGOS/CUADERNO PARA COLOREAR,-,SOCIEDAD BIBLICA DE EL SALVADOR,EXCELENTE,M2C1
DRTSC.2.1819,BUENAS NUEVAS PARA AMIGOS Y ENEMIGOS/CUADERNO PARA COLOREAR,-,SOCIEDAD BIBLICA DE EL SALVADOR,EXCELENTE,M2C1
DRTSC.2.1820,BUENAS NUEVAS PARA AMIGOS Y ENEMIGOS/CUADERNO PARA COLOREAR,-,SOCIEDAD BIBLICA DE EL SALVADOR,EXCELENTE,M2C1
DRTSC.2.1821,BUENAS NUEVAS PARA AMIGOS Y ENEMIGOS/CUADERNO PARA COLOREAR,-,SOCIEDAD BIBLICA DE EL SALVADOR,EXCELENTE,M2C1
DRTSC.2.1822,BUENAS NUEVAS PARA AMIGOS Y ENEMIGOS/CUADERNO PARA COLOREAR,-,SOCIEDAD BIBLICA DE EL SALVADOR,EXCELENTE,M2C1
DRTSC.2.1823,BUENAS NUEVAS PARA AMIGOS Y ENEMIGOS/CUADERNO PARA COLOREAR,-,SOCIEDAD BIBLICA DE EL SALVADOR,EXCELENTE,M2C1
DRTSC.2.1824,BUENAS NUEVAS PARA AMIGOS Y ENEMIGOS/CUADERNO PARA COLOREAR,-,SOCIEDAD BIBLICA DE EL SALVADOR,EXCELENTE,M2C1
DRTSC.2.1825,BUENAS NUEVAS PARA AMIGOS Y ENEMIGOS/CUADERNO PARA COLOREAR,-,SOCIEDAD BIBLICA DE EL SALVADOR,EXCELENTE,M2C1
DRTSC.2.1826,BUENAS NUEVAS PARA AMIGOS Y ENEMIGOS/CUADERNO PARA COLOREAR,-,SOCIEDAD BIBLICA DE EL SALVADOR,EXCELENTE,M2C1
DRTSC.2.1827,BUENAS NUEVAS PARA AMIGOS Y ENEMIGOS/CUADERNO PARA COLOREAR,-,SOCIEDAD BIBLICA DE EL SALVADOR,EXCELENTE,M2C1
DRTSC.2.1828,BUENAS NUEVAS PARA AMIGOS Y ENEMIGOS/CUADERNO PARA COLOREAR,-,SOCIEDAD BIBLICA DE EL SALVADOR,EXCELENTE,M2C1
DRTSC.2.1829,BUENAS NUEVAS PARA AMIGOS Y ENEMIGOS/CUADERNO PARA COLOREAR,-,SOCIEDAD BIBLICA DE EL SALVADOR,EXCELENTE,M2C1
DRTSC.2.1830,LAS GUACAMAYAS ARCO IRIS CON ALAS ,LOLITA ROBLES DE MORA,TIEMPO DE LEER EDITORIAL,EXCELENTE,M2C1
DRTSC.2.1831,LAS GUACAMAYAS ARCO IRIS CON ALAS ,LOLITA ROBLES DE MORA,TIEMPO DE LEER EDITORIAL,EXCELENTE,M2C1
DRTSC.2.1832,EL PÁJARO CARPINTERO Y EL SEÑOR DE LA SELVA,LOLITA ROBLES DE MORA,TIEMPO DE LEER EDITORIAL,EXCELENTE,M2C1
DRTSC.2.1833,EL PÁJARO CARPINTERO Y EL SEÑOR DE LA SELVA,LOLITA ROBLES DE MORA,TIEMPO DE LEER EDITORIAL,EXCELENTE,M2C1
DRTSC.2.1834,GALLITO DE LAS ROCAS MENSAJERO DEL SOL,LOLITA ROBLES DE MORA,TIEMPO DE LEER EDITORIAL,EXCELENTE,M2C1
DRTSC.2.1835,GALLITO DE LAS ROCAS MENSAJERO DEL SOL,LOLITA ROBLES DE MORA,TIEMPO DE LEER EDITORIAL,EXCELENTE,M2C1
DRTSC.2.1836,EL TUCÁN SOLITARIO ,LOLITA ROBLES DE MORA,TIEMPO DE LEER EDITORIAL,EXCELENTE,M2C1
DRTSC.2.1837,EL TUCÁN SOLITARIO ,LOLITA ROBLES DE MORA,TIEMPO DE LEER EDITORIAL,EXCELENTE,M2C1
DRTSC.2.1838,LA CASA DEL MARTÍN PESCADOR ,LOLITA ROBLES DE MORA,TIEMPO DE LEER EDITORIAL,EXCELENTE,M2C1
DRTSC.2.1839,LA CASA DEL MARTÍN PESCADOR ,LOLITA ROBLES DE MORA,TIEMPO DE LEER EDITORIAL,EXCELENTE,M2C1
DRTSC.2.1840,EL JUEGO DE LAS NUTRIAS ,LOLITA ROBLES DE MORA,TIEMPO DE LEER EDITORIAL,EXCELENTE,M2C1
DRTSC.2.1841,EL JUEGO DE LAS NUTRIAS ,LOLITA ROBLES DE MORA,TIEMPO DE LEER EDITORIAL,EXCELENTE,M2C1
DRTSC.2.1842,EL OSO FRONTINO JUEGOS Y TRAVESURAS/ LA COLA DEL OSO HORMIGUERO,LOLITA ROBLES DE MORA,TIEMPO DE LEER EDITORIAL,EXCELENTE,M2C1
DRTSC.2.1843,EL VALOR DE DECIR... ¡NO!,ANA REGINA MIRANDA,-,EXCELENTE,M2C1
DRTSC.2.1844,EL VALOR DE DECIR... ¡NO!,ANA REGINA MIRANDA,-,EXCELENTE,M2C1
DRTSC.2.1845,¿DÓNDE VAN LOS QUE SE VAN?,GUADALUPE CASTELLANOS,COLECCIÓN PINCELADA AL VIENTO,EXCELENTE,M2C1
DRTSC.2.1846,¿DÓNDE VAN LOS QUE SE VAN?,GUADALUPE CASTELLANOS,COLECCIÓN PINCELADA AL VIENTO,EXCELENTE,M2C1
DRTSC.2.1847,EL MURO,ELI LANDA,COLECCIÓN PINCELADA AL VIENTO,EXCELENTE,M2C1
DRTSC.2.1848,EL MURO,ELI LANDA,COLECCIÓN PINCELADA AL VIENTO,EXCELENTE,M2C1
DRTSC.2.1849,LA VIEJA VIRGINIA ,JORGELINA CERRITOS,COLECCIÓN ALEGRE VERANO,EXCELENTE,M2C1
DRTSC.2.1850,LA VIEJA VIRGINIA ,JORGELINA CERRITOS,COLECCIÓN ALEGRE VERANO,EXCELENTE,M2C1
DRTSC.2.1851,KIKÍ Y EL LÁPIZ MÁGICO,ANA REGINA MIRANDA,GRELISAL,EXCELENTE,M2C1
DRTSC.2.1852,KIKÍ Y EL LÁPIZ MÁGICO,ANA REGINA MIRANDA,GRELISAL,EXCELENTE,M2C1
DRTSC.2.1853,MY BEAUTIFUL FAMILY,ANA REGINA MIRANDA,CASA AZUL,EXCELENTE,M2C1
DRTSC.2.1854,MY BEAUTIFUL FAMILY,ANA REGINA MIRANDA,CASA AZUL,EXCELENTE,M2C1
DRTSC.2.1855,MI BELLA FAMILIA,ANA REGINA MIRANDA,CASA AZUL,EXCELENTE,M2C1
DRTSC.2.1856,MI BELLA FAMILIA,ANA REGINA MIRANDA,CASA AZUL,EXCELENTE,M2C1
DRTSC.2.1857,ALREDEDOR DE LA GRANJA,-,HEMMA EDICIONES ,EXCELENTE,M2C1
DRTSC.2.1858,ALREDEDOR DE LA GRANJA,-,HEMMA EDICIONES ,EXCELENTE,M2C1
DRTSC.2.1859,EL JAGUAR SOLITARIO/EL VENADO ENCANTADO,LOLITA ROBLES DE MORA,TIEMPO DE LEER EDITORIAL,EXCELENTE,M2C1
DRTSC.2.1860,EL JAGUAR SOLITARIO/EL VENADO ENCANTADO,LOLITA ROBLES DE MORA,TIEMPO DE LEER EDITORIAL,EXCELENTE,M2C1
DRTSC.2.1861,ARS,CLAUDIA LARS,EDICION DE BICENTENARIO DEL PRIMER GRITO DE INDEPENDECIA,EXCELENTE,M2C2
DRTSC.2.1862,ARS,CLAUDIA LARS,EDICION DE BICENTENARIO DEL PRIMER GRITO DE INDEPENDECIA,EXCELENTE,M2C2
DRTSC.2.1863,ARS,CLAUDIA LARS,EDICION DE BICENTENARIO DEL PRIMER GRITO DE INDEPENDECIA,EXCELENTE,M2C2
DRTSC.2.1864,ARS NUEVA ERA NÚMERO 1 AÑO 2010,HÉCTOR SAMOUR,DIRECCIÓN DE PUBLICACIONES E IMPRESOS (DPI),EXCELENTE,M2C2
DRTSC.2.1865,ARS NUEVA ERA NÚMERO 1 AÑO 2010,HÉCTOR SAMOUR,DIRECCIÓN DE PUBLICACIONES E IMPRESOS (DPI),EXCELENTE,M2C2
DRTSC.2.1866,ARS NUEVA ERA NÚMERO 1 AÑO 2010,HÉCTOR SAMOUR,DIRECCIÓN DE PUBLICACIONES E IMPRESOS (DPI),EXCELENTE,M2C2
DRTSC.2.1867,NÚMERO DE LA BIBLIA,SOCIEDADES BIBLICAS UNIDAS,PANAMERICANA,EXCELENTE,M2C2
DRTSC.2.1868,NÚMERO DE LA BIBLIA,SOCIEDADES BIBLICAS UNIDAS,PANAMERICANA,EXCELENTE,M2C2
DRTSC.2.1869,NÚMERO DE LA BIBLIA,SOCIEDADES BIBLICAS UNIDAS,PANAMERICANA,EXCELENTE,M2C2
DRTSC.2.1870,NÚMERO DE LA BIBLIA,SOCIEDADES BIBLICAS UNIDAS,PANAMERICANA,EXCELENTE,M2C2
DRTSC.2.1871,NÚMERO DE LA BIBLIA,SOCIEDADES BIBLICAS UNIDAS,PANAMERICANA,EXCELENTE,M2C2
DRTSC.2.1872,NÚMERO DE LA BIBLIA,SOCIEDADES BIBLICAS UNIDAS,PANAMERICANA,EXCELENTE,M2C2
DRTSC.2.1873,NÚMERO DE LA BIBLIA,SOCIEDADES BIBLICAS UNIDAS,PANAMERICANA,EXCELENTE,M2C2
DRTSC.2.1874,NÚMERO DE LA BIBLIA,SOCIEDADES BIBLICAS UNIDAS,PANAMERICANA,EXCELENTE,M2C2
DRTSC.2.1875,NÚMERO DE LA BIBLIA,SOCIEDADES BIBLICAS UNIDAS,PANAMERICANA,EXCELENTE,M2C2
DRTSC.2.1876,NÚMERO DE LA BIBLIA,SOCIEDADES BIBLICAS UNIDAS,PANAMERICANA,EXCELENTE,M2C2
DRTSC.2.1877,CUADERNO BIBLICO,-,POPULAR,EXCELENTE,M2C2
DRTSC.2.1878,CUADERNO BIBLICO,-,POPULAR,EXCELENTE,M2C2
DRTSC.2.1879,CUADERNO BIBLICO,-,POPULAR,EXCELENTE,M2C2
DRTSC.2.1880,CUADERNO BIBLICO,-,POPULAR,EXCELENTE,M2C2
DRTSC.2.1881,CUADERNO BIBLICO,-,POPULAR,EXCELENTE,M2C2
DRTSC.2.1882,CUADERNO BIBLICO,-,POPULAR,EXCELENTE,M2C2
DRTSC.2.1883,CUADERNO BIBLICO,-,POPULAR,EXCELENTE,M2C2
DRTSC.2.1884,CUADERNO BIBLICO,-,POPULAR,EXCELENTE,M2C2
DRTSC.2.1885,CUADERNO BIBLICO,-,POPULAR,EXCELENTE,M2C2
DRTSC.2.1886,CUADERNO BIBLICO,-,POPULAR,EXCELENTE,M2C2
DRTSC.2.1887,CUADERNO BIBLICO,-,POPULAR,EXCELENTE,M2C2
DRTSC.2.1888,CUADERNO BIBLICO,-,POPULAR,EXCELENTE,M2C2
DRTSC.2.1889,CUADERNO BIBLICO,-,POPULAR,EXCELENTE,M2C2
DRTSC.2.1890,CUADERNO BIBLICO,-,POPULAR,EXCELENTE,M2C2
DRTSC.2.1891,CUADERNO BIBLICO,-,POPULAR,EXCELENTE,M2C2
DRTSC.2.1892,CUADERNO BIBLICO,-,POPULAR,EXCELENTE,M2C2
DRTSC.2.1893,CUADERNO BIBLICO,-,POPULAR,EXCELENTE,M2C2
DRTSC.2.1894,CUADERNO BIBLICO,-,POPULAR,EXCELENTE,M2C2
DRTSC.2.1895,CUADERNO BIBLICO,-,POPULAR,EXCELENTE,M2C2
DRTSC.2.1896,CUADERNO BIBLICO,-,POPULAR,EXCELENTE,M2C2
DRTSC.2.1897,CUADERNO BIBLICO,-,POPULAR,EXCELENTE,M2C2
DRTSC.2.1898,CUADERNO BIBLICO,-,POPULAR,EXCELENTE,M2C2
DRTSC.2.1899,CUADERNO BIBLICO,-,POPULAR,EXCELENTE,M2C2
DRTSC.2.1900,CUADERNO BIBLICO,-,POPULAR,EXCELENTE,M2C2
DRTSC.2.1901,CUADERNO BIBLICO,-,POPULAR,EXCELENTE,M2C2
DRTSC.2.1902,CUADERNO BIBLICO,-,POPULAR,EXCELENTE,M2C2
DRTSC.2.1903,CUADERNO BIBLICO,-,POPULAR,EXCELENTE,M2C2
DRTSC.2.1904,CUADERNO BIBLICO,-,POPULAR,EXCELENTE,M2C2
DRTSC.2.1905,CUADERNO BIBLICO,-,POPULAR,EXCELENTE,M2C2
DRTSC.2.1906,CUADERNO BIBLICO,-,POPULAR,EXCELENTE,M2C2
DRTSC.2.1907,CUADERNO BIBLICO,-,POPULAR,EXCELENTE,M2C2
DRTSC.2.1908,CUADERNO BIBLICO,-,POPULAR,EXCELENTE,M2C2
DRTSC.2.1909,CUADERNO BIBLICO,-,POPULAR,EXCELENTE,M2C2
DRTSC.2.1910,CUADERNO BIBLICO,-,POPULAR,EXCELENTE,M2C2
DRTSC.2.1911,CUADERNO BIBLICO,-,POPULAR,EXCELENTE,M2C2
DRTSC.2.1912,CUADERNO BIBLICO,-,POPULAR,EXCELENTE,M2C2
DRTSC.2.1913,CUADERNO BIBLICO,-,POPULAR,EXCELENTE,M2C2
DRTSC.2.1914,CUADERNO BIBLICO,-,POPULAR,EXCELENTE,M2C2
DRTSC.2.1915,CUADERNO BIBLICO,-,POPULAR,EXCELENTE,M2C2
DRTSC.2.1916,CUADERNO BIBLICO,-,POPULAR,EXCELENTE,M2C2
DRTSC.2.1917,CUADERNO BIBLICO,-,POPULAR,EXCELENTE,M2C2
DRTSC.2.1918,CUADERNO BIBLICO,-,POPULAR,EXCELENTE,M2C2
DRTSC.2.1919,CUADERNO BIBLICO,-,POPULAR,EXCELENTE,M2C2
DRTSC.2.1920,CUADERNO BIBLICO,-,POPULAR,EXCELENTE,M2C2
DRTSC.2.1921,CUADERNO BIBLICO,-,POPULAR,EXCELENTE,M2C2
DRTSC.2.1922,CUADERNO BIBLICO,-,POPULAR,EXCELENTE,M2C2
DRTSC.2.1923,CUADERNO BIBLICO,-,POPULAR,EXCELENTE,M2C2
DRTSC.2.1924,CUADERNO BIBLICO,-,POPULAR,EXCELENTE,M2C2
DRTSC.2.1925,CUADERNO BIBLICO,-,POPULAR,EXCELENTE,M2C2
DRTSC.2.1926,CUADERNO BIBLICO,-,POPULAR,EXCELENTE,M2C2
DRTSC.2.1927,CUADERNO BIBLICO,-,POPULAR,EXCELENTE,M2C2
DRTSC.2.1928,CUADERNO BIBLICO,-,POPULAR,EXCELENTE,M2C2
DRTSC.2.1929,CUADERNO BIBLICO,-,POPULAR,EXCELENTE,M2C2
DRTSC.2.1930,CUADERNO BIBLICO,-,POPULAR,EXCELENTE,M2C2
DRTSC.2.1931,CUADERNO BIBLICO,-,POPULAR,EXCELENTE,M2C2
DRTSC.2.1932,CUADERNO BIBLICO,-,POPULAR,EXCELENTE,M2C2
DRTSC.2.1933,CUADERNO BIBLICO,-,POPULAR,EXCELENTE,M2C2
DRTSC.2.1934,CUADERNO BIBLICO,-,POPULAR,EXCELENTE,M2C2
DRTSC.2.1935,CUADERNO BIBLICO,-,POPULAR,EXCELENTE,M2C2
DRTSC.2.1936,CUADERNO BIBLICO,-,POPULAR,EXCELENTE,M2C2
DRTSC.2.1937,ANIMAL DE LA BIBLIA  A B C PARA COLOREAR,-,SOCIEDAD BÍBLICA UNIDAS,EXCELENTE,M2C2
DRTSC.2.1938,ANIMAL DE LA BIBLIA  A B C PARA COLOREAR,-,SOCIEDAD BÍBLICA UNIDAS,EXCELENTE,M2C2
DRTSC.2.1939,ANIMAL DE LA BIBLIA  A B C PARA COLOREAR,-,SOCIEDAD BÍBLICA UNIDAS,EXCELENTE,M2C2
DRTSC.2.1940,ANIMAL DE LA BIBLIA  A B C PARA COLOREAR,-,SOCIEDAD BÍBLICA UNIDAS,EXCELENTE,M2C2
DRTSC.2.1941,ANIMAL DE LA BIBLIA  A B C PARA COLOREAR,-,SOCIEDAD BÍBLICA UNIDAS,EXCELENTE,M2C2
DRTSC.2.1942,ANIMAL DE LA BIBLIA  A B C PARA COLOREAR,-,SOCIEDAD BÍBLICA UNIDAS,EXCELENTE,M2C2
DRTSC.2.1943,ANIMAL DE LA BIBLIA  A B C PARA COLOREAR,-,SOCIEDAD BÍBLICA UNIDAS,EXCELENTE,M2C2
DRTSC.2.1944,ANIMAL DE LA BIBLIA  A B C PARA COLOREAR,-,SOCIEDAD BÍBLICA UNIDAS,EXCELENTE,M2C2
DRTSC.2.1945,ANIMAL DE LA BIBLIA  A B C PARA COLOREAR,-,SOCIEDAD BÍBLICA UNIDAS,EXCELENTE,M2C2
DRTSC.2.1946,ANIMAL DE LA BIBLIA  A B C PARA COLOREAR,-,SOCIEDAD BÍBLICA UNIDAS,EXCELENTE,M2C2
DRTSC.2.1947,ANIMAL DE LA BIBLIA  A B C PARA COLOREAR,-,SOCIEDAD BÍBLICA UNIDAS,EXCELENTE,M2C2
DRTSC.2.1948,ANIMAL DE LA BIBLIA  A B C PARA COLOREAR,-,SOCIEDAD BÍBLICA UNIDAS,EXCELENTE,M2C2
DRTSC.2.1949,ANIMAL DE LA BIBLIA  A B C PARA COLOREAR,-,SOCIEDAD BÍBLICA UNIDAS,EXCELENTE,M2C2
DRTSC.2.1950,ANIMAL DE LA BIBLIA  A B C PARA COLOREAR,-,SOCIEDAD BÍBLICA UNIDAS,EXCELENTE,M2C2
DRTSC.2.1951,ANIMAL DE LA BIBLIA  A B C PARA COLOREAR,-,SOCIEDAD BÍBLICA UNIDAS,EXCELENTE,M2C2
DRTSC.2.1952,ANIMAL DE LA BIBLIA  A B C PARA COLOREAR,-,SOCIEDAD BÍBLICA UNIDAS,EXCELENTE,M2C2
DRTSC.2.1953,ANIMAL DE LA BIBLIA  A B C PARA COLOREAR,-,SOCIEDAD BÍBLICA UNIDAS,EXCELENTE,M2C2
DRTSC.2.1954,ANIMAL DE LA BIBLIA  A B C PARA COLOREAR,-,SOCIEDAD BÍBLICA UNIDAS,EXCELENTE,M2C2
DRTSC.2.1955,ANIMAL DE LA BIBLIA  A B C PARA COLOREAR,-,SOCIEDAD BÍBLICA UNIDAS,EXCELENTE,M2C2
DRTSC.2.1956,ANIMAL DE LA BIBLIA  A B C PARA COLOREAR,-,SOCIEDAD BÍBLICA UNIDAS,EXCELENTE,M2C2
DRTSC.2.1957,ANIMAL DE LA BIBLIA  A B C PARA COLOREAR,-,SOCIEDAD BÍBLICA UNIDAS,EXCELENTE,M2C2
DRTSC.2.1958,ANIMAL DE LA BIBLIA  A B C PARA COLOREAR,-,SOCIEDAD BÍBLICA UNIDAS,EXCELENTE,M2C2
DRTSC.2.1959,ANIMAL DE LA BIBLIA  A B C PARA COLOREAR,-,SOCIEDAD BÍBLICA UNIDAS,EXCELENTE,M2C2
DRTSC.2.1960,ANIMAL DE LA BIBLIA  A B C PARA COLOREAR,-,SOCIEDAD BÍBLICA UNIDAS,EXCELENTE,M2C2
DRTSC.2.1961,ANIMAL DE LA BIBLIA  A B C PARA COLOREAR,-,SOCIEDAD BÍBLICA UNIDAS,EXCELENTE,M2C2
DRTSC.2.1962,ANIMAL DE LA BIBLIA  A B C PARA COLOREAR,-,SOCIEDAD BÍBLICA UNIDAS,EXCELENTE,M2C2
DRTSC.2.1963,ANIMAL DE LA BIBLIA  A B C PARA COLOREAR,-,SOCIEDAD BÍBLICA UNIDAS,EXCELENTE,M2C2
DRTSC.2.1964,ANIMAL DE LA BIBLIA  A B C PARA COLOREAR,-,SOCIEDAD BÍBLICA UNIDAS,EXCELENTE,M2C2
DRTSC.2.1965,ANIMAL DE LA BIBLIA  A B C PARA COLOREAR,-,SOCIEDAD BÍBLICA UNIDAS,EXCELENTE,M2C2
DRTSC.2.1966,ANIMAL DE LA BIBLIA  A B C PARA COLOREAR,-,SOCIEDAD BÍBLICA UNIDAS,EXCELENTE,M2C2
DRTSC.2.1967,ANIMAL DE LA BIBLIA  A B C PARA COLOREAR,-,SOCIEDAD BÍBLICA UNIDAS,EXCELENTE,M2C2
DRTSC.2.1968,ANIMAL DE LA BIBLIA  A B C PARA COLOREAR,-,SOCIEDAD BÍBLICA UNIDAS,EXCELENTE,M2C2
DRTSC.2.1969,ANIMAL DE LA BIBLIA  A B C PARA COLOREAR,-,SOCIEDAD BÍBLICA UNIDAS,EXCELENTE,M2C2
DRTSC.2.1970,ANIMAL DE LA BIBLIA  A B C PARA COLOREAR,-,SOCIEDAD BÍBLICA UNIDAS,EXCELENTE,M2C2
DRTSC.2.1971,ANIMAL DE LA BIBLIA  A B C PARA COLOREAR,-,SOCIEDAD BÍBLICA UNIDAS,EXCELENTE,M2C2
DRTSC.2.1972,ANIMAL DE LA BIBLIA  A B C PARA COLOREAR,-,SOCIEDAD BÍBLICA UNIDAS,EXCELENTE,M2C2
DRTSC.2.1973,ANIMAL DE LA BIBLIA  A B C PARA COLOREAR,-,SOCIEDAD BÍBLICA UNIDAS,EXCELENTE,M2C2
DRTSC.2.1974,ANIMAL DE LA BIBLIA  A B C PARA COLOREAR,-,SOCIEDAD BÍBLICA UNIDAS,EXCELENTE,M2C2
DRTSC.2.1975,ANIMAL DE LA BIBLIA  A B C PARA COLOREAR,-,SOCIEDAD BÍBLICA UNIDAS,EXCELENTE,M2C2
DRTSC.2.1976,ANIMAL DE LA BIBLIA  A B C PARA COLOREAR,-,SOCIEDAD BÍBLICA UNIDAS,EXCELENTE,M2C2
DRTSC.2.1977,ANIMAL DE LA BIBLIA  A B C PARA COLOREAR,-,SOCIEDAD BÍBLICA UNIDAS,EXCELENTE,M2C2
DRTSC.2.1978,ANIMAL DE LA BIBLIA  A B C PARA COLOREAR,-,SOCIEDAD BÍBLICA UNIDAS,EXCELENTE,M2C2
DRTSC.2.1979,ANIMAL DE LA BIBLIA  A B C PARA COLOREAR,-,SOCIEDAD BÍBLICA UNIDAS,EXCELENTE,M2C2
DRTSC.2.1980,ANIMAL DE LA BIBLIA  A B C PARA COLOREAR,-,SOCIEDAD BÍBLICA UNIDAS,EXCELENTE,M2C2
DRTSC.2.1981,ANIMAL DE LA BIBLIA  A B C PARA COLOREAR,-,SOCIEDAD BÍBLICA UNIDAS,EXCELENTE,M2C2
DRTSC.2.1982,ANIMAL DE LA BIBLIA  A B C PARA COLOREAR,-,SOCIEDAD BÍBLICA UNIDAS,EXCELENTE,M2C2
DRTSC.2.1983,PREMIO NACIONAL DE CULTURA 2019,ROBÉN MARTÍNEZ BULNES,-,EXCELENTE,M2C2
DRTSC.2.1984,PREMIO NACIONAL DE CULTURA 2019,ROBÉN MARTÍNEZ BULNES,-,EXCELENTE,M2C2
DRTSC.2.1985,PREMIO NACIONAL DE CULTURA 2019,ROBÉN MARTÍNEZ BULNES,-,EXCELENTE,M2C2
DRTSC.2.1986,PREMIO NACIONAL DE CULTURA 2019,ROBÉN MARTÍNEZ BULNES,-,EXCELENTE,M2C2
DRTSC.2.1987,PREMIO NACIONAL DE CULTURA 2019,ROBÉN MARTÍNEZ BULNES,-,EXCELENTE,M2C2
DRTSC.2.1988,"ACTIVIDADES PARA TODO EL AÑO: ACTIVIDAD, BRICOLAJE, CREACIÓN",CHRISTOPHE SAVOURÉ,EDITIONS FLEURUS ,EXCELENTE,M2C3
DRTSC.2.1989,ARTESANÍA TRADICIONAL SALVADOREÑA: UNA MANIFESTACIÓN CULTURAL QUE PRESERVAR,VILMA MARIBEL HENRÍQUEZ CHACÓN,DIRECCIÓN DE PUBLICACIONES E IMPRESOS (DPI),EXCELENTE,M2C3
DRTSC.2.1990,ARTESANÍA TRADICIONAL SALVADOREÑA: UNA MANIFESTACIÓN CULTURAL QUE PRESERVAR,VILMA MARIBEL HENRÍQUEZ CHACÓN,DIRECCIÓN DE PUBLICACIONES E IMPRESOS (DPI),EXCELENTE,M2C3
DRTSC.2.1991,ARTESANÍA TRADICIONAL SALVADOREÑA: UNA MANIFESTACIÓN CULTURAL QUE PRESERVAR,VILMA MARIBEL HENRÍQUEZ CHACÓN,DIRECCIÓN DE PUBLICACIONES E IMPRESOS (DPI),EXCELENTE,M2C3
DRTSC.2.1992,PROCESOS DEL ARTE EN EL SALVADOR,ASTRID BAHAMOND PANAMÁ,DIRECCIÓN DE PUBLICACIONES E IMPRESOS (DPI),EXCELENTE,M2C3
DRTSC.2.1993,PROCESOS DEL ARTE EN EL SALVADOR,ASTRID BAHAMOND PANAMÁ,DIRECCIÓN DE PUBLICACIONES E IMPRESOS (DPI),EXCELENTE,M2C3
DRTSC.2.1994,PROCESOS DEL ARTE EN EL SALVADOR,ASTRID BAHAMOND PANAMÁ,DIRECCIÓN DE PUBLICACIONES E IMPRESOS (DPI),EXCELENTE,M2C3
DRTSC.2.1995,TRATADO DE PINTURA,LEONARDO DA VINCI,GRADIFCO,EXCELENTE,M2C3
DRTSC.2.1996,RARE CIRIA PAINTINGS,CARLOS DELGADO Y DONALD KUSPIT,GABRIEL VILLALBA,EXCELENTE,M2C3
DRTSC.2.1997,VILANOVA FINE ART: PLÁSTICAS JOVEN,ASTRID BAHAMOND,ASA POSTERS S. A.,EXCELENTE,M2C3
DRTSC.2.1998,"DE LAS BANDAS MILITARES A LA ORQUESTA SINFÓNICA, ANTECEDENTES Y FORMACIÓN DE LA ORQUESTA SINFÓNICA EN EL SALVADOR",SECRETARIA DE CULTURA DE LA PRESIDENCIA,IN HOUSE PRINT S. A. DE C. V.,EXCELENTE,M2C3
DRTSC.2.1999,"DANZAS PARA AQUINO REY PARA FLAUTA, MARIMBA PEQUEÑA, CAJA Y TÍMBALES",EZEQUIEL NUNFIO (HIJO),DIRECCIÓN DE PUBLICACIONES E IMPRESOS (DPI),EXCELENTE,M2C3
DRTSC.2.2000,"DANZAS PARA AQUINO REY PARA FLAUTA, MARIMBA PEQUEÑA, CAJA Y TÍMBALES",EZEQUIEL NUNFIO (HIJO),DIRECCIÓN DE PUBLICACIONES E IMPRESOS (DPI),EXCELENTE,M2C3
DRTSC.2.2001,"DANZAS PARA AQUINO REY PARA FLAUTA, MARIMBA PEQUEÑA, CAJA Y TÍMBALES",EZEQUIEL NUNFIO (HIJO),DIRECCIÓN DE PUBLICACIONES E IMPRESOS (DPI),EXCELENTE,M2C3
DRTSC.2.2002,ANTOLOGÍA DE LA CANCIÓN INFANTIL GUATEMALTECA,DOLORES BATRES DE ZEA,TALLER DE IMPRESIONES OFFSET,EXCELENTE,M2C3
DRTSC.2.2003,TRANSICIÓN:  SUITE SINFÓNICA,GILBERTO ORELLANA (PADRE),DIRECCIÓN DE PUBLICACIONES E IMPRESOS (DPI),EXCELENTE,M2C3
DRTSC.2.2004,TRANSICIÓN:  SUITE SINFÓNICA,GILBERTO ORELLANA (PADRE),DIRECCIÓN DE PUBLICACIONES E IMPRESOS (DPI),EXCELENTE,M2C3
DRTSC.2.2005,TRANSICIÓN:  SUITE SINFÓNICA,GILBERTO ORELLANA (PADRE),DIRECCIÓN DE PUBLICACIONES E IMPRESOS (DPI),EXCELENTE,M2C3
DRTSC.2.2006,SINFÓNICA EN RE MAYOR,ESCOLÁSTICO ANDRINO,DIRECCIÓN DE PUBLICACIONES E IMPRESOS (DPI)  / CONCULTURA,EXCELENTE,M2C3
DRTSC.2.2007,SINFÓNICA EN RE MAYOR,ESCOLÁSTICO ANDRINO,DIRECCIÓN DE PUBLICACIONES E IMPRESOS (DPI)  / CONCULTURA,EXCELENTE,M2C3
DRTSC.2.2008,SINFÓNICA EN RE MAYOR,ESCOLÁSTICO ANDRINO,DIRECCIÓN DE PUBLICACIONES E IMPRESOS (DPI)  / CONCULTURA,EXCELENTE,M2C3
DRTSC.2.2009,MINIATURAS OP. 41 No. 1 PARA PIANO,IÓN CUBICEC,DIRECCIÓN DE PUBLICACIONES E IMPRESOS (DPI),EXCELENTE,M2C3
DRTSC.2.2010,MINIATURAS OP. 41 No. 1 PARA PIANO,IÓN CUBICEC,DIRECCIÓN DE PUBLICACIONES E IMPRESOS (DPI),EXCELENTE,M2C3
DRTSC.2.2011,MINIATURAS OP. 41 No. 1 PARA PIANO,IÓN CUBICEC,DIRECCIÓN DE PUBLICACIONES E IMPRESOS (DPI),EXCELENTE,M2C3
DRTSC.2.2012,SUITE: PARA PIANO SOLO,DOMINGO SANTOS,DIRECCIÓN DE PUBLICACIONES E IMPRESOS (DPI),EXCELENTE,M2C3
DRTSC.2.2013,SUITE: PARA PIANO SOLO,DOMINGO SANTOS,DIRECCIÓN DE PUBLICACIONES E IMPRESOS (DPI),EXCELENTE,M2C3
DRTSC.2.2014,SUITE: PARA PIANO SOLO,DOMINGO SANTOS,DIRECCIÓN DE PUBLICACIONES E IMPRESOS (DPI),EXCELENTE,M2C3
DRTSC.2.2015,NAWILIN PARA ORQUESTA DE CUERDAS,ESTEBAN SERVELLÓN,DIRECCIÓN DE PUBLICACIONES E IMPRESOS (DPI),EXCELENTE,M2C3
DRTSC.2.2016,NAWILIN PARA ORQUESTA DE CUERDAS,ESTEBAN SERVELLÓN,DIRECCIÓN DE PUBLICACIONES E IMPRESOS (DPI),EXCELENTE,M2C3
DRTSC.2.2017,NAWILIN PARA ORQUESTA DE CUERDAS,ESTEBAN SERVELLÓN,DIRECCIÓN DE PUBLICACIONES E IMPRESOS (DPI),EXCELENTE,M2C3
DRTSC.2.2018,RITOS ELEMENTALES (1996): PARA MEZZOSOPRANO Y GUITARRA,ANGEL DUARTE NOVOA,CONSEJO NACIONAL PARA LA CULTURA Y EL ARTE (CONCULTURA),EXCELENTE,M2C3
DRTSC.2.2019,RITOS ELEMENTALES (1996): PARA MEZZOSOPRANO Y GUITARRA,ANGEL DUARTE NOVOA,CONSEJO NACIONAL PARA LA CULTURA Y EL ARTE (CONCULTURA),EXCELENTE,M2C3
DRTSC.2.2020,RITOS ELEMENTALES (1996): PARA MEZZOSOPRANO Y GUITARRA,ANGEL DUARTE NOVOA,CONSEJO NACIONAL PARA LA CULTURA Y EL ARTE (CONCULTURA),EXCELENTE,M2C3
DRTSC.2.2021,CONCIERTO PARA VIOLIN Y ORQUESTA (1989),GERMAN CÁCERES,CONSEJO NACIONAL PARA LA CULTURA Y EL ARTE (CONCULTURA),EXCELENTE,M2C3
DRTSC.2.2022,CONCIERTO PARA VIOLIN Y ORQUESTA (1989),GERMAN CÁCERES,CONSEJO NACIONAL PARA LA CULTURA Y EL ARTE (CONCULTURA),EXCELENTE,M2C3
DRTSC.2.2023,CONCIERTO PARA VIOLIN Y ORQUESTA (1989),GERMAN CÁCERES,CONSEJO NACIONAL PARA LA CULTURA Y EL ARTE (CONCULTURA),EXCELENTE,M2C3
DRTSC.2.2024,DICHOSOFUÍ: BOLERO PARA VIOLIN Y PEQUEÑA ORQUESTA,CIRIACO DE JESÚS ALAS,CONSEJO NACIONAL PARA LA CULTURA Y EL ARTE (CONCULTURA),EXCELENTE,M2C3
DRTSC.2.2025,DICHOSOFUÍ: BOLERO PARA VIOLIN Y PEQUEÑA ORQUESTA,CIRIACO DE JESÚS ALAS,CONSEJO NACIONAL PARA LA CULTURA Y EL ARTE (CONCULTURA),EXCELENTE,M2C3
DRTSC.2.2026,DICHOSOFUÍ: BOLERO PARA VIOLIN Y PEQUEÑA ORQUESTA,CIRIACO DE JESÚS ALAS,CONSEJO NACIONAL PARA LA CULTURA Y EL ARTE (CONCULTURA),EXCELENTE,M2C3
DRTSC.2.2027,CONCIERTO PARA GUITARRA Y ORQUESTA (1998),MANUEL CARCACHE,CONSEJO NACIONAL PARA LA CULTURA Y EL ARTE (CONCULTURA),EXCELENTE,M2C3
DRTSC.2.2028,CONCIERTO PARA GUITARRA Y ORQUESTA (1998),MANUEL CARCACHE,CONSEJO NACIONAL PARA LA CULTURA Y EL ARTE (CONCULTURA),EXCELENTE,M2C3
DRTSC.2.2029,CONCIERTO PARA GUITARRA Y ORQUESTA (1998),MANUEL CARCACHE,CONSEJO NACIONAL PARA LA CULTURA Y EL ARTE (CONCULTURA),EXCELENTE,M2C3
DRTSC.2.2030,INTROSPECCIÓN PARA GUITARRA SOLA,GILBERTO ORELLANA,DIRECCIÓN DE PUBLICACIONES E IMPRESOS (DPI),EXCELENTE,M2C3
DRTSC.2.2031,INTROSPECCIÓN PARA GUITARRA SOLA,GILBERTO ORELLANA,DIRECCIÓN DE PUBLICACIONES E IMPRESOS (DPI),EXCELENTE,M2C3
DRTSC.2.2032,INTROSPECCIÓN PARA GUITARRA SOLA,GILBERTO ORELLANA,DIRECCIÓN DE PUBLICACIONES E IMPRESOS (DPI),EXCELENTE,M2C3
DRTSC.2.2033,9 PIEZAS ÍNTIMAS: PARA GUITARRA SOLA,RAFAEL OLMEDO,CONSEJO NACIONAL PARA LA CULTURA Y EL ARTE (CONCULTURA),EXCELENTE,M2C3
DRTSC.2.2034,9 PIEZAS ÍNTIMAS: PARA GUITARRA SOLA,RAFAEL OLMEDO,CONSEJO NACIONAL PARA LA CULTURA Y EL ARTE (CONCULTURA),EXCELENTE,M2C3
DRTSC.2.2035,9 PIEZAS ÍNTIMAS: PARA GUITARRA SOLA,RAFAEL OLMEDO,CONSEJO NACIONAL PARA LA CULTURA Y EL ARTE (CONCULTURA),EXCELENTE,M2C3
DRTSC.2.2036,JUEGOS DE AGILIDAD MENTAL,S/N,S/A,EXCELENTE,M2C3
DRTSC.2.2037,LOS JUEGOS QUE JUGAMOS 1 Y 2,DIRECCIÓN DE PUBLICACIONES E IMPRESOS ,DIRECCIÓN DE PUBLICACIONES E IMPRESOS  (DPI),EXCELENTE,M2C3
DRTSC.2.2038,LOS JUEGOS QUE JUGAMOS 1 Y 2,DIRECCIÓN DE PUBLICACIONES E IMPRESOS ,DIRECCIÓN DE PUBLICACIONES E IMPRESOS  (DPI),EXCELENTE,M2C3
DRTSC.2.2039,LOS JUEGOS QUE JUGAMOS 1 Y 2,DIRECCIÓN DE PUBLICACIONES E IMPRESOS ,DIRECCIÓN DE PUBLICACIONES E IMPRESOS  (DPI),EXCELENTE,M2C3
DRTSC.2.2040,1000 CAMPEONES OLÍMPICOS: GRANDES DEPORTISTAS DE TODOS LOS TIEMPOS,KARL WALTER REINHARDT,EQUIPO DE EDICIÓN S. L.,EXCELENTE,M2C4
DRTSC.2.2041,1000 CAMPEONES OLÍMPICOS: GRANDES DEPORTISTAS DE TODOS LOS TIEMPOS,KARL WALTER REINHARDT,EQUIPO DE EDICIÓN S. L.,EXCELENTE,M2C4
DRTSC.2.2042,1000 CAMPEONES OLÍMPICOS: GRANDES DEPORTISTAS DE TODOS LOS TIEMPOS,KARL WALTER REINHARDT,EQUIPO DE EDICIÓN S. L.,EXCELENTE,M2C4
DRTSC.2.2043,"QUIERO SABER MÁS: LOS INVENTOS, LA TIERRA Y EL ESPACIO","TEXTO EDITORES, S. L.","TEXTO EDITORES, S. L.",EXCELENTE,M2C4
DRTSC.2.2044,"QUIERO SABER MÁS: LOS INVENTOS, LA TIERRA Y EL ESPACIO","TEXTO EDITORES, S. L.","TEXTO EDITORES, S. L.",EXCELENTE,M2C4
DRTSC.2.2045,21 LECCIONES PARA EL SIGLO XXI,YUVAL NOAH HARARI,PENGUIN RANDOM HOUSE GRUPO EDITORIAL ,EXCELENTE,M2C4
DRTSC.2.2046,ATLAS UNIVERSAL: 68 MAPAS A TODO COLOR,EDITORIAL EDUCATIVA KINGKOLOR S. A.,MACMILLAN / MCGRAW-HILL,EXCELENTE,M2C4
DRTSC.2.2047,ATLAS DEL MUNDO: PARA ESTUDIANTES DE NIVEL INTERMEDIO,MACMILLAN / MCGRAW-HILL,MACMILLAN / MCGRAW-HILL,EXCELENTE,M2C4
DRTSC.2.2048,ATLAS DEL MUNDO: PARA ESTUDIANTES DE NIVEL INTERMEDIO,MACMILLAN / MCGRAW-HILL,MACMILLAN / MCGRAW-HILL,EXCELENTE,M2C4
DRTSC.2.2049,"EL ESPLENDOR Y DESARROLLO DE UN PUEBLO, SAN LUIS TALPA: MONOGRAFÍA",JORGE VARGAS MÉNDEZ,ORMUSA,EXCELENTE,M2C4
DRTSC.2.2050,MANUAL REGIONAL DE CULTURA TURÍSTICA,DIRECCIÓN DE TURÍSMO DE LA SECRETARÍA GENERAL DEL SISTEMA DE LA INTEGRACIÓN CENTROAMERICANA (SICA) / AGENCIA ESPAÑOLA DE COOPERACIÓN INTERNACIONAL (AECI),CASA BARAK,EXCELENTE,M2C4
DRTSC.2.2051,MANUAL REGIONAL DE CULTURA TURÍSTICA,DIRECCIÓN DE TURÍSMO DE LA SECRETARÍA GENERAL DEL SISTEMA DE LA INTEGRACIÓN CENTROAMERICANA (SICA) / AGENCIA ESPAÑOLA DE COOPERACIÓN INTERNACIONAL (AECI),CASA BARAK,EXCELENTE,M2C4
DRTSC.2.2052,DIARIO DE ANA FRANK,ANA FRANK,EDITORIAL CLÁSICOS ROXSIL,BUEN ESTADO,M2C4
DRTSC.2.2053,DIARIO DE ANA FRANK,ANA FRANK,EDITORIAL CLÁSICOS ROXSIL,BUEN ESTADO,M2C4
DRTSC.2.2054,BIOGRAFÍA DEL DISPARATE. PERSONAJES TÍPICOS DE BOGOTÁ,PEDRO CLAVER TÉLLEZ,EDITORIAL TIEMPO DE LEER,BUEN ESTADO,M2C4
DRTSC.2.2055,BIOGRAFÍA DEL DISPARATE. PERSONAJES TÍPICOS DE BOGOTÁ,PEDRO CLAVER TÉLLEZ,EDITORIAL TIEMPO DE LEER,BUEN ESTADO,M2C4
DRTSC.2.2056,DR. SEUSS,GLORIA DE MIKLOWITZ,DOMINIE PRESS,BUEN ESTADO,M2C4
DRTSC.2.2057,EL CIERVO PERSEGUIDO. VIDA Y OBRA DE ROQUE DALTON,LUIS ALVARENGA,DIRECCIÓN DE PUBLICACIONES E IMPRESOS  (DPI),BUEN ESTADO,M2C4
DRTSC.2.2058,EL CIERVO PERSEGUIDO. VIDA Y OBRA DE ROQUE DALTON,LUIS ALVARENGA,DIRECCIÓN DE PUBLICACIONES E IMPRESOS  (DPI),BUEN ESTADO,M2C4
DRTSC.2.2059,EL CIERVO PERSEGUIDO. VIDA Y OBRA DE ROQUE DALTON,LUIS ALVARENGA,DIRECCIÓN DE PUBLICACIONES E IMPRESOS  (DPI),,M2C4
DRTSC.2.2060,EL MUNDO COMO YO LO VEO,ALBERT EINSTEIN,PLUTÓN EDICIONES,EXCELENTE,M2C4
DRTSC.2.2061,EL MUNDO COMO YO LO VEO,ALBERT EINSTEIN,PLUTÓN EDICIONES,EXCELENTE,M2C4
DRTSC.2.2062,GRANDES PERSONAJES DE LA HISTORIA. BIOGRAFÍAS EN ORDEN CRONOLÓGICO DE PERSONAJES ILUSTRES,-,-,EXCELENTE,M2C4
DRTSC.2.2063,GRANDES PERSONAJES DE LA HISTORIA. BIOGRAFÍAS EN ORDEN CRONOLÓGICO DE PERSONAJES ILUSTRES,-,-,EXCELENTE,M2C4
DRTSC.2.2064,GRANDES PERSONAJES DE LA HISTORIA. BIOGRAFÍAS EN ORDEN CRONOLÓGICO DE PERSONAJES ILUSTRES,-,-,EXCELENTE,M2C4
DRTSC.2.2065,GUILLERMO MANUEL UNGO. UNA VIDA POR LA DEMOCRACIA Y LA PAZ,ROBERTO TURCIOS,FUNDAUNGO,EXCELENTE,M2C4
DRTSC.2.2066,LA SUMA DE LOS DÍAS,ISABEL ALLENDE,EDITORIAL ARETÉ,EXCELENTE,M2C4
DRTSC.2.2067,LA VIDA Y OBRA DE DON BOSCO,ROSA NAVARRO DURÁN,EDEBÉ,EXCELENTE,M2C4
DRTSC.2.2068,LA VIDA Y OBRA DE DON BOSCO,ROSA NAVARRO DURÁN,EDEBÉ,EXCELENTE,M2C4
DRTSC.2.2069,LA VIDA Y OBRA DE MONSEÑOR ROMERO,ROSA NAVARRO DURÁN,EDEBÉ,EXCELENTE,M2C4
DRTSC.2.2070,LA VIDA Y OBRA DE MONSEÑOR ROMERO,ROSA NAVARRO DURÁN,EDEBÉ,EXCELENTE,M2C4
DRTSC.2.2071,MONGORÉ: EL CACIQUE DE LA GUITARRA EN EL SALVADOR,GUILLERMO CUÉLLAR BARANDIARÁN,DIRECCIÓN NACIONAL DE INVESTIGACIONES EN CULTURA Y ARTES DE LA SECRETARIA DE CULTURA DE LA PRESIDENCIA,EXCELENTE,M2C5
DRTSC.2.2072,MONGORÉ: EL CACIQUE DE LA GUITARRA EN EL SALVADOR,GUILLERMO CUÉLLAR BARANDIARÁN,DIRECCIÓN NACIONAL DE INVESTIGACIONES EN CULTURA Y ARTES DE LA SECRETARIA DE CULTURA DE LA PRESIDENCIA,EXCELENTE,M2C5
DRTSC.2.2073,MONGORÉ: EL CACIQUE DE LA GUITARRA EN EL SALVADOR,GUILLERMO CUÉLLAR BARANDIARÁN,DIRECCIÓN NACIONAL DE INVESTIGACIONES EN CULTURA Y ARTES DE LA SECRETARIA DE CULTURA DE LA PRESIDENCIA,EXCELENTE,M2C5
DRTSC.2.2074,MUJERES EN LA HISTORIA. HOMENAJE A LAS GRANDES PROTAGONISTAS DE LA  HISTORIA,-,-,,M2C5
DRTSC.2.2075,UN DÍA DE GLORIA: HISTORIA DEL REY ARTHUR MCENROE DE NY,LUIS LÓPEZ SORIANO,TALLERES GRÁFICOS UCA,EXCELENTE,M2C5
DRTSC.2.2076,VIDA DE JOSÉ MATÍAS DELGADO,FRANCISCO MARTÍNEZ SUÁREZ,CORTE SUPREMA DE JUSTICIA,EXCELENTE,M2C5
DRTSC.2.2077,EN EL FONDO DEL AMANECER (EL MAPA DE NUESTROS MUERTOS),CHITO CUÉLLAR,LUNAS´S PRESS BOOKS,EXCELENTE,M2C5
DRTSC.2.2078,DOÑA TERÉSFORA. TESTIMONIO BIOGRÁFICO,MAURICIO YANES,DIRECCIÓN DE PUBLICACIONES E IMPRESOS (DPI),EXCELENTE,M2C5
DRTSC.2.2079,DOÑA TERÉSFORA. TESTIMONIO BIOGRÁFICO,MAURICIO YANES,DIRECCIÓN DE PUBLICACIONES E IMPRESOS (DPI),EXCELENTE,M2C5
DRTSC.2.2080,DOÑA TERÉSFORA. TESTIMONIO BIOGRÁFICO,MAURICIO YANES,DIRECCIÓN DE PUBLICACIONES E IMPRESOS (DPI),EXCELENTE,M2C5
DRTSC.2.2081,MI RAZÓN PARA VIVIR,GUADALUPE MEJÍA,DIRECCIÓN DE PUBLICACIONES E IMPRESOS (DPI),EXCELENTE,M2C5
DRTSC.2.2082,MI RAZÓN PARA VIVIR,GUADALUPE MEJÍA,DIRECCIÓN DE PUBLICACIONES E IMPRESOS (DPI),EXCELENTE,M2C5
DRTSC.2.2083,MI RAZÓN PARA VIVIR,GUADALUPE MEJÍA,DIRECCIÓN DE PUBLICACIONES E IMPRESOS (DPI),EXCELENTE,M2C5
DRTSC.2.2084,YO SERÉ LA ÚLTIMA. HISTORIA DE MI CAUTIVERIO Y MI LUCHA CONTRA EL ESTADO ISLÁMICO,NADIA MURAD,PENGUIN RANDOM HOUSE GRUPO EDITORIAL ,EXCELENTE,M2C5
DRTSC.2.2085,"MONSEÑOR Y DOCTOR JUAN ANTONIO DUEÑAS Y ARGUMEDO: EN EL CENTENARIO DE SU CONSAGRACIÓN COMO PRIMER OBISPO DE LA DIÓCESIS DE SAN MIGUEL, 1914 - 2014",SAÚL ANTONIO DE PAZ CHÁVEZ,IN HOUSE PRINT,EXCELENTE,M2C5
DRTSC.2.2086,"MONSEÑOR Y DOCTOR JUAN ANTONIO DUEÑAS Y ARGUMEDO: EN EL CENTENARIO DE SU CONSAGRACIÓN COMO PRIMER OBISPO DE LA DIÓCESIS DE SAN MIGUEL, 1914 - 2015",SAÚL ANTONIO DE PAZ CHÁVEZ,IN HOUSE PRINT,EXCELENTE,M2C5
DRTSC.2.2087,"MONSEÑOR Y DOCTOR JUAN ANTONIO DUEÑAS Y ARGUMEDO: EN EL CENTENARIO DE SU CONSAGRACIÓN COMO PRIMER OBISPO DE LA DIÓCESIS DE SAN MIGUEL, 1914 - 2016",SAÚL ANTONIO DE PAZ CHÁVEZ,IN HOUSE PRINT,EXCELENTE,M2C5
DRTSC.2.2088,"JOSÉ MATÍAS DELGADO, PRÓCER CENTROAMERICANO",CARLOS MELÉNDEZ CHAVERRI,DIRECCIÓN DE PUBLICACIONES E IMPRESOS (DPI),EXCELENTE,M2C5
DRTSC.2.2089,"JOSÉ MATÍAS DELGADO, PRÓCER CENTROAMERICANO",CARLOS MELÉNDEZ CHAVERRI,DIRECCIÓN DE PUBLICACIONES E IMPRESOS (DPI),EXCELENTE,M2C5
DRTSC.2.2090,"JOSÉ MATÍAS DELGADO, PRÓCER CENTROAMERICANO",CARLOS MELÉNDEZ CHAVERRI,DIRECCIÓN DE PUBLICACIONES E IMPRESOS (DPI),EXCELENTE,M2C5
DRTSC.2.2091,OBRAS ESCOGIDAS,DAVID J. GUZMÁN,DIRECCIÓN DE PUBLICACIONES E IMPRESOS (DPI),,M2C5
DRTSC.2.2092,OBRAS ESCOGIDAS,DAVID J. GUZMÁN,DIRECCIÓN DE PUBLICACIONES E IMPRESOS (DPI),,M2C5
DRTSC.2.2093,OBRAS ESCOGIDAS,DAVID J. GUZMÁN,DIRECCIÓN DE PUBLICACIONES E IMPRESOS (DPI),,M2C5
DRTSC.2.2094,JUICIO PARALELO,RENÁN ALCIDES ORELLANA,TALLERES GRÁFICOS UCA,EXCELENTE,M2C5
DRTSC.2.2095,MORIR DE VINO EN PRIMAVERA,EUGENIO MARTÍNEZ ORANTES,DIRECCIÓN DE PUBLICACIONES E IMPRESOS,EXCELENTE,M2C5
DRTSC.2.2096,MORIR DE VINO EN PRIMAVERA,EUGENIO MARTÍNEZ ORANTES,DIRECCIÓN DE PUBLICACIONES E IMPRESOS,EXCELENTE,M2C5
DRTSC.2.2097,MORIR DE VINO EN PRIMAVERA,EUGENIO MARTÍNEZ ORANTES,DIRECCIÓN DE PUBLICACIONES E IMPRESOS,EXCELENTE,M2C5
DRTSC.2.2098,SIMBOLOS PATRIOS DE LAS NACIONES DE CENTROAMÉRICA,FRANCISCO ESPINOSA,DIRECCIÓN DE PUBLICACIONES E IMPRESOS (DPI),BUEN ESTADO,M2C5
DRTSC.2.2099,SIMBOLOS PATRIOS DE LAS NACIONES DE CENTROAMÉRICA,FRANCISCO ESPINOSA,DIRECCIÓN DE PUBLICACIONES E IMPRESOS (DPI),BUEN ESTADO,M2C5
DRTSC.2.2100,SIMBOLOS PATRIOS DE LAS NACIONES DE CENTROAMÉRICA,FRANCISCO ESPINOSA,DIRECCIÓN DE PUBLICACIONES E IMPRESOS (DPI),BUEN ESTADO,M2C5
DRTSC.2.2101,AVENTURAS CON LA CIENCIA: ARQUEOLOGÍA,VERÓNICA V. DE MONTARON Y JULIO R. MONTARON,EDITORIAL ALBATROS,TAPA UN POCO DAÑADA,M2C5
DRTSC.2.2102,"CONCHEROS EN PUNTA CHIQUIRÍN, DEPARTAMENTO DE LA UNIÓN",NOVOYUKI ITO,DIRECCIÓN DE PUBLICACIONES E IMPRESOS (DPI),BUEN ESTADO,M2D1
DRTSC.2.2103,"CONCHEROS EN PUNTA CHIQUIRÍN, DEPARTAMENTO DE LA UNIÓN",NOVOYUKI ITO,DIRECCIÓN DE PUBLICACIONES E IMPRESOS (DPI),BUEN ESTADO,M2D1
DRTSC.2.2104,"CONCHEROS EN PUNTA CHIQUIRÍN, DEPARTAMENTO DE LA UNIÓN",NOVOYUKI ITO,DIRECCIÓN DE PUBLICACIONES E IMPRESOS (DPI),BUEN ESTADO,M2D1
DRTSC.2.2105,"ESTUDIO ARQUEOLÓGICO DE NUEVA ESPERANZA, BAJO LEMPA, USULUTÁN",AKIRA ICHIKAWA,DIRECCIÓN DE PUBLICACIONES E IMPRESOS (DPI),BUEN ESTADO,M2D1
DRTSC.2.2106,"ESTUDIO ARQUEOLÓGICO DE NUEVA ESPERANZA, BAJO LEMPA, USULUTÁN",AKIRA ICHIKAWA,DIRECCIÓN DE PUBLICACIONES E IMPRESOS (DPI),BUEN ESTADO,M2D1
DRTSC.2.2107,"ESTUDIO ARQUEOLÓGICO DE NUEVA ESPERANZA, BAJO LEMPA, USULUTÁN",AKIRA ICHIKAWA,DIRECCIÓN DE PUBLICACIONES E IMPRESOS (DPI),BUEN ESTADO,M2D1
DRTSC.2.2108,ESTUDIOS DE ARQUEOLOGÍA: MÉXICO Y CENTROAMÉRICA,JOSÉ HERIBERTO ERQUICIA Y SHIONE SHIBATA,DIRECCIÓN DE PUBLICACIONES E IMPRESOS (DPI),EXCELENTE,M2D1
DRTSC.2.2109,ESTUDIOS DE ARQUEOLOGÍA: MÉXICO Y CENTROAMÉRICA,JOSÉ HERIBERTO ERQUICIA Y SHIONE SHIBATA,DIRECCIÓN DE PUBLICACIONES E IMPRESOS (DPI),EXCELENTE,M2D1
DRTSC.2.2110,ESTUDIOS DE ARQUEOLOGÍA: MÉXICO Y CENTROAMÉRICA,JOSÉ HERIBERTO ERQUICIA Y SHIONE SHIBATA,DIRECCIÓN DE PUBLICACIONES E IMPRESOS (DPI),EXCELENTE,M2D1
DRTSC.2.2111,PASA UN DÍA EN LA ANTIGUA ROMA (ILUSTRADO),LINDA HONAN,EDITORIAL LIMUSA,BUEN ESTADO,M2D1
DRTSC.2.2112,ISLAS DEL GOLFO ARGOSARÓNICO,BETI KAYÁ,EDITORIAL GRECOCARD,BUEN ESTADO,M2D1
DRTSC.2.2113,PASA UN DÍA EN LA ANTIGUA GRECIA (ILUSTRADO),LINDA HONAN,EDITORIAL LIMUSA,BUEN ESTADO,M2D1
DRTSC.2.2114,APRECIACIÓN SOCIOLÓGICA DE LA INDEPENDENCIA SALVADOREÑA,ALEJANDRO DAGOBERTO MARROQUÍN,DIRECCIÓN DE PUBLICACIONES E IMPRESOS (DPI),EXCELENTE,M2D1
DRTSC.2.2115,APRECIACIÓN SOCIOLÓGICA DE LA INDEPENDENCIA SALVADOREÑA,ALEJANDRO DAGOBERTO MARROQUÍN,DIRECCIÓN DE PUBLICACIONES E IMPRESOS (DPI),M6A4,M2D1
DRTSC.2.2116,APRECIACIÓN SOCIOLÓGICA DE LA INDEPENDENCIA SALVADOREÑA,ALEJANDRO DAGOBERTO MARROQUÍN,DIRECCIÓN DE PUBLICACIONES E IMPRESOS (DPI),EXCELENTE,M2D1
DRTSC.2.2117,APRECIACIÓN SOCIOLÓGICA DE LA INDEPENDENCIA SALVADOREÑA,ALEJANDRO DAGOBERTO MARROQUÍN,DIRECCIÓN DE PUBLICACIONES E IMPRESOS (DPI),EXCELENTE,M2D1
DRTSC.2.2118,APRECIACIÓN SOCIOLÓGICA DE LA INDEPENDENCIA SALVADOREÑA,ALEJANDRO DAGOBERTO MARROQUÍN,DIRECCIÓN DE PUBLICACIONES E IMPRESOS (DPI),EXCELENTE,M2D1
DRTSC.2.2119,APRECIACIÓN SOCIOLÓGICA DE LA INDEPENDENCIA SALVADOREÑA,ALEJANDRO DAGOBERTO MARROQUÍN,DIRECCIÓN DE PUBLICACIONES E IMPRESOS (DPI),EXCELENTE,M2D1
DRTSC.2.2120,CULTURA Y ÉTICA DE LA VIOLENCIA. EL SALVADOR 1882 - 1932,PATRICIA ALVARENGA,DIRECCIÓN DE PUBLICACIONES E IMPRESOS (DPI),EXCELENTE,M2D1
DRTSC.2.2121,CULTURA Y ÉTICA DE LA VIOLENCIA. EL SALVADOR 1882 - 1933,PATRICIA ALVARENGA,DIRECCIÓN DE PUBLICACIONES E IMPRESOS (DPI),EXCELENTE,M2D1
DRTSC.2.2122,CULTURA Y ÉTICA DE LA VIOLENCIA. EL SALVADOR 1882 - 1934,PATRICIA ALVARENGA,DIRECCIÓN DE PUBLICACIONES E IMPRESOS (DPI),EXCELENTE,M2D1
DRTSC.2.2123,"DE LA EXPERIENCIA SALVADOREÑA A LA ESPERANZA GUATEMALTECA: ACUERDOS DE PAZ EN EL SALVADOR Y GUATEMALA, CONFERENCIA INTERNACIONAL",FLACSO. PROGRAMA EL SALVADOR,IMPRENTA CRITERIO,EXCELENTE,M2D1
DRTSC.2.2124,DE LA LOCURA A LA ESPERANZA: LA GUERRA DE 12 AÑOS EN EL SALVADOR. INFORME DE LA COMISIÓN DE LA VERDAD PARA EL SALVADOR,COMISIÓN DE LA VERDAD PARA EL SALVADOR,DIRECCIÓN DE PUBLICACIONES E IMPRESOS (DPI),EXCELENTE,M2D1
DRTSC.2.2125,DE LA LOCURA A LA ESPERANZA: LA GUERRA DE 12 AÑOS EN EL SALVADOR. INFORME DE LA COMISIÓN DE LA VERDAD PARA EL SALVADOR,COMISIÓN DE LA VERDAD PARA EL SALVADOR,DIRECCIÓN DE PUBLICACIONES E IMPRESOS (DPI),EXCELENTE,M2D1
DRTSC.2.2126,DE LA LOCURA A LA ESPERANZA: LA GUERRA DE 12 AÑOS EN EL SALVADOR. INFORME DE LA COMISIÓN DE LA VERDAD PARA EL SALVADOR,COMISIÓN DE LA VERDAD PARA EL SALVADOR,DIRECCIÓN DE PUBLICACIONES E IMPRESOS (DPI),EXCELENTE,M2D1
DRTSC.2.2127,DEL EJÉRCITO NACIONAL AL EJERCITO GUERRILLERO,FRANCISCO MENA SANDOVAL,DIRECCIÓN DE PUBLICACIONES E IMPRESOS (DPI),EXCELENTE,M2D1
DRTSC.2.2128,DEL EJÉRCITO NACIONAL AL EJERCITO GUERRILLERO,FRANCISCO MENA SANDOVAL,DIRECCIÓN DE PUBLICACIONES E IMPRESOS (DPI),EXCELENTE,M2D1
DRTSC.2.2129,DEL EJÉRCITO NACIONAL AL EJERCITO GUERRILLERO,FRANCISCO MENA SANDOVAL,DIRECCIÓN DE PUBLICACIONES E IMPRESOS (DPI),EXCELENTE,M2D1
DRTSC.2.2130,"EL SALVADOR: HISTORIA DE SUS PUEBLOS, VILLAS Y CIUDADES",JORGE LARDÉ Y LARÍN,DIRECCIÓN DE PUBLICACIONES E IMPRESOS (DPI),EXCELENTE,M2D1
DRTSC.2.2131,"EL SALVADOR: HISTORIA DE SUS PUEBLOS, VILLAS Y CIUDADES",JORGE LARDÉ Y LARÍN,DIRECCIÓN DE PUBLICACIONES E IMPRESOS (DPI),EXCELENTE,M2D1
DRTSC.2.2132,"EL SALVADOR: HISTORIA DE SUS PUEBLOS, VILLAS Y CIUDADES",JORGE LARDÉ Y LARÍN,DIRECCIÓN DE PUBLICACIONES E IMPRESOS (DPI),EXCELENTE,M2D1
DRTSC.2.2133,EL SALVADOR: HISTORIA MÍNIMA 1811 - 2011,SAJID ALFREDO HERRERA MENA,EDITORIAL UNIVERSITARIA,EXCELENTE,M2D2
DRTSC.2.2134,"EL SALVADOR: INUNDACIONES E INCENDIOS, ERUPCIONES Y TERREMOTOS",JORGE LARDÉ Y LARÍN,DIRECCIÓN DE PUBLICACIONES E IMPRESOS (DPI),EXCELENTE,M2D2
DRTSC.2.2135,"EL SALVADOR: INUNDACIONES E INCENDIOS, ERUPCIONES Y TERREMOTOS",JORGE LARDÉ Y LARÍN,DIRECCIÓN DE PUBLICACIONES E IMPRESOS (DPI),EXCELENTE,M2D2
DRTSC.2.2136,"EL SALVADOR: INUNDACIONES E INCENDIOS, ERUPCIONES Y TERREMOTOS",JORGE LARDÉ Y LARÍN,DIRECCIÓN DE PUBLICACIONES E IMPRESOS (DPI),EXCELENTE,M2D2
DRTSC.2.2137,EL SALVADOR: PEQUEÑO GRAN PAÍS,ANSELMO J. GARCÍA CURADO,LIBRERÍAS Y EDITORIALES LA CEIBA,EXCELENTE,M2D2
DRTSC.2.2138,EL SALVADOR: PEQUEÑO GRAN PAÍS,ANSELMO J. GARCÍA CURADO,LIBRERÍAS Y EDITORIALES LA CEIBA,EXCELENTE,M2D2
DRTSC.2.2139,EL TERREMOTO DE SAN SALVADOR,PORFIRIO BARBA JACOB,DIRECCIÓN DE PUBLICACIONES E IMPRESOS (DPI),EXCELENTE,M2D2
DRTSC.2.2140,EL TERREMOTO DE SAN SALVADOR,PORFIRIO BARBA JACOB,DIRECCIÓN DE PUBLICACIONES E IMPRESOS (DPI),EXCELENTE,M2D2
DRTSC.2.2141,EL TERREMOTO DE SAN SALVADOR,PORFIRIO BARBA JACOB,DIRECCIÓN DE PUBLICACIONES E IMPRESOS (DPI),EXCELENTE,M2D2
DRTSC.2.2142,"HISTORIA DE EL SALVADOR: SÍMBOLOS PATRIOS, CONQUISTA, INDEPENDENCIA, CONSTITUCIÓN, EL ESTADO, SIGLO XX, BIOGRAFÍAS, CULTURA",MUNDO CULTURAL,MUNDO CULTURA,EXCELENTE,M2D2
DRTSC.2.2143,INSURRECCIÓN NO VIOLENTA EN EL SALVADOR,PATRICIA PARKMAN,DIRECCIÓN DE PUBLICACIONES E IMPRESOS (DPI),EXCELENTE,M2D2
DRTSC.2.2144,INSURRECCIÓN NO VIOLENTA EN EL SALVADOR,PATRICIA PARKMAN,DIRECCIÓN DE PUBLICACIONES E IMPRESOS (DPI),EXCELENTE,M2D2
DRTSC.2.2145,INSURRECCIÓN NO VIOLENTA EN EL SALVADOR,PATRICIA PARKMAN,DIRECCIÓN DE PUBLICACIONES E IMPRESOS (DPI),EXCELENTE,M2D2
DRTSC.2.2146,JOYA DE CERÉN. LA DINÁMICA SOCIOCULTURAL DE UNA COMUNIDAD SEMICAMPESINA DE EL SALVADOR,CARLOS BENJAMÍN LARA MARTÍNEZ,DIRECCIÓN DE PUBLICACIONES E IMPRESOS (DPI),EXCELENTE,M2D2
DRTSC.2.2147,JOYA DE CERÉN. LA DINÁMICA SOCIOCULTURAL DE UNA COMUNIDAD SEMICAMPESINA DE EL SALVADOR,CARLOS BENJAMÍN LARA MARTÍNEZ,DIRECCIÓN DE PUBLICACIONES E IMPRESOS (DPI),EXCELENTE,M2D2
DRTSC.2.2148,JOYA DE CERÉN. LA DINÁMICA SOCIOCULTURAL DE UNA COMUNIDAD SEMICAMPESINA DE EL SALVADOR,CARLOS BENJAMÍN LARA MARTÍNEZ,DIRECCIÓN DE PUBLICACIONES E IMPRESOS (DPI),EXCELENTE,M2D2
DRTSC.2.2149,"LA AVIACIÓN NACIONAL, HISTORIA  DE LA FUERZA AÉREA SALVADOREÑA",DOUGLAS ALCIDES CORNEJO ESCOBAR,DIRECCIÓN DE PUBLICACIONES E IMPRESOS (DPI),EXCELENTE,M2D2
DRTSC.2.2150,"LA AVIACIÓN NACIONAL, HISTORIA  DE LA FUERZA AÉREA SALVADOREÑA",DOUGLAS ALCIDES CORNEJO ESCOBAR,DIRECCIÓN DE PUBLICACIONES E IMPRESOS (DPI),EXCELENTE,M2D2
DRTSC.2.2151,"LA AVIACIÓN NACIONAL, HISTORIA  DE LA FUERZA AÉREA SALVADOREÑA",DOUGLAS ALCIDES CORNEJO ESCOBAR,DIRECCIÓN DE PUBLICACIONES E IMPRESOS (DPI),EXCELENTE,M2D2
DRTSC.2.2152,SAN SALVADOR: EL ESPLENDOR DE UNA CIUDAD 1880 - 1930,GUSTAVO HERODIER,TRADE LITHO INC,EXCELENTE,M2D2
DRTSC.2.2153,SAN SALVADOR: EL ESPLENDOR DE UNA CIUDAD 1880 - 1930,GUSTAVO HERODIER,TRADE LITHO INC,EXCELENTE,M2D2
DRTSC.2.2154,"UN PAÍS CON TALENTO: CULTURA GENERAL DE EL SALVADOR, DESCUBRE MÁS DE NUESTRA HISTORIA",MUNDO CULTURAL,MUNDO CULTURAL,EXCELENTE,M2D2
DRTSC.2.2155,LOS TLAXCALTECAS EN CENTRO AMÉRICA,PEDRO ESCALANTE ARCE,DIRECCIÓN DE PUBLICACIONES E IMPRESOS (DPI),EXCELENTE,M2D2
DRTSC.2.2156,LOS TLAXCALTECAS EN CENTRO AMÉRICA,PEDRO ESCALANTE ARCE,DIRECCIÓN DE PUBLICACIONES E IMPRESOS (DPI),EXCELENTE,M2D2
DRTSC.2.2157,LOS TLAXCALTECAS EN CENTRO AMÉRICA,PEDRO ESCALANTE ARCE,DIRECCIÓN DE PUBLICACIONES E IMPRESOS (DPI),EXCELENTE,M2D2
DRTSC.2.2158,"Y PEREZCA PRIMERO LA PATRIA QUE HUMILLARSE SIN BRÍO NI HONOR, LA GUERRA CENTROAMERICANA CONTRA LOS FILIBUSTEROS, 1856 - 1857",CARLOS PÉREZ PÍNEDA,DIRECCIÓN DE PUBLICACIONES E IMPRESOS (DPI),EXCELENTE,M2D3
DRTSC.2.2159,"Y PEREZCA PRIMERO LA PATRIA QUE HUMILLARSE SIN BRÍO NI HONOR, LA GUERRA CENTROAMERICANA CONTRA LOS FILIBUSTEROS, 1856 - 1858",CARLOS PÉREZ PÍNEDA,DIRECCIÓN DE PUBLICACIONES E IMPRESOS (DPI),EXCELENTE,M2D3
DRTSC.2.2160,"Y PEREZCA PRIMERO LA PATRIA QUE HUMILLARSE SIN BRÍO NI HONOR, LA GUERRA CENTROAMERICANA CONTRA LOS FILIBUSTEROS, 1856 - 1859",CARLOS PÉREZ PÍNEDA,DIRECCIÓN DE PUBLICACIONES E IMPRESOS (DPI),EXCELENTE,M2D3
DRTSC.2.2161,LA LLEGADA A ELLIS ISLAND,FRANK BROOKS,SCOTT FORESMAN,EXCELENTE,M2D3
DRTSC.2.2162,LA LLEGADA A ELLIS ISLAND,FRANK BROOKS,SCOTT FORESMAN,EXCELENTE,M2D3
DRTSC.2.2163,"HISTORIA DEL ISTMO CENTROAMERICANO, TOMO I",COORDINACIÓN EDUCATIVA Y CULTURAL CENTROAMERICANA,GRUPO EDITORIAL SIQUISIRÍ,EXCELENTE,M2D3
DRTSC.2.2164,"HISTORIA DEL ISTMO CENTROAMERICANO, TOMO I",COORDINACIÓN EDUCATIVA Y CULTURAL CENTROAMERICANA,GRUPO EDITORIAL SIQUISIRÍ,EXCELENTE,M2D3
DRTSC.2.2165,"HISTORIA DEL ISTMO CENTROAMERICANO, TOMO I",COORDINACIÓN EDUCATIVA Y CULTURAL CENTROAMERICANA,GRUPO EDITORIAL SIQUISIRÍ,EXCELENTE,M2D3
DRTSC.2.2166,"HISTORIA DEL ISTMO CENTROAMERICANO, TOMO I",COORDINACIÓN EDUCATIVA Y CULTURAL CENTROAMERICANA,GRUPO EDITORIAL SIQUISIRÍ,EXCELENTE,M2D3
DRTSC.2.2167,"HISTORIA DEL ISTMO CENTROAMERICANO, TOMO I",COORDINACIÓN EDUCATIVA Y CULTURAL CENTROAMERICANA,GRUPO EDITORIAL SIQUISIRÍ,EXCELENTE,M2D3
DRTSC.2.2168,"HISTORIA DEL ISTMO CENTROAMERICANO, TOMO I",COORDINACIÓN EDUCATIVA Y CULTURAL CENTROAMERICANA,GRUPO EDITORIAL SIQUISIRÍ,EXCELENTE,M2D3
DRTSC.2.2169,"HISTORIA DEL ISTMO CENTROAMERICANO, TOMO I",COORDINACIÓN EDUCATIVA Y CULTURAL CENTROAMERICANA,GRUPO EDITORIAL SIQUISIRÍ,EXCELENTE,M2D3
DRTSC.2.2170,"HISTORIA DEL ISTMO CENTROAMERICANO, TOMO I",COORDINACIÓN EDUCATIVA Y CULTURAL CENTROAMERICANA,GRUPO EDITORIAL SIQUISIRÍ,EXCELENTE,M2D3
DRTSC.2.2171,"HISTORIA DEL ISTMO CENTROAMERICANO, TOMO I",COORDINACIÓN EDUCATIVA Y CULTURAL CENTROAMERICANA,GRUPO EDITORIAL SIQUISIRÍ,EXCELENTE,M2D3
DRTSC.2.2172,"HISTORIA DEL ISTMO CENTROAMERICANO, TOMO I",COORDINACIÓN EDUCATIVA Y CULTURAL CENTROAMERICANA,GRUPO EDITORIAL SIQUISIRÍ,EXCELENTE,M2D3
DRTSC.2.2173,"HISTORIA DEL ISTMO CENTROAMERICANO, TOMO I",COORDINACIÓN EDUCATIVA Y CULTURAL CENTROAMERICANA,GRUPO EDITORIAL SIQUISIRÍ,EXCELENTE,M2D3
DRTSC.2.2174,"HISTORIA DEL ISTMO CENTROAMERICANO, TOMO I",COORDINACIÓN EDUCATIVA Y CULTURAL CENTROAMERICANA,GRUPO EDITORIAL SIQUISIRÍ,EXCELENTE,M2D3
DRTSC.2.2175,"HISTORIA DEL ISTMO CENTROAMERICANO, TOMO I",COORDINACIÓN EDUCATIVA Y CULTURAL CENTROAMERICANA,GRUPO EDITORIAL SIQUISIRÍ,EXCELENTE,M2D3
DRTSC.2.2176,"HISTORIA DEL ISTMO CENTROAMERICANO, TOMO I",COORDINACIÓN EDUCATIVA Y CULTURAL CENTROAMERICANA,GRUPO EDITORIAL SIQUISIRÍ,EXCELENTE,M2D3
DRTSC.2.2177,"HISTORIA DEL ISTMO CENTROAMERICANO, TOMO I",COORDINACIÓN EDUCATIVA Y CULTURAL CENTROAMERICANA,GRUPO EDITORIAL SIQUISIRÍ,EXCELENTE,M2D3
DRTSC.2.2178,"HISTORIA DEL ISTMO CENTROAMERICANO, TOMO I",COORDINACIÓN EDUCATIVA Y CULTURAL CENTROAMERICANA,GRUPO EDITORIAL SIQUISIRÍ,EXCELENTE,M2D3
DRTSC.2.2179,"HISTORIA DEL ISTMO CENTROAMERICANO, TOMO I",COORDINACIÓN EDUCATIVA Y CULTURAL CENTROAMERICANA,GRUPO EDITORIAL SIQUISIRÍ,EXCELENTE,M2D3
DRTSC.2.2180,"HISTORIA DEL ISTMO CENTROAMERICANO, TOMO I",COORDINACIÓN EDUCATIVA Y CULTURAL CENTROAMERICANA,GRUPO EDITORIAL SIQUISIRÍ,EXCELENTE,M2D3
DRTSC.2.2181,"HISTORIA DEL ISTMO CENTROAMERICANO, TOMO I",COORDINACIÓN EDUCATIVA Y CULTURAL CENTROAMERICANA,GRUPO EDITORIAL SIQUISIRÍ,EXCELENTE,M2D3
DRTSC.2.2182,"HISTORIA DEL ISTMO CENTROAMERICANO, TOMO I",COORDINACIÓN EDUCATIVA Y CULTURAL CENTROAMERICANA,GRUPO EDITORIAL SIQUISIRÍ,EXCELENTE,M2D3
DRTSC.2.2183,"HISTORIA DEL ISTMO CENTROAMERICANO, TOMO I",COORDINACIÓN EDUCATIVA Y CULTURAL CENTROAMERICANA,GRUPO EDITORIAL SIQUISIRÍ,EXCELENTE,M2D3
DRTSC.2.2184,"HISTORIA DEL ISTMO CENTROAMERICANO, TOMO I",COORDINACIÓN EDUCATIVA Y CULTURAL CENTROAMERICANA,GRUPO EDITORIAL SIQUISIRÍ,EXCELENTE,M2D3
DRTSC.2.2185,"HISTORIA DEL ISTMO CENTROAMERICANO, TOMO I",COORDINACIÓN EDUCATIVA Y CULTURAL CENTROAMERICANA,GRUPO EDITORIAL SIQUISIRÍ,EXCELENTE,M2D3
DRTSC.2.2186,"HISTORIA DEL ISTMO CENTROAMERICANO, TOMO I",COORDINACIÓN EDUCATIVA Y CULTURAL CENTROAMERICANA,GRUPO EDITORIAL SIQUISIRÍ,EXCELENTE,M2D3
DRTSC.2.2187,"HISTORIA DEL ISTMO CENTROAMERICANO, TOMO I",COORDINACIÓN EDUCATIVA Y CULTURAL CENTROAMERICANA,GRUPO EDITORIAL SIQUISIRÍ,EXCELENTE,M2D3
DRTSC.2.2188,"HISTORIA DEL ISTMO CENTROAMERICANO, TOMO I",COORDINACIÓN EDUCATIVA Y CULTURAL CENTROAMERICANA,GRUPO EDITORIAL SIQUISIRÍ,EXCELENTE,M2D3
DRTSC.2.2189,"HISTORIA DEL ISTMO CENTROAMERICANO, TOMO I",COORDINACIÓN EDUCATIVA Y CULTURAL CENTROAMERICANA,GRUPO EDITORIAL SIQUISIRÍ,EXCELENTE,M2D4
DRTSC.2.2190,"HISTORIA DEL ISTMO CENTROAMERICANO, TOMO I",COORDINACIÓN EDUCATIVA Y CULTURAL CENTROAMERICANA,GRUPO EDITORIAL SIQUISIRÍ,EXCELENTE,M2D4
DRTSC.2.2191,"HISTORIA DEL ISTMO CENTROAMERICANO, TOMO I",COORDINACIÓN EDUCATIVA Y CULTURAL CENTROAMERICANA,GRUPO EDITORIAL SIQUISIRÍ,EXCELENTE,M2D4
DRTSC.2.2192,"HISTORIA DEL ISTMO CENTROAMERICANO, TOMO I",COORDINACIÓN EDUCATIVA Y CULTURAL CENTROAMERICANA,GRUPO EDITORIAL SIQUISIRÍ,EXCELENTE,M2D4
DRTSC.2.2193,"HISTORIA DEL ISTMO CENTROAMERICANO, TOMO II",COORDINACIÓN EDUCATIVA Y CULTURAL CENTROAMERICANA,GRUPO EDITORIAL SIQUISIRÍ,EXCELENTE,M2D4
DRTSC.2.2194,"HISTORIA DEL ISTMO CENTROAMERICANO, TOMO II",COORDINACIÓN EDUCATIVA Y CULTURAL CENTROAMERICANA,GRUPO EDITORIAL SIQUISIRÍ,EXCELENTE,M2D4
DRTSC.2.2195,"HISTORIA DEL ISTMO CENTROAMERICANO, TOMO II",COORDINACIÓN EDUCATIVA Y CULTURAL CENTROAMERICANA,GRUPO EDITORIAL SIQUISIRÍ,EXCELENTE,M2D4
DRTSC.2.2196,"HISTORIA DEL ISTMO CENTROAMERICANO, TOMO II",COORDINACIÓN EDUCATIVA Y CULTURAL CENTROAMERICANA,GRUPO EDITORIAL SIQUISIRÍ,EXCELENTE,M2D4
DRTSC.2.2197,"HISTORIA DEL ISTMO CENTROAMERICANO, TOMO II",COORDINACIÓN EDUCATIVA Y CULTURAL CENTROAMERICANA,GRUPO EDITORIAL SIQUISIRÍ,EXCELENTE,M2D4
DRTSC.2.2198,"HISTORIA DEL ISTMO CENTROAMERICANO, TOMO II",COORDINACIÓN EDUCATIVA Y CULTURAL CENTROAMERICANA,GRUPO EDITORIAL SIQUISIRÍ,EXCELENTE,M2D4
DRTSC.2.2199,"HISTORIA DEL ISTMO CENTROAMERICANO, TOMO II",COORDINACIÓN EDUCATIVA Y CULTURAL CENTROAMERICANA,GRUPO EDITORIAL SIQUISIRÍ,EXCELENTE,M2D4
DRTSC.2.2200,"HISTORIA DEL ISTMO CENTROAMERICANO, TOMO II",COORDINACIÓN EDUCATIVA Y CULTURAL CENTROAMERICANA,GRUPO EDITORIAL SIQUISIRÍ,EXCELENTE,M2D4
DRTSC.2.2201,"HISTORIA DEL ISTMO CENTROAMERICANO, TOMO II",COORDINACIÓN EDUCATIVA Y CULTURAL CENTROAMERICANA,GRUPO EDITORIAL SIQUISIRÍ,EXCELENTE,M2D4
DRTSC.2.2202,"HISTORIA DEL ISTMO CENTROAMERICANO, TOMO II",COORDINACIÓN EDUCATIVA Y CULTURAL CENTROAMERICANA,GRUPO EDITORIAL SIQUISIRÍ,EXCELENTE,M2D4
DRTSC.2.2203,"HISTORIA DEL ISTMO CENTROAMERICANO, TOMO II",COORDINACIÓN EDUCATIVA Y CULTURAL CENTROAMERICANA,GRUPO EDITORIAL SIQUISIRÍ,EXCELENTE,M2D4
DRTSC.2.2204,"HISTORIA DEL ISTMO CENTROAMERICANO, TOMO II",COORDINACIÓN EDUCATIVA Y CULTURAL CENTROAMERICANA,GRUPO EDITORIAL SIQUISIRÍ,EXCELENTE,M2D4
DRTSC.2.2205,"HISTORIA DEL ISTMO CENTROAMERICANO, TOMO II",COORDINACIÓN EDUCATIVA Y CULTURAL CENTROAMERICANA,GRUPO EDITORIAL SIQUISIRÍ,EXCELENTE,M2D4
DRTSC.2.2206,"HISTORIA DEL ISTMO CENTROAMERICANO, TOMO II",COORDINACIÓN EDUCATIVA Y CULTURAL CENTROAMERICANA,GRUPO EDITORIAL SIQUISIRÍ,EXCELENTE,M2D4
DRTSC.2.2207,"HISTORIA DEL ISTMO CENTROAMERICANO, TOMO II",COORDINACIÓN EDUCATIVA Y CULTURAL CENTROAMERICANA,GRUPO EDITORIAL SIQUISIRÍ,EXCELENTE,M2D4
DRTSC.2.2208,"HISTORIA DEL ISTMO CENTROAMERICANO, TOMO II",COORDINACIÓN EDUCATIVA Y CULTURAL CENTROAMERICANA,GRUPO EDITORIAL SIQUISIRÍ,EXCELENTE,M2D4
DRTSC.2.2209,"HISTORIA DEL ISTMO CENTROAMERICANO, TOMO II",COORDINACIÓN EDUCATIVA Y CULTURAL CENTROAMERICANA,GRUPO EDITORIAL SIQUISIRÍ,EXCELENTE,M2D4
DRTSC.2.2210,"HISTORIA DEL ISTMO CENTROAMERICANO, TOMO II",COORDINACIÓN EDUCATIVA Y CULTURAL CENTROAMERICANA,GRUPO EDITORIAL SIQUISIRÍ,EXCELENTE,M2D4
DRTSC.2.2211,"HISTORIA DEL ISTMO CENTROAMERICANO, TOMO II",COORDINACIÓN EDUCATIVA Y CULTURAL CENTROAMERICANA,GRUPO EDITORIAL SIQUISIRÍ,EXCELENTE,M2D4
DRTSC.2.2212,"HISTORIA DEL ISTMO CENTROAMERICANO, TOMO II",COORDINACIÓN EDUCATIVA Y CULTURAL CENTROAMERICANA,GRUPO EDITORIAL SIQUISIRÍ,EXCELENTE,M2D4
DRTSC.2.2213,"HISTORIA DEL ISTMO CENTROAMERICANO, TOMO II",COORDINACIÓN EDUCATIVA Y CULTURAL CENTROAMERICANA,GRUPO EDITORIAL SIQUISIRÍ,EXCELENTE,M2D4
DRTSC.2.2214,"HISTORIA DEL ISTMO CENTROAMERICANO, TOMO II",COORDINACIÓN EDUCATIVA Y CULTURAL CENTROAMERICANA,GRUPO EDITORIAL SIQUISIRÍ,EXCELENTE,M2D4
DRTSC.2.2215,"HISTORIA DEL ISTMO CENTROAMERICANO, TOMO II",COORDINACIÓN EDUCATIVA Y CULTURAL CENTROAMERICANA,GRUPO EDITORIAL SIQUISIRÍ,EXCELENTE,M2D5
DRTSC.2.2216,"HISTORIA DEL ISTMO CENTROAMERICANO, TOMO II",COORDINACIÓN EDUCATIVA Y CULTURAL CENTROAMERICANA,GRUPO EDITORIAL SIQUISIRÍ,EXCELENTE,M2D5
DRTSC.2.2217,"HISTORIA DEL ISTMO CENTROAMERICANO, TOMO II",COORDINACIÓN EDUCATIVA Y CULTURAL CENTROAMERICANA,GRUPO EDITORIAL SIQUISIRÍ,EXCELENTE,M2D5
DRTSC.2.2218,"HISTORIA DEL ISTMO CENTROAMERICANO, TOMO II",COORDINACIÓN EDUCATIVA Y CULTURAL CENTROAMERICANA,GRUPO EDITORIAL SIQUISIRÍ,EXCELENTE,M2D5
DRTSC.2.2219,"HISTORIA DEL ISTMO CENTROAMERICANO, TOMO II",COORDINACIÓN EDUCATIVA Y CULTURAL CENTROAMERICANA,GRUPO EDITORIAL SIQUISIRÍ,EXCELENTE,M2D5
DRTSC.2.2220,"HISTORIA DEL ISTMO CENTROAMERICANO, TOMO II",COORDINACIÓN EDUCATIVA Y CULTURAL CENTROAMERICANA,GRUPO EDITORIAL SIQUISIRÍ,EXCELENTE,M2D5
DRTSC.2.2221,"HISTORIA DEL ISTMO CENTROAMERICANO, TOMO II",COORDINACIÓN EDUCATIVA Y CULTURAL CENTROAMERICANA,GRUPO EDITORIAL SIQUISIRÍ,EXCELENTE,M2D5
DRTSC.2.2222,"HISTORIA DEL ISTMO CENTROAMERICANO, TOMO II",COORDINACIÓN EDUCATIVA Y CULTURAL CENTROAMERICANA,GRUPO EDITORIAL SIQUISIRÍ,EXCELENTE,M2D5
DRTSC.2.2223,"HISTORIA DEL ISTMO CENTROAMERICANO, TOMO II",COORDINACIÓN EDUCATIVA Y CULTURAL CENTROAMERICANA,GRUPO EDITORIAL SIQUISIRÍ,EXCELENTE,M2D5
20.3.13.4.05.001,CHARLIE Y LA FÁBRICA DE CHOCOLATE,ROALD DAHL,EDITORIAL SANTILLANA,EXCELENTE,M3A1
20.3.13.4.05.002,FRANKENSTEIN O EL MODERNO PROMETEO,MARY SHELLEY,"LOQUELEO, SANTILLANA",AFECTADO POR HUMEDAD,M3A1
20.3.13.4.05.003,MATILDA,ROALD DAHL,EDITORIAL SANTILLANA,EXCELENTE,M3A1
20.3.13.4.05.004,EL EXTRAÑO CASO DEL DR. JEKYLL & MR. HYDE,ROBERT LOUIS STEVENSON,"LOQUELEO, SANTILLANA",EXCELENTE,M3A1
20.3.13.4.05.005,LA METAMORFOSIS / FRANZ KAFKA SU VIDA Y OBRA,"FRANZ KAFKA
",EDITORIAL NORMA,EXCELENTE,M3A1
20.3.13.4.05.006,ACHA LA CUCARACHA,ALEJANDRA OSORIO,"LOQUELEO, SANTILLANA",EXCELENTE,M3A1
20.3.13.4.05.007,ACHA LA CUCARACHA,ALEJANDRA OSORIO,"LOQUELEO, SANTILLANA",EXCELENTE,M3A1
20.3.13.4.05.008,ACUALAXIA,GABRIEL WOLTKE,"LOQUELEO, EDITORIAL SANTILLANA",EXCELENTE,M3A1
20.3.13.4.05.009,ACUALAXIA,GABRIEL WOLTKE,"LOQUELEO, EDITORIAL SANTILLANA",EXCELENTE,M3A1
20.3.13.4.05.010,ROALD DAHL / AGU TROT,ROALD DAHL,"LOQUELEO, SANTILLANA",EXCELENTE,M3A1
20.3.13.4.05.011,ROALD DAHL / AGU TROT,ROALD DAHL,"LOQUELEO, SANTILLANA",EXCELENTE,M3A1
20.3.13.4.05.012,ANBU,CÉSAR FRANCISCO YUMÁN,"LOQUELEO, SANTILLANA",EXCELENTE,M3A1
20.3.13.4.05.013,ANBU,CÉSAR FRANCISCO YUMÁN,"LOQUELEO, SANTILLANA",EXCELENTE,M3A1
20.3.13.4.05.014,ANTOLOGÍA DE CUENTOS DE TERROR. NOCHES DE PESADILLA,ANBROSE BIERCE,"LOQUELEO, SANTILLANA",EXCELENTE,M3A1
20.3.13.4.05.015,ANTOLOGÍA DE CUENTOS DE TERROR. NOCHES DE PESADILLA,ANBROSE BIERCE,"LOQUELEO, SANTILLANA",EXCELENTE,M3A1
20.3.13.4.05.016,ANTES DE MÍ,FLOR AGUILERA / LEONOR PÉREZ,"LOQUELEO, SANTILLANA",EXCELENTE,M3A1
20.3.13.4.05.017,ANTES DE MÍ,FLOR AGUILERA / LEONOR PÉREZ,"LOQUELEO, SANTILLANA",EXCELENTE,M3A1
20.3.13.4.05.018,NARRATIVA SALVADOREÑA. ANTOLOGÍA,"DIEGO GARCIA DE PALACIO, ALBERTO MASFERRER, ARTURO AMBROGI, CLAUDIA LARS, SALARRUÉ Y OTROS","LOQUELEO,  EDITORIAL SANTILLANA",EXCELENTE,M3A1
20.3.13.4.05.019,NARRATIVA SALVADOREÑA. ANTOLOGÍA,"DIEGO GARCIA DE PALACIO, ALBERTO MASFERRER, ARTURO AMBROGI, CLAUDIA LARS, SALARRUÉ Y OTROS","LOQUELEO,  EDITORIAL SANTILLANA",EXCELENTE,M3A1
20.3.13.4.05.020,"AZUL, Y BUENAS NOCHES",DAVID MARTÍN DEL CAMPO,"LOQUELEO,  EDITORIAL SANTILLANA",EXCELENTE,M3A1
20.3.13.4.05.021,"AZUL, Y BUENAS NOCHES",DAVID MARTÍN DEL CAMPO,"LOQUELEO,  EDITORIAL SANTILLANA",EXCELENTE,M3A1
20.3.13.4.05.022,BAJO EL CEREZO,FRANCISCO MONTAÑA,EDITORIAL SANTILLANA,EXCELENTE,M3A1
20.3.13.4.05.023,BAJO EL CEREZO,FRANCISCO MONTAÑA,EDITORIAL SANTILLANA,EXCELENTE,M3A1
20.3.13.4.05.024,BOLA DE PELOS,GABRIEL WOLTKE,"LOQUELEO,  EDITORIAL SANTILLANA",EXCELENTE,M3A1
20.3.13.4.05.025,BOLA DE PELOS,GABRIEL WOLTKE,"LOQUELEO,  EDITORIAL SANTILLANA",EXCELENTE,M3A1
20.3.13.4.05.026,BOLITA,M.B. BROZON,"LOQUELEO,  EDITORIAL SANTILLANA",EXCELENTE,M3A1
20.3.13.4.05.027,BOLITA,M.B. BROZON,"LOQUELEO,  EDITORIAL SANTILLANA",EXCELENTE,M3A1
20.3.13.4.05.028,BOSTEZAURIO,ANTONIO GONZÁLEZ,"LOQUELEO,  EDITORIAL SANTILLANA",EXCELENTE,M3A1
20.3.13.4.05.029,BOSTEZAURIO,ANTONIO GONZÁLEZ,"LOQUELEO,  EDITORIAL SANTILLANA",EXCELENTE,M3A1
20.3.13.4.05.030,CINCO ,ROSARIO RÍOS,"LOQUELEO,  EDITORIAL SANTILLANA",EXCELENTE,M3A1
20.3.13.4.05.031,CINCO ,ROSARIO RÍOS,"LOQUELEO,  EDITORIAL SANTILLANA",EXCELENTE,M3A1
20.3.13.4.05.032,CLARA Y CLARISSA,ROXANA MÉNDEZ,"LOQUELEO,  EDITORIAL SANTILLANA",EXCELENTE,M3A1
20.3.13.4.05.033,CLARA Y CLARISSA,ROXANA MÉNDEZ,"LOQUELEO,  EDITORIAL SANTILLANA",EXCELENTE,M3A1
20.3.13.4.05.034,EL CLUB DEL FRIJOL,MARCELA CASTAÑEDA SARTI,"LOQUELEO,  EDITORIAL SANTILLANA",EXCELENTE,M3A1
20.3.13.4.05.035,EL CLUB DEL FRIJOL,MARCELA CASTAÑEDA SARTI,"LOQUELEO,  EDITORIAL SANTILLANA",EXCELENTE,M3A1
20.3.13.4.05.036,CRÓNICAS DE ALUXTENANGO,MARIO CHAVARRÍA,"LOQUELEO, SANTILLANA",EXCELENTE,M3A1
20.3.13.4.05.037,CRÓNICAS DE ALUXTENANGO,MARIO CHAVARRÍA,"LOQUELEO,  EDITORIAL SANTILLANA",EXCELENTE,M3A1
20.3.13.4.05.038,CRONICAS DE JET ASTER,JULIO CALVO DRAGO,"LOQUELEO,  EDITORIAL SANTILLANA",EXCELENTE,M3A1
20.3.13.4.05.039,CRONICAS DE JET ASTER,JULIO CALVO DRAGO,"LOQUELEO,  EDITORIAL SANTILLANA",EXCELENTE,M3A1
20.3.13.4.05.040,CUANDO HITLER ROBÓ EL CONEJO ROSA,JUDITH KERR,EDITORIAL SANTILLANA,EXCELENTE,M3A1
20.3.13.4.05.041,CUANDO HITLER ROBÓ EL CONEJO ROSA,JUDITH KERR,EDITORIAL SANTILLANA,EXCELENTE,M3A1
20.3.13.4.05.042,CUANDO PLUTÓN ERA UN PLANETA,FLOR AGUILERA ,"LOQUELEO,  EDITORIAL SANTILLANA",EXCELENTE,M3A1
20.3.13.4.05.043,CUANDO PLUTÓN ERA UN PLANETA,FLOR AGUILERA ,"LOQUELEO,  EDITORIAL SANTILLANA",EXCELENTE,M3A1
20.3.13.4.05.044,CUARTELES DE INVIERNO,LEONEL JURACÁN,"LOQUELEO, SANTILLANA",EXCELENTE,M3A1
20.3.13.4.05.045,CUARTELES DE INVIERNO,LEONEL JURACÁN,"LOQUELEO, SANTILLANA",EXCELENTE,M3A1
20.3.13.4.05.046,"DE SUSTOS, AMORES Y OTRAS COSAS ATERRADORAS",ALBERTO POCASANGRE,"LOQUELEO, SANTILLANA",EXCELENTE,M3A2
20.3.13.4.05.047,"DE SUSTOS, AMORES Y OTRAS COSAS ATERRADORAS",ALBERTO POCASANGRE,"LOQUELEO, SANTILLANA",EXCELENTE,M3A2
20.313.4.05.048,DIOSES Y HÉROES DE LA MITOLOGÍA GRIEGA,ANA MARÍA SHUA,"LOQUELEO, EDITORIAL SANTILLANA",EXCELENTE,M3A2
20.313.4.05.049,DIOSES Y HÉROES DE LA MITOLOGÍA GRIEGA,ANA MARÍA SHUA,"LOQUELEO, EDITORIAL SANTILLANA",EXCELENTE,M3A2
20.313.4.05.050,DORI / FANTASMAGORI,ABBY HANLON,"LOQUELEO, EDITORIAL SANTILLANA",EXCELENTE,M3A2
20.313.4.05.051,DORI / FANTASMAGORI,ABBY HANLON,"LOQUELEO, EDITORIAL SANTILLANA",EXCELENTE,M3A2
20.313.4.05.052,DORI / LA OVEJA NEGRA,ABBY HANLON,"LOQUELEO, EDITORIAL SANTILLANA",EXCELENTE,M3A2
20.313.4.05.053,DORI / LA OVEJA NEGRA,ABBY HANLON,"LOQUELEO, EDITORIAL SANTILLANA",EXCELENTE,M3A2
20.313.4.05.054,DORI / TIENE UNA AMIGA DE VERDAD,ABBY HANLON,"LOQUELEO, EDITORIAL SANTILLANA",EXCELENTE,M3A2
20.313.4.05.055,DORI / TIENE UNA AMIGA DE VERDAD,ABBY HANLON,"LOQUELEO, EDITORIAL SANTILLANA",EXCELENTE,M3A2
20.313.4.05.056,DOS NIÑOS Y UN ÁNGEL EN NUEVA YORK,E.L. KONIGSBURG,"LOQUELEO, EDITORIAL SANTILLANA",EXCELENTE,M3A2
20.313.4.05.057,DOS NIÑOS Y UN ÁNGEL EN NUEVA YORK,E.L. KONIGSBURG,"LOQUELEO, EDITORIAL SANTILLANA",EXCELENTE,M3A2
20.3.13.4.05.058,EL AÑO EN QUE LUCÍA DEJÓ DE SOÑAR,IVANNA CHAPETA,"LOQUELEO, EDITORIAL SANTILLANA",EXCELENTE,M3A2
20.3.13.4.05.059,EL AÑO EN QUE LUCÍA DEJÓ DE SOÑAR,IVANNA CHAPETA,"LOQUELEO, EDITORIAL SANTILLANA",EXCELENTE,M3A2
20.3.13.4.05.060,EL CANARIO Y LA ROSA,JULIO SANTIZO CORONADO,"LOQUELEO, EDITORIAL SANTILLANA",EXCELENTE,M3A2
20.3.13.4.05.061,EL CANARIO Y LA ROSA,JULIO SANTIZO CORONADO,"LOQUELEO, EDITORIAL SANTILLANA",EXCELENTE,M3A2
20.3.13.4.05.062,EL DIABLO EN LA BOTELLA,ROBERT LOUIS STEVENSON,"LOQUELEO, EDITORIAL SANTILLANA",EXCELENTE,M3A2
20.3.13.4.05.063,EL DIABLO EN LA BOTELLA,ROBERT LOUIS STEVENSON,"LOQUELEO, EDITORIAL SANTILLANA",EXCELENTE,M3A2
20.3.13.4.05.064,EL EXTRAÑO CASO DE LOS CALCETINES PERDIDOS,MARCELA LÓPEZ,"LOQUELEO, EDITORIAL SANTILLANA",EXCELENTE,M3A2
20.3.13.4.05.065,EL EXTRAÑO CASO DE LOS CALCETINES PERDIDOS,MARCELA LÓPEZ,"LOQUELEO, EDITORIAL SANTILLANA",EXCELENTE,M3A2
20.3.13.4.05.066,EL GATO NEGRO Y OTROS CUENTOS / EDGAR ALLAN POE SU VIDA Y OBRA,EDGAR ALLAN POE,EDICIÓN EDUCATIVA,EXCELENTE,M3A2
20.3.13.4.05.067,EL GATO NEGRO Y OTROS CUENTOS / EDGAR ALLAN POE SU VIDA Y OBRA,EDGAR ALLAN POE,EDICIÓN EDUCATIVA,EXCELENTE,M3A2
20.3.13.4.05.068,EL GATO QUE DESAPARECIÓ MISTERIOSAMENTE,ALLAN AHLBERG,"LOQUELEO, EDITORIAL SANTILLANA",EXCELENTE,M3A2
20.3.13.4.05.069,EL GATO QUE DESAPARECIÓ MISTERIOSAMENTE,ALLAN AHLBERG,"LOQUELEO, EDITORIAL SANTILLANA",EXCELENTE,M3A2
20.3.13.4.05.070,EL HOMBRE SIN CABEZA,RICARDO MARIÑO,EDITORIAL SANTILLANA,EXCELENTE,M3A2
20.3.13.4.05.071,EL HOMBRE SIN CABEZA,RICARDO MARIÑO,EDITORIAL SANTILLANA,EXCELENTE,M3A2
20.3.13.4.05.072,EL MÁS PEQUEÑO SE HA PERDIDO,LESTER OLIVEROS,"LOQUELEO, EDITORIAL SANTILLANA",EXCELENTE,M3A2
20.3.13.4.05.073,EL MÁS PEQUEÑO SE HA PERDIDO,LESTER OLIVEROS,"LOQUELEO, EDITORIAL SANTILLANA",EXCELENTE,M3A2
20.3.13.4.05.074,EL MOUNSTRO DE LOS ENREDOS,LORENA FLORES MOSCOSO,"LOQUELEO, EDITORIAL SANTILLANA",EXCELENTE,M3A2
20.3.13.4.05.075,EL MOUNSTRO DE LOS ENREDOS,LORENA FLORES MOSCOSO,"LOQUELEO, EDITORIAL SANTILLANA",EXCELENTE,M3A2
20.3.13.4.05.076,EL OSO QUE NO LO ERA,FRANK TASHLIN,"LOQUELEO, EDITORIAL SANTILLANA",EXCELENTE,M3A2
20.3.13.4.05.077,EL OSO QUE NO LO ERA,FRANK TASHLIN,"LOQUELEO, EDITORIAL SANTILLANA",EXCELENTE,M3A2
20.3.13.4.05.078,EL PRODIGIOSO DE LA MONTAÑA,MARTÍN DÍAZ VALDEZ,"LOQUELEO, EDITORIAL SANTILLANA",EXCELENTE,M3A2
20.3.13.4.05.079,EL PRODIGIOSO DE LA MONTAÑA,MARTÍN DÍAZ VALDEZ,"LOQUELEO, EDITORIAL SANTILLANA",EXCELENTE,M3A2
20.3.13.4.05.080,EL PUENTE DE LOS COYOTES,EDNA ITURRALDE,"LOQUELEO, SANTILLANA",EXCELENTE,M3A2
20.3.13.4.05.081,EL PUENTE DE LOS COYOTES,EDNA ITURRALDE,"LOQUELEO, SANTILLANA",EXCELENTE,M3A2
20.3.13.4.05.082,EL REFUGIO DE MARIANA,GABRIELA CAMPOS,"LOQUELEO, SANTILLANA",EXCELENTE,M3A2
20.3.13.4.05.083,EL REFUGIO DE MARIANA,GABRIELA CAMPOS,"LOQUELEO, SANTILLANA",EXCELENTE,M3A2
20.3.13.4.05.084,EL REY CANGREJO,JOSÉ GARCÍA ESCOBAR,"LOQUELEO, SANTILLANA",EXCELENTE,M3A2
20.3.13.4.05.085,EL REY CANGREJO,JOSÉ GARCÍA ESCOBAR,"LOQUELEO, SANTILLANA",EXCELENTE,M3A2
20.3.13.4.05.086,EL ROJO ERA EL COLOR DE MAMÁ,GERARDO MENESES,"LOQUELEO, SANTILLANA",EXCELENTE,M3A2
20.3.13.4.05.087,EL ROJO ERA EL COLOR DE MAMÁ,GERARDO MENESES,"LOQUELEO, SANTILLANA",EXCELENTE,M3A2
20.3.13.4.05.088,EL SANTIAGUITO,BETTY HANNSTEIN DE ADAMS,"LOQUELEO, SANTILLANA",EXCELENTE,M3A2
20.3.13.4.05.089,EL SANTIAGUITO,BETTY HANNSTEIN DE ADAMS,"LOQUELEO, SANTILLANA",EXCELENTE,M3A2
20.3.13.4.05.090,"EL TERROR DE SEXTO ""B""",YOLANDA REYES,"LOQUELEO, SANTILLANA",EXCELENTE,M3A2
20.3.13.4.05.091,"EL TERROR DE SEXTO ""B""",YOLANDA REYES,"LOQUELEO, SANTILLANA",EXCELENTE,M3A2
20.3.13.4.05.092,EL TESORO DE LOS LUCEROS ERRANTES,GUILLERMINA HERRERA PEÑA,"LOQUELEO, EDITORIAL SANTILLANA",EXCELENTE,M3A2
20.3.13.4.05.093,EL TESORO DE LOS LUCEROS ERRANTES,GUILLERMINA HERRERA PEÑA,"LOQUELEO, EDITORIAL SANTILLANA",EXCELENTE,M3A2
20.3.13.4.05.094,EL VIAJE DE ARIANA,STEFANY BOLAÑOS,"LOQUELEO, EDITORIAL SANTILLANA",EXCELENTE,M3A2
20.3.13.4.05.095,EL VIAJE DE ARIANA,STEFANY BOLAÑOS,"LOQUELEO, EDITORIAL SANTILLANA",EXCELENTE,M3A2
20.3.13.4.05.096,EN BUSCA DE OLIVIA,ARTURO MONTERROSO,"LOQUELEO, EDITORIAL SANTILLANA",EXCELENTE,M3A2
20.3.13.4.05.097,EN BUSCA DE OLIVIA,ARTURO MONTERROSO,"LOQUELEO, EDITORIAL SANTILLANA",EXCELENTE,M3A2
20.3.13.4.05.098,ENRIQUE EL DIBUJANTE,YASMIN SOSA RECINOS,"LOQUELEO, EDITORIAL SANTILLANA",EXCELENTE,M3A3
20.3.13.4.05.099,ENRIQUE EL DIBUJANTE,YASMIN SOSA RECINOS,"LOQUELEO, EDITORIAL SANTILLANA",EXCELENTE,M3A3
20.3.13.4.05.100,ESCONDIDOS COMO ANNE FRANK. 14 HISTORIAS DE SUPERVIVENCIA,MARCEL PRINTS Y PETER HENK STEENHUIS,"LOQUELEO, EDITORIAL SANTILLANA",EXCELENTE,M3A3
20.3.13.4.05.101,ESCONDIDOS COMO ANNE FRANK. 14 HISTORIAS DE SUPERVIVENCIA,MARCEL PRINTS Y PETER HENK STEENHUIS,"LOQUELEO, EDITORIAL SANTILLANA",EXCELENTE,M3A3
20.3.13.4.05.102,FÁBULAS VUELTAS A CONTAR,EDGAR ALLAN GARCÍA,,DEBAJA,M3A3
20.3.13.4.05.103,FÁBULAS VUELTAS A CONTAR,EDGAR ALLAN GARCÍA,,DEBAJA,M3A3
20.3.13.4.05.104,FUERA DE LUGAR ,EYNARD MENÉNDEZ,"LOQUELEO, SANTILLANA",EXCELENTE,M3A3
20.3.13.4.05.105,FUERA DE LUGAR ,EYNARD MENÉNDEZ,"LOQUELEO, SANTILLANA",EXCELENTE,M3A3
20.3.13.4.05.106,GABRIELA Y SU REINO SUBMARINO,BYRON QUIÑÓNEZ,"LOQUELEO, SANTILLANA",EXCELENTE,M3A3
20.3.13.4.05.107,GABRIELA Y SU REINO SUBMARINO,BYRON QUIÑÓNEZ,"LOQUELEO, SANTILLANA",EXCELENTE,M3A3
20.3.13.4.05.108,GUARDARROBOT,STEPHANIE BURCKHARD,"LOQUELEO, SANTILLANA",EXCELENTE,M3A3
20.3.13.4.05.109,GUARDARROBOT,STEPHANIE BURCKHARD,"LOQUELEO, SANTILLANA",EXCELENTE,M3A3
20.3.13.4.05.110,HASTA LA CORONILLA,GABRIELA KESELMAN,"LOQUELEO, SANTILLANA",EXCELENTE,M3A3
20.3.13.4.05.111,HASTA LA CORONILLA,GABRIELA KESELMAN,"LOQUELEO, SANTILLANA",EXCELENTE,M3A3
20.313.4.05.112,HICHAM,ERNESTO RODRÍGUEZ ABAD,CARVAJAL SOLUCIONES EDUCATIVAS,EXCELENTE,M3A3
20.313.4.05.113,HICHAM,ERNESTO RODRÍGUEZ ABAD,CARVAJAL SOLUCIONES EDUCATIVAS,EXCELENTE,M3A3
20.313.4.05.114,JENGO EL MALO,ALEJANDRA OSORIO,"LOQUELEO, SANTILLANA",EXCELENTE,M3A3
20.313.4.05.115,JENGO EL MALO,ALEJANDRA OSORIO,"LOQUELEO, SANTILLANA",EXCELENTE,M3A3
20.313.4.05.116,KALINA Y EL SOL,LUCÍA LEÓN,"LOQUELEO, SANTILLANA",EXCELENTE,M3A3
20.313.4.05.117,KALINA Y EL SOL,LUCÍA LEÓN,"LOQUELEO, SANTILLANA",EXCELENTE,M3A3
20.313.4.05.118,KAUKI Y EL DEVORADOR DE INSECTOS,ALBERTO POCASANGRE,"LOQUELEO, SANTILLANA",EXCELENTE,M3A3
20.313.4.05.119,KAUKI Y EL DEVORADOR DE INSECTOS,ALBERTO POCASANGRE,"LOQUELEO, SANTILLANA",EXCELENTE,M3A3
20.3.13.4.05.120,LA ADMIRABLE SEÑORITA CLARA,ALEJANDRA OSORIO,"LOQUELEO, SANTILLANA",EXCELENTE,M3A3
20.3.13.4.05.121,LA ADMIRABLE SEÑORITA CLARA,ALEJANDRA OSORIO,"LOQUELEO, SANTILLANA",EXCELENTE,M3A3
20.3.13.4.05.122,EN LA CABEZA DE LAURA,MARVIN MONZÓN,"LOQUELEO, SANTILLANA",EXCELENTE,M3A3
20.3.13.4.05.123,EN LA CABEZA DE LAURA,MARVIN MONZÓN,"LOQUELEO, SANTILLANA",EXCELENTE,M3A3
20.3.13.4.05.124,LA CAJA DE LOS SUEÑOS,PAULINA LOSHER,"LOQUELEO, SANTILLANA",EXCELENTE,M3A3
20.3.13.4.05.125,LA CAJA DE LOS SUEÑOS,PAULINA LOSHER,"LOQUELEO, SANTILLANA",EXCELENTE,M3A3
20.3.13.4.05.126,LA CASA INVISIBLE,ANTONIO GONZÁLEZ,"LOQUELEO, SANTILLANA",EXCELENTE,M3A3
20.3.13.4.05.127,LA CASA INVISIBLE,ANTONIO GONZÁLEZ,"LOQUELEO, SANTILLANA",EXCELENTE,M3A3
20.3.13.4.05.128,LA CHICA QUE MANDABA A LOS HOMBRES POR UN TUBO,JULIO CALVO DRAGO,"LOQUELEO, EDITORIAL SANTILLANA",EXCELENTE,M3A3
20.3.13.4.05.129,LA CHICA QUE MANDABA A LOS HOMBRES POR UN TUBO,JULIO CALVO DRAGO,"LOQUELEO, EDITORIAL SANTILLANA",EXCELENTE,M3A3
20.3.13.4.05.130,LA CIUDAD DE LAS CURVAS,ALEJANDRO SANDOVAL,"LOQUELEO, EDITORIAL SANTILLANA",EXCELENTE,M3A3
20.3.13.4.05.131,LA CIUDAD DE LAS CURVAS,ALEJANDRO SANDOVAL,"LOQUELEO, EDITORIAL SANTILLANA",EXCELENTE,M3A3
20.3.13.4.05.132,LA CIUDAD DE LOS PECES,CÉSAR YUMÁN,"LOQUELEO, EDITORIAL SANTILLANA",EXCELENTE,M3A3
20.3.13.4.05.133,LA CIUDAD DE LOS PECES,CÉSAR YUMÁN,"LOQUELEO, EDITORIAL SANTILLANA",EXCELENTE,M3A3
20.3.13.4.05.134,LA FOSA DEL LOBO,LAUREN WOLK,"LOQUELEO, SANTILLANA",EXCELENTE,M3A3
20.3.13.4.05.135,LA FOSA DEL LOBO,LAUREN WOLK,"LOQUELEO, SANTILLANA",EXCELENTE,M3A3
20.3.13.4.05.136,LA GUERRA QUE SALVÓ MI VIDA,KIMBERLY BRUBAKER BRADLEY,"LOQUELEO, SANTILLANA",EXCELENTE,M3A3
20.3.13.4.05.137,LA GUERRA QUE SALVÓ MI VIDA,KIMBERLY BRUBAKER BRADLEY,"LOQUELEO, SANTILLANA",EXCELENTE,M3A3
20.3.13.4.05.138,LA HISTORIA SEGÚN RAFA,DIEGO VENTURA PUAC-COYOY,"LOQUELEO, EDITORIAL SANTILLANA",EXCELENTE,M3A3
20.3.13.4.05.139,LA HISTORIA SEGÚN RAFA,DIEGO VENTURA PUAC-COYOY,"LOQUELEO, EDITORIAL SANTILLANA",EXCELENTE,M3A3
20.3.13.4.05.140,LA HUELLA DEL GIGANTE,EMILIO SOLANO,"LOQUELEO, EDITORIAL SANTILLANA",EXCELENTE,M3A3
20.3.13.4.05.141,LA HUELLA DEL GIGANTE,EMILIO SOLANO,"LOQUELEO, EDITORIAL SANTILLANA",EXCELENTE,M3A3
20.3.13.4.05.142,LA ISLA INUNDADA,ALVARO MONTENEGRO,"LOQUELEO, EDITORIAL SANTILLANA",EXCELENTE,M3A3
20.3.13.4.05.143,LA ISLA INUNDADA,ALVARO MONTENEGRO,"LOQUELEO, EDITORIAL SANTILLANA",EXCELENTE,M3A3
20.3.13.4.05.144,LA ORDEN DE LA TORONJA,RICARDO A. BARAHONA,"LOQUELEO, EDITORIAL SANTILLANA",EXCELENTE,M3A3
20.3.13.4.05.145,LA ORDEN DE LA TORONJA,RICARDO A. BARAHONA,"LOQUELEO, EDITORIAL SANTILLANA",EXCELENTE,M3A3
20.3.13.4.05.146,LA PRINCESA DEL AGUA,SUSAN VERDE,"LOQUELEO, EDITORIAL SANTILLANA",DEBAJA,M3A3
20.3.13.4.05.147,LA PRINCESA DEL AGUA,SUSAN VERDE,"LOQUELEO, EDITORIAL SANTILLANA",DEBAJA,M3A3
20.3.13.4.05.148,LA TIENDA DE MIEDOS DEL SEÑOR ROQUE,ANTONIO GONZÁLEZ,"LOQUELEO, EDITORIAL SANTILLANA",EXCELENTE,M3A3
20.3.13.4.05.149,LA TIENDA DE MIEDOS DEL SEÑOR ROQUE,ANTONIO GONZÁLEZ,"LOQUELEO, EDITORIAL SANTILLANA",EXCELENTE,M3A3
20.3.13.4.05.150,LAS AVENTURAS DE BRÓCOLE,ANA PÉREZ ZALDÍVAR,"LOQUELEO, EDITORIAL SANTILLANA",EXCELENTE,M3A4
20.3.13.4.05.151,LAS AVENTURAS DE BRÓCOLE,ANA PÉREZ ZALDÍVAR,"LOQUELEO, EDITORIAL SANTILLANA",EXCELENTE,M3A4
20.3.13.4.05.152,LAS GRANDES HAZAÑAS DEL CID CAMPEADOR. CANTAR DEL MÍO CID  / A PROPÓSITO DE. DEL CANTAR DE MÍO CID,ANÓNIMO,GRUPO EDITORIAL NORMA,EXCELENTE,M3A4
20.3.13.4.05.153,LAS GRANDES HAZAÑAS DEL CID CAMPEADOR. CANTAR DEL MÍO CID  / A PROPÓSITO DE. DEL CANTAR DE MÍO CID,ANÓNIMO,GRUPO EDITORIAL NORMA,EXCELENTE,M3A4
20.3.13.4.05.154,LAS MEJORES AVENTURAS DEL QUIJOTE / A PROPÓSITO DE LAS MEJORES AVENTURAS DEL QUIJOTE,MIGUEL DE CERVANTES,GRUPO EDITORIAL NORMA,EXCELENTE,M3A4
20.3.13.4.05.155,LAS MEJORES AVENTURAS DEL QUIJOTE / A PROPÓSITO DE LAS MEJORES AVENTURAS DEL QUIJOTE,MIGUEL DE CERVANTES,GRUPO EDITORIAL NORMA,EXCELENTE,M3A4
20.3.13.4.05.156,LAS MUSARAÑAS,MARVIN MONZÓN,"LOQUELEO, EDITORIAL SANTILLANA",EXCELENTE,M3A4
20.3.13.4.05.157,LAS MUSARAÑAS,MARVIN MONZÓN,"LOQUELEO, EDITORIAL SANTILLANA",EXCELENTE,M3A4
20.3.13.4.05.158,LAS TORPEZAS DE CATA,CLARA LUCÍA PÉREZ ARROYAVE,"LOQUELEO, SANTILLANA",EXCELENTE,M3A4
20.3.13.4.05.159,LAS TORPEZAS DE CATA,CLARA LUCÍA PÉREZ ARROYAVE,"LOQUELEO, SANTILLANA",EXCELENTE,M3A4
20.3.13.4.05.160,LEO,ANDREA PAOLA CASTILLO,"LOQUELEO, SANTILLANA",EXCELENTE,M3A4
20.3.13.4.05.161,LEO,ANDREA PAOLA CASTILLO,"LOQUELEO, SANTILLANA",EXCELENTE,M3A4
20.3.13.4.05.162,LOLA LA BICI,ANA PÉREZ ZALDÍVAR,"LOQUELEO, SANTILLANA",EXCELENTE,M3A4
20.3.13.4.05.163,LOLA LA BICI,ANA PÉREZ ZALDÍVAR,"LOQUELEO, SANTILLANA",EXCELENTE,M3A4
20.3.13.4.05.164,LOS CHIMPANCÉS MIRAN A LOS OJOS,ANDREA FERRARI,EDITORIAL SANTILLANA,EXCELENTE,M3A4
20.3.13.4.05.165,LOS CHIMPANCÉS MIRAN A LOS OJOS,ANDREA FERRARI,EDITORIAL SANTILLANA,EXCELENTE,M3A4
20.3.13.4.05.166,LOS CUATRO DE TEVIÁN,MARTÍN DÍAZ VALDÉS,EDITORIAL SANTILLANA,EXCELENTE,M3A4
20.3.13.4.05.167,LOS CUATRO DE TEVIÁN,MARTÍN DÍAZ VALDÉS,EDITORIAL SANTILLANA,EXCELENTE,M3A4
20.3.13.4.05.168,LOS HERMANOS QUE COSECHABAN CUENTOS DE HADAS,EDNA ITURRALDE,"LOQUELEO, SANTILLANA",EXCELENTE,M3A4
20.3.13.4.05.169,LOS HERMANOS QUE COSECHABAN CUENTOS DE HADAS,EDNA ITURRALDE,"LOQUELEO, SANTILLANA",EXCELENTE,M3A4
20.3.13.4.05.170,LUCINDA Y LA CAJA VIAJERA,YASMIN SOSA,"LOQUELEO, SANTILLANA",EXCELENTE,M3A4
20.3.13.4.05.171,LUCINDA Y LA CAJA VIAJERA,YASMIN SOSA,"LOQUELEO, SANTILLANA",EXCELENTE,M3A4
20.3.13.4.05.172,METZI Y LOS LEONES,LORENA JUÁREZ SAAVEDRA,"LOQUELEO, SANTILLANA",EXCELENTE,M3A4
20.3.13.4.05.173,METZI Y LOS LEONES,LORENA JUÁREZ SAAVEDRA,"LOQUELEO, SANTILLANA",EXCELENTE,M3A4
20.3.13.4.05.174,MI AÑO DE BRIGADISTA,KATHERINE PATERSON,EDITORIAL SANTILLANA,EXCELENTE,M3A4
20.3.13.4.05.175,MI AÑO DE BRIGADISTA,KATHERINE PATERSON,EDITORIAL SANTILLANA,EXCELENTE,M3A4
20.3.13.4.05.176,MYMOKO,ANTONIO GONZÁLEZ,"LOQUELEO, SANTILLANA",EXCELENTE,M3A4
20.3.13.4.05.177,MYMOKO,ANTONIO GONZÁLEZ,"LOQUELEO, SANTILLANA",EXCELENTE,M3A4
20.3.13.4.05.178,"NO ESTÁS SOLO, MAXI",MARÍA FERNANDA HEREDIA,"LOQUELEO, SANTILLANA",EXCELENTE,M3A4
20.3.13.4.05.179,"NO ESTÁS SOLO, MAXI",MARÍA FERNANDA HEREDIA,"LOQUELEO, SANTILLANA",EXCELENTE,M3A4
20.3.13.4.05.180,NO OLVIDES VER EL CIELO,LORENA FLORES,"LOQUELEO, SANTILLANA",EXCELENTE,M3A4
20.3.13.4.05.181,NO OLVIDES VER EL CIELO,LORENA FLORES,"LOQUELEO, SANTILLANA",EXCELENTE,M3A4
20.3.13.4.05.182,NUNCA INTENTES HACER ESTO EN CASA,ANTONIO GONZÁLEZ,EDITORIAL SANTILLANA,EXCELENTE,M3A4
20.3.13.4.05.183,NUNCA INTENTES HACER ESTO EN CASA,ANTONIO GONZÁLEZ,EDITORIAL SANTILLANA,EXCELENTE,M3A4
20.3.13.4.05.184,ODISEA DE TRES MUNDOS,MARILINDA GUERRERO,EDITORIAL SANTILLANA,EXCELENTE,M3A4
20.3.13.4.05.185,ODISEA DE TRES MUNDOS,MARILINDA GUERRERO,EDITORIAL SANTILLANA,EXCELENTE,M3A4
20.3.13.4.05.186,ORUMAMPALA EL FABULOSO,EMMETY PLEITEZ,"LOQUELEO, SANTILLANA",EXCELENTE,M3A4
20.3.13.4.05.187,ORUMAMPALA EL FABULOSO,EMMETY PLEITEZ,"LOQUELEO, SANTILLANA",EXCELENTE,M3A4
20.3.13.4.05.188,OSCAR TIENE FRÍO,RICARDO ALCÁNTARA,"LOQUELEO, SANTILLANA",EXCELENTE,M3A4
20.3.13.4.05.189,OSCAR TIENE FRÍO,RICARDO ALCÁNTARA,"LOQUELEO, SANTILLANA",EXCELENTE,M3A4
20.3.13.4.05.190,PALABROTA,JERÓNIMO OLAZÁBAL,"LOQUELEO, SANTILLANA",EXCELENTE,M3A4
20.3.13.4.05.191,PALABROTA,JERÓNIMO OLAZÁBAL,"LOQUELEO, SANTILLANA",EXCELENTE,M3A4
20.3.13.4.05.192,PAZ EN EL NORTE,JAIME HOMAR,"LOQUELEO, SANTILLANA",EXCELENTE,M3A4
20.3.13.4.05.193,PAZ EN EL NORTE,JAIME HOMAR,"LOQUELEO, SANTILLANA",EXCELENTE,M3A4
20.3.13.4.05.194,PEPITO Y LA CALLE MÁS ABURRIDA DEL MUNDO,JOSÉ IGNACIO VALENZUELA,"LOQUELEO, SANTILLANA",EXCELENTE,M3A4
20.3.13.4.05.195,PEPITO Y LA CALLE MÁS ABURRIDA DEL MUNDO,JOSÉ IGNACIO VALENZUELA,"LOQUELEO, SANTILLANA",EXCELENTE,M3A4
20.3.13.4.05.196,PERDIDOS EN LA ATLANTIDA,LEONEL JURACÁN,"LOQUELEO, SANTILLANA",EXCELENTE,M3A4
20.3.13.4.05.197,PERDIDOS EN LA ATLANTIDA,LEONEL JURACÁN,"LOQUELEO, SANTILLANA",EXCELENTE,M3A4
20.3.13.4.05.198,PIEDRA PAPEL O TIJERA,INÉS GARLAND,"LOQUELEO, SANTILLANA",EXCELENTE,M3A4
20.3.13.4.05.199,PIEDRA PAPEL O TIJERA,INÉS GARLAND,"LOQUELEO, SANTILLANA",EXCELENTE,M3A4
20.3.13.4.05.200,POR QUÉ EL TIGRE TIENE MANCHAS - FÁBULAS MAYAS DE HOY Y SIEMPRE,GUILLERMINA HERRERA PEÑA,"LOQUELEO, SANTILLANA",EXCELENTE,M3A5
20.3.13.4.05.201,POR QUÉ EL TIGRE TIENE MANCHAS - FÁBULAS MAYAS DE HOY Y SIEMPRE,GUILLERMINA HERRERA PEÑA,"LOQUELEO, SANTILLANA",EXCELENTE,M3A5
20.3.13.4.05.202,PUERTAS Y ESCALERAS,DIANA VÁSQUEZ REYNA,"LOQUELEO, SANTILLANA",EXCELENTE,M3A5
20.3.13.4.05.203,PUERTAS Y ESCALERAS,DIANA VÁSQUEZ REYNA,"LOQUELEO, SANTILLANA",EXCELENTE,M3A5
20.3.13.4.05.204,¿QUÉ HACE ACÁ UNA MARIPOSA?,ALEJANDRA OSORIO,"LOQUELEO, SANTILLANA",EXCELENTE,M3A5
20.3.13.4.05.205,¿QUÉ HACE ACÁ UNA MARIPOSA?,ALEJANDRA OSORIO,"LOQUELEO, SANTILLANA",EXCELENTE,M3A5
20.3.13.4.05.206,QUERIDO HIJO: ESTAMOS EN HUELGA,JORDI SIERRA I FABRA,"LOQUELEO, SANTILLANA",EXCELENTE,M3A5
20.3.13.4.05.207,QUERIDO HIJO: ESTAMOS EN HUELGA,JORDI SIERRA I FABRA,"LOQUELEO, SANTILLANA",EXCELENTE,M3A5
20.3.13.4.05.208,QUERIDO HIJO: ESTÁS DESPEDIDO,JORDI SIERRA I FABRA,"LOQUELEO, SANTILLANA",EXCELENTE,M3A5
20.3.13.4.05.209,QUERIDO HIJO: ESTÁS DESPEDIDO,JORDI SIERRA I FABRA,"LOQUELEO, SANTILLANA",EXCELENTE,M3A5
20.3.13.4.05.210,QUERIDO HIJO: TIENES CUATRO PADRES,JORDI SIERRA I FABRA,"LOQUELEO, SANTILLANA",EXCELENTE,M3A5
20.3.13.4.05.211,QUERIDO HIJO: TIENES CUATRO PADRES,JORDI SIERRA I FABRA,"LOQUELEO, SANTILLANA",EXCELENTE,M3A5
20.3.13.4.05.212,REFUGIADO,ALAN GRATZ,"LOQUELEO, SANTILLANA",EXCELENTE,M3A5
20.3.13.4.05.213,REFUGIADO,ALAN GRATZ,"LOQUELEO, SANTILLANA",EXCELENTE,M3A5
20.3.13.4.05.214,REY POR UN RATO,M. B. BROZON,"LOQUELEO, SANTILLANA",EXCELENTE,M3A5
20.3.13.4.05.215,REY POR UN RATO,M. B. BROZON,"LOQUELEO, SANTILLANA",EXCELENTE,M3A5
20.3.13.4.05.216,SANGRE DE GOLEADOR,PEDRO BADRÁN,CARVAJAL SOLUCIONES EDUCATIVAS,EXCELENTE,M3A5
20.3.13.4.05.217,SANGRE DE GOLEADOR,PEDRO BADRÁN,CARVAJAL SOLUCIONES EDUCATIVAS,EXCELENTE,M3A5
20.3.13.4.05.218,SE NECESITA SUPERHÉROE,JUANA NEIRA MALO,"LOQUELEO, SANTILLANA",EXCELENTE,M3A5
20.3.13.4.05.219,SE NECESITA SUPERHÉROE,JUANA NEIRA MALO,"LOQUELEO, SANTILLANA",EXCELENTE,M3A5
20.3.13.4.05.220,UNAS VACACIONES DE AVENTURA,YASMIN SOSA,"LOQUELEO, SANTILLANA",EXCELENTE,M3A5
20.3.13.4.05.221,UNAS VACACIONES DE AVENTURA,YASMIN SOSA,"LOQUELEO, SANTILLANA",EXCELENTE,M3A5
20.3.13.4.05.222,VECINAS,SANTIAGO NOGALES,"LOQUELEO, SANTILLANA",DEBAJA,M3A5
20.3.13.4.05.223,VECINAS,SANTIAGO NOGALES,"LOQUELEO, SANTILLANA",EXCELENTE,M3A5
20.3.13.4.05.224,"WINNIE, LA VERDADERA HISTORIA DEL OSO",LINDSAY MATTICK,,DEBAJA,M3A5
20.3.13.4.05.225,"WINNIE, LA VERDADERA HISTORIA DEL OSO",LINDSAY MATTICK,,DEBAJA,M3A5
20.3.13.4.05.226,CANTAR DE MÍO CID,ANÓNIMO,"LOQUELEO, SANTILLANA",EXCELENTE,M3A5
20.3.13.4.05.227,CANTAR DE MÍO CID,ANÓNIMO,"LOQUELEO, SANTILLANA",EXCELENTE,M3A5
20.3.13.4.05.228,DON JUAN TENORIO,JOSÉ ZORRILLA,"LOQUELEO, SANTILLANA",EXCELENTE,M3A5
20.3.13.4.05.229,DON JUAN TENORIO,JOSÉ ZORRILLA,"LOQUELEO, SANTILLANA",EXCELENTE,M3A5
20.3.13.4.05.230,EL FANTASMA DE CANTERVILLE Y OTROS CUENTOS,OSCAR WILDE,LOQUELEO SANTILLANA,EXCELENTE,M3A5
20.3.13.4.05.231,EL FANTASMA DE CANTERVILLE Y OTROS CUENTOS,OSCAR WILDE,LOQUELEO SANTILLANA,EXCELENTE,M3A5
20.3.13.4.05.232,LA ISLA DEL TESORO,ROBERT LOUIS STEVENSON,"LOQUELEO, SANTILLANA",EXCELENTE,M3A5
20.3.13.4.05.233,LA ISLA DEL TESORO,ROBERT LOUIS STEVENSON,GRADFICO,AFECTADO POR HUMEDAD,M3A5
20.3.13.4.05.234,LA METAMORFOSIS / FRANZ KAFKA SU VIDA Y OBRA,"FRANZ KAFKA
",EDITORIAL NORMA,EXCELENTE,M3A5
20.3.13.4.05.235,LA METAMORFOSIS / FRANZ KAFKA SU VIDA Y OBRA,"FRANZ KAFKA
",EDITORIAL NORMA,EXCELENTE,M3A5
20.3.13.4.05.236,LA VIDA ES UN SUEÑO,PEDRO CALDERÓN DE LA BARCA,"LOQUELEO, SANTILLANA",EXCELENTE,M3A5
20.3.13.4.05.237,LA VIDA ES UN SUEÑO,PEDRO CALDERÓN DE LA BARCA,"LOQUELEO, SANTILLANA",EXCELENTE,M3A5
20.3.13.4.05.238,LA VORÁGINE,JOSÉ EUSTASIO RIVERA,"LOQUELEO, SANTILLANA",EXCELENTE,M3A5
20.3.13.4.05.239,LA VORÁGINE,JOSÉ EUSTASIO RIVERA,"LOQUELEO, SANTILLANA",EXCELENTE,M3A5
20.3.13.4.05.240,EL LAZARILLO DE TORMES,ANÓNIMO,"LOQUELEO, SANTILLANA",EXCELENTE,M3A5
20.3.13.4.05.241,EL LAZARILLO DE TORMES,ANÓNIMO,"LOQUELEO, SANTILLANA",EXCELENTE,M3A5
20.3.13.4.05.242,A LA PINTURA,RAFAEL ALBERTI,ALIANZA EDITORIAL,EXCELENTE,M3A5
20.3.13.4.05.243,A MEDIO ROSTRO. UNA HISTORIA DE MILAGROS,SANTIAGO LEIVA,EDITORIAL UEES,EXCELENTE,M3A5
20.3.13.4.05.244,ACASO HABRÁ OTRO TIEMPO,MARÍA CRISTINA ORANTES,EDITORIAL DELGADO,EXCELENTE,M3B1
20.3.13.4.05.245,AGUA PARA ELEFANTES,SARA GRUEN,PENGUIN RANDOM HOUSE GRUPO EDITORIAL,EXCELENTE,M3B1
20.313.4.05.246,ALGO PASA EN SANTA TECLA CITY,WALTER IRAHETA NERIO,EDITORIAL CLÁSICOS ROXSIL,EXCELENTE,M3B1
20.3.13.4.05.247,AMOR Y PEDAGOGÍA,MIGUEL DE UNAMUNO,ALIANZA EDITORIAL,EXCELENTE,M3B1
20.3.13.4.05.248,AMRAS,THOMAS BERNHARD,ALIANZA EDITORIAL,EXCELENTE,M3B1
20.3.13.4.05.249,ANA KARENINA,LEÓN TOLSTÓI,EDITORIAL PORRÚA,DEBAJA,M3B1
20.3.13.4.05.250,ANFITRIÓN - AULULARIA - LOS CAUTIVOS,PLAUTO,ALIANZA EDITORIAL,EXCELENTE,M3B1
20.3.13.4.05.251,AVENTURA MÁGICA EN CUSCATLÁN / MAGIC ADVENTURE IN CUSCATLAN,ELI BARILLAS,TALLERES GRÁFICOS DE IMPRESOS MÚLTIPLES,EXCELENTE,M3B1
20.3.13.4.05.252,AZAR,JOSEPH CONRAD,ALIANZA EDITORIAL,EXCELENTE,M3B1
20.3.13.4.05.253,BAJO EL CIELO DEL ISTMO,ARMANDO MOLINA,EDITORIAL SOLARIS,EXCELENTE,M3B1
20.3.13.4.05.254,BUCÓLICAS GEÓRGICAS ,PUBLIO VIRGILIO MARÓN,ALIANZA EDITORIAL,EXCELENTE,M3B1
20.3.13.4.05.255,CAL Y CANTO,RAFAEL ALBERTI,ALIANZA EDITORIAL,EXCELENTE,M3B1
20.3.13.4.05.256,CALÍGULA,ALBERT CAMUS ,ALIANZA EDITORIAL,EXCELENTE,M3B1
20.3.13.4.05.257,CANTO GENERAL I,PABLO NERUDA,EDITORIAL LOSADA,EXCELENTE,M3B1
20.3.13.4.05.258,CANTO GENERAL II,PABLO NERUDA,EDITORIAL LOSADA,EXCELENTE,M3B1
20.3.13.4.05.259,CARTAS A UN JOVEN POETA,RAINER MARÍA RILKE,ALIANZA EDITORIAL,EXCELENTE,M3B1
20.3.13.4.05.260,CASI TODOS LOS ÁNGELES TIENEN ALAS,"JUAN RUIZ DE TORRES, DAVID ESCOBAR GALINDO Y ALEJANDRO MORENO ROMERO",EDITORIAL DELGADO,EXCELENTE,M3B1
20.3.13.4.05.261,CIEN AÑOS DE MAGIA: ENSAYOS CRÍTICOS SOBRE LA OBRA DE MIGUEL ANGEL ASTURIAS,ORALIA PREBLE-NIEMI,F & G EDITORES,EXCELENTE,M3B1
20.3.13.4.05.262,CINCO ESCRITORES SALVADOREÑOS DE POSGUERRA,ROSE MARIE GALINDO,EDITORIAL DELGADO,EXCELENTE,M3B1
20.3.13.4.05.263,CINCO ESQUINAS,"JORGE MARIO PEDRO VARGAS LLOSA
",PENGUIN RANDOM HOUSE GRUPO EDITORIAL,DEBAJA,M3B1
20.3.13.4.05.264,CON LAS FALDAS BIEN PUESTAS. LA NOVELA DE PRUDENCIA AYALA,ALEJANDRO AYALÁ,CEIDAS EDICIONES ,BUEN ESTADO,M3B1
20.3.13.4.05.265,CON MI PAÍS BAJO EL BRAZO. COMPENDIO CRÍTICO SOBRE LA NARRATIVA DE ARTURO ARIAS,MYRON ALBERTO ÁVILA,F & G EDITORES,EXCELENTE,M3B1
20.3.13.4.05.266,CON UN PIE AQUÍ Y EL OTRO ALLÁ,RICARDO MENDOZA ALBERTO,EDICIONES VENADO DEL BOSQUE,EXCELENTE,M3B1
20.3.13.4.05.267,CONVERSACIONES CON ALEJO CARPENTIER,RAMÓM CHAO,ALIANZA EDITORIAL,AFECTADO POR HUMEDAD,M3B1
20.3.13.4.05.268,COREOGRAFÍA DEL DESENCANTO,MARLON MEZA TENI,F & G EDITORES,EXCELENTE,M3B1
20.3.13.4.05.269,CRÓNICA DE PIEDRA,ISMAÍL KADARÉ,ALIANZA EDITORIAL,EXCELENTE,M3B1
20.3.13.4.05.270,CRÓNICAS ITALIANAS,STENDHAL,ALIANZA EDITORIAL,EXCELENTE,M3B1
20.3.13.4.05.271,CRÓNICAS PARA SENTIMENTALES,JACINTA ESCUDOS,F & G EDITORES,EXCELENTE,M3B1
20.3.13.4.05.272,CUALQUIER FORMA DE MORIR ,RAFAEL MENJIVAR OCHOA,F & G EDITORES,DEBAJA,M3B1
20.3.13.4.05.273,CUENTOS,BENEDETTI,ALIANZA EDITORIAL,EXCELENTE,M3B1
20.3.13.4.05.274,CUENTOS DE EVA LUNA,ISABEL ALLENDE,PENGUIN RANDOM HOUSE GRUPO EDITORIAL,EXCELENTE,M3B1
20.3.13.4.05.275,CUENTOS DE LA SELVA,HORACIO QUIROGA,MESTA EDICIONES ESCOLARES,EXCELENTE,M3B1
20.3.13.4.05.276,"CUENTOS GÓTICOS. ANTOLOGÍA, VOLUMEN I","LOVECRAFT, POE, DUMAS, IRVING, BIERCE, CHEJOV,  MAUPASSANT Y OTROS AUTORES",PROYECTO LARSEN,EXCELENTE,M3B1
20.3.13.4.05.277,CUERPO A CUERPO,WILLIAM GOLDING,ALIANZA EDITORIAL,DEBAJA,M3B1
20.3.13.4.05.278,DE LA VIDA QUE PASA,RAMÓN QUESADA,EDITORIAL DELGADO,EXCELENTE,M3B1
20.3.13.4.05.279,DE LOS PROBLEMAS DE ENAMORARSE,ANA ESCOTO,F & G EDITORES,EXCELENTE,M3B1
20.3.13.4.05.280,DE UN MOMENTO A OTRO,RAFAEL ALBERTI,ALIANZA EDITORIAL,EXCELENTE,M3B1
20.3.13.4.05.281,EL AMOR Y OTROS DEMONIOS,GABRIEL GARCÍA MARQUEZ,DIANA,EXCELENTE,M3B2
20.3.13.4.05.282,DEL MACROCOSMOS AL MICRORRELATO. LITERATURA Y CREACIÓN - NUEVAS PERSPECTIVAS TRANSAREALES,OTTMAR ETTE,F & G EDITORES,EXCELENTE,M3B2
20.3.13.4.05.283,DEVOCIONARIO,DAVID ESCOBAR GALINDO,EDITORIAL RHD,EXCELENTE,M3B2
20.3.13.4.05.284,DOÑA ROSITA LA SOLTERA O EL LENGUAJE DE LAS FLORES / LOS SUEÑOS DE MI PRIMA AURELIA,FEDERICO GARCÍA LORCA,ALIANZA EDITORIAL,EXCELENTE,M3B2
20.3.13.4.05.285,DOS AÑOS DE VACACIONES,JULIO VERNE,EDITORIAL PORRÚA,EXCELENTE,M3B2
20.3.13.4.05.286,DRAGONES Y ESCALERAS Y OTROS CUENTOS,JAVIER MOSQUERA SARAVIA,F & G EDITORES,EXCELENTE,M3B2
20.3.13.4.05.287,EL AGENTE DE LA CONTINENTAL,DASHIELL HAMMETT,ALIANZA EDITORIAL,EXCELENTE,M3B2
20.3.13.4.05.288,EL AJILLO,MAX HERRADOR,SIN EDITORIAL,BUEN ESTADO,M3B2
20.3.13.4.05.289,EL ALUX Y LOS JÓVENES QUE HABLAN CON LAS PLANTAS,MAX HERRADOR,FRANKLIN QUEZADA,AFECTADO POR EL USO,M3B2
20.3.13.4.05.290,EL AMOR NO SE EQUIVOCA,WALDEMAR URQUIZA,EDITORIAL SOCIETAS,DEBAJA,M3B2
20.3.13.4.05.291,"EL AMOR, LAS MUJERES Y LA VIDA",MARIO BENEDETTI,PENGUIN RANDOM HOUSE GRUPO EDITORIAL,EXCELENTE,M3B2
20.3.13.4.05.292,EL AÑO NEGRO,ISMAÍL KADARÉ,ALIANZA EDITORIAL,EXCELENTE,M3B2
20.3.13.4.05.293,EL ASCO: THOMAS BERNHARD EN SAN SALVADOR,HORACIO CASTELLANOS MOYA,EDITORIAL ARCOIRIS,EXCELENTE,M3B2
20.3.13.4.05.294,EL BARBERO DE LA VILLA,VÍCTOR MATA,EDITORIAL DELGADO,EXCELENTE,M3B2
20.3.13.4.05.295,EL CASTILLO,"FRANZ KAFKA
",GRADIFCO,EXCELENTE,M3B2
20.3.13.4.05.296,EL CAZADOR DE SUEÑOS ,STEPHEN KING,PENGUIN RANDOM HOUSE  GRUPO EDITORIAL,EXCELENTE,M3B2
20.3.13.4.05.297,EL CINE NEGRO. PESADILLAR VERDADERAS Y FALSAS,NOËL  SIMSOLO,ALIANZA EDITORIAL,EXCELENTE,M3B2
20.3.13.4.05.298,EL CIRCO DE LOS VIAJEROS,GIOVANNI DURÁN,RÚBRICA,EXCELENTE,M3B2
20.3.13.4.05.299,EL CORTEJO NUPCIAL HELADO EN LA NIEVE,ISMAÍL KADARÉ,ALIANZA EDITORIAL,AFECTADO POR LA HUMEDAD,M3B2
20.3.13.4.05.300,EL DIOS ESCORPIÓN,WILLIAM GOLDING,ALIANZA EDITORIAL,DEBAJA,M3B2
20.3.13.4.05.301,EL DOCTOR CENTENO,BENITO PÉREZ GALDÓS,ALIANZA EDITORIAL,DEBAJA,M3B2
20.3.13.4.05.302,EL EXPEDIENTE H.,ISMAÍL KADARÉ,ALIANZA EDITORIAL,AFECTADO POR LA HUMEDAD,M3B2
20.3.13.4.05.303,EL FLACO,RENATO BUEZO,F&G EDITORES,EXCELENTE,M3B2
20.3.13.4.05.304,EL GRANDE ORIENTE,BENITO PÉREZ GALDÓS,ALIANZA EDITORIAL,EXCELENTE,M3B2
20.3.13.4.05.305,EL HOMBRE QUE PUDO SER REY Y OTROS RELATOS,RUDYARD KIPLING,ALIANZA EDITORIAL,DEBAJA,M3B2
20.3.13.4.05.306,EL IMITADOR DE VOCES,THOMAS BERNHARD,ALIANZA EDITORIAL,EXCELENTE,M3B2
20.3.13.4.05.307,EL LIBRO DE LA VIDA DE ALBERTO MASFERRER Y OTROS ESCRITOS VITALISTAS,MARTA ELENA CASAÚS,F & G EDITORES,EXCELENTE,M3B2
20.3.13.4.05.308,EL LOBO DE MAR,JACK LONDON,ALIANZA EDITORIAL,EXCELENTE,M3B2
20.313.4.05.309,EL MÁRTIR DEL GÓLGOTA,ENRIQUE PÉREZ ESCRICH,EDITORIAL PORRÚA,EXCELENTE,M3B2
20.313.4.05.310,EL MURO,"LANDA, ELI",EDITORIAL BARRILETE,DEBAJA,M3B2
20.3.13.4.05.311,EL NICHO DE LA VERGUENZA,ISMAÍL KADARÉ,ALIANZA EDITORIAL,AFECTADO POR HUMEDAD,M3B2
20.3.13.4.05.312,EL OCASO DE LOS DIOSES DE LA ESTEPA,ISMAÍL KADARÉ,ALIANZA EDITORIAL,EXCELENTE,M3B2
20.3.13.4.05.313,EL PAPA VERDE,MIGUEL ÁNGEL ASTURIAS,F & G EDITORES,EXCELENTE,M3B2
20.3.13.4.05.314,"EL PEQUEÑO LIBRO DE LOS DERECHOS, LOS DEBERES Y LAS VIRTUDES, PARA LEER, JUGAR Y COLOREAR",FLORENTÍN MELÉNDEZ,S / E,EXCELENTE,M3B2
20.3.13.4.05.315,EL PRÍNCIPE IDIOTA / EL SEPULCRO DE LOS VIVOS,FIÓDOR DOSTOIEVSKI,EDITORIAL PORRÚA,EXCELENTE,M3B3
20.3.13.4.05.316,EL RESPLANDOR,STEPHEN KING,PENGUIN RANDOM HOUSE GRUPO EDITORIAL,EXCELENTE,M3B3
20.3.13.4.05.317,EL RUISEÑOR,KRISTIN HANNAH,PENGUIN RANDOM HOUSE GRUPO EDITORIAL,EXCELENTE,M3B3
20.3.13.4.05.318,EL SAMOVAR DE PLATA,ANA DEL CARMEN ÁLVAREZ,SIN EDITORIAL,EXCELENTE,M3B3
20.3.13.4.05.319,EL SEÑOR PRESIDENTE,MIGUEL ÁNGEL ASTURIAS,F & G EDITORES,EXCELENTE,M3B3
20.3.13.4.05.320,EL SUEÑO DE MARIANA,JORGE GALÁN,F & G EDITORES,EXCELENTE,M3B3
20.3.13.4.05.321,EL TERRITORIO DEL CIPRÉS,VARIOS AUTORES,"ÍNDOLE EDITORES, FUNDACIÓN CLARIBEL ALEGRÍA",EXCELENTE,M3B3
20.313.4.05.322,EL VERANO DEL INGLÉS,CARME RIERA,ALFAGUARA,EXCELENTE,M3B3
20.3.13.4.05.323,ENJAMBRE DE MEDUSAS,RENATO BUEZO,F & G EDITORES,EXCELENTE,M3B3
20.3.13.4.05.324,ÉSTE ES MI GRITO,CLAUDIA HÉRODIER,EDITORIAL DELGADO,EXCELENTE,M3B3
20.3.13.4.05.325,ESTÉTICA DEL CINISMO. PASIÓN Y DESENCANTO EN LA LITERATURA CENTROAMERICANA DE POSGUERRA,BEATRIZ CORTEZ ,F & G EDITORES,EXCELENTE,M3B3
20.3.13.4.05.326,FIGURACIONES,"MOSQUERA SARAVIA, JAVIER",EDITORIAL F & G EDITORES,DEBAJA,M3B3
20.3.13.4.05.327,FRÍAS FLORES DE MARZO,ISMAÍL KADARÉ,ALIANZA EDITORIAL,AFECTADO POR HUMEDAD,M3B3
20.3.13.4.05.328,FUEGO EN LAS ENTRAÑAS,WILLIAM GOLDING,ALIANZA EDITORIAL,DEBAJA,M3B3
20.3.13.4.05.329,GRACIAS POR EL FUEGO,MARIO BENEDETTI,ALIANZA EDITORIAL,DEBAJA,M3B3
20.3.13.4.05.330,HABLAN LOS NAHUALES. MITO Y TESTIMONIO,BRNJAMÍN PALOMO,TALLERERES UCA EDITORES ,EXCELENTE,M3B3
20.3.13.4.05.331,HACIA UNA HISTORIA DE LAS LITERATURAS CENTROAMERICANAS I. INTERSECCIONES Y TRANSGRESIONES: PROPUESTAS PARA UNA HISTORIOGRAFÍA LITERARIA EN CENTROAMÉRICA,WERNER MACKENBACH (EDITOR),F & G EDITORES,EXCELENTE,M3B3
20.3.13.4.05.332,HACIA UNA HISTORIA DE LAS LITERATURAS CENTROAMERICANAS II. TENSIONES DE LA MODERNIDAD: MODERNISMO Y REALISMO,VALERIA GRINBERG PLA Y RICARDO ROQUE - BALDOVINOS (EDITORES),F & G EDITORES,EXCELENTE,M3B3
20.3.13.4.05.333,"HACIA UNA HISTORIA DE LAS LITERATURAS CENTROAMERICANAS III. (PER) VERSIONES DE LA MODERNIDAD. LITERATURAS, IDENTIDADES Y DESPLAZAMIENTOS","BEATRIZ CORTÉZ, ALEXANDRA ORTÍZ WALLNER Y VERÓNICA RÍOS QUESADA (EDITORAS)",F & G EDITORES,EXCELENTE,M3B3
20.3.13.4.05.334,HACIA UNA HISTORIA DE LAS LITERATURAS CENTROAMERICANAS IV. LITERATURA Y COMPROMISO POLÍTICO. PRÁCTICAS POLÍTICO - CULTURALES Y ESTÉTICAS DE LA REVOLUCIÓN,"HÉCTOR M. LEYVA, WERNER MACKENBACH Y CLAUDIA FERMAN (EDITORES)",F & G EDITORES,EXCELENTE,M3B3
20.3.13.4.05.335,"HÉCUBA, HELENA, IFIGENIA ENTRE LOS TAUROS",EURÍPIDES,ALIANZA EDITORIAL,EXCELENTE,M3B3
20.3.13.4.05.336,HISTORIA DE UN CANALLA,JULIA NAVARRO,PENGUIN RANDOM HOUSE GRUPO EDITORIAL,EXCELENTE,M3B3
20.3.13.4.05.337,"HISTORIAS DE MEDIANOCHE. AMOR, SUSPENSO Y MÁS",GIOVANNI DURÁN,RÚBRICA,EXCELENTE,M3B3
20.3.13.4.05.338,HISTORIAS SIN CUENTO,"ÁNGELA REYES, DAVID ESCOBAR GALINDO Y ALEJANDRO MORENO ROMERO",EDITORIAL DELGADO,EXCELENTE,M3B4
20.3.13.4.05.339,HOMBRES DE MAÍZ,MIGUEL ÁNGEL ASTURIAS,F & G EDITORES,DEBAJA,M3B4
20.3.13.4.05.340,ITA,"ALBIZUREZ, MONICA",EDITORIAL F & G EDITORES,DEBAJA,M3B4
20.3.13.4.05.341,JIHAD (HOBB),SAMIA A BOU ZEID,SIN EDITORIAL,EXCELENTE,M3B4
20.3.13.4.05.342,LA AMANTE,RAFAEL ALBERTI,ALIANZA EDITORIAL,EXCELENTE,M3B4
20.3.13.4.05.343,LA ASAMBLEA DE LAS MUJERES,ARISTÓFANES,PROYECTO LARSEN,EXCELENTE,M3B4
20.3.13.4.05.344,LA CABAÑA DEL TÍO TOM,HARRIET BEECHER - STOWE,GRADIFCO,EXCELENTE,M3B4
20.3.13.4.05.345,LA CASA DE LOS ESPIRITUS ,ISABEL ALLENDE,PENGUIN RANDOM HOUSE GRUPO EDITORIAL,AFECTADO POR HUMEDAD,M3B4
20.3.13.4.05.346,LA CONDENA ,"FRANZ KAFKA
",ALIANZA EDITORIAL,EXCELENTE,M3B4
20.3.13.4.05.347,LA CULTURA DEL DIABLO ,HUMBERTO VELÁSQUEZ,EDITORIAL ARCOIRIS,AFECTADO POR HUMEDAD,M3B4
20.3.13.4.05.348,DIVINA COMEDIA,DANTE ALIGHIERI,GRADIFCO,EXCELENTE,M3B4
20.3.13.4.05.349,LA FLOR OSCURA,VALERIA CEREZO,F & G EDITORES,EXCELENTE,M3B4
20.3.13.4.05.350,GUERRA Y PAZ ,LEÓN TOLSTÓI,EDITORIAL PORRÚA,EXCELENTE,M3B4
20.3.13.4.05.351,LAS ISLA MISTERIOSA,JULIO VERNE,EDITORIAL PORRÚA,EXCELENTE,M3B4
20.3.13.4.05.352,LA LLAMADA DE LA NATURALEZA / BÂTARD,JACK LONDON,ALIANZA EDITORIAL,DEBAJA,M3B4
20.3.13.4.05.353,LA LLAMADA DE LA SELVA,JACK LONDON,GRADIFCO,DEBAJA,M3B4
20.3.13.4.05.354,LA LLAVE DE CRISTAL,DASHIELL HAMMETT,ALIANZA EDITORIAL,EXCELENTE,M3B4
20.3.13.4.05.355,"LA LUNA NUEVA, EL JARDINERO, EL CARTERO DEL REY, LAS PIEDRAS HAMBRIENTAS Y OTROS CUENTOS",RABINDRANATH TAGORE,EDITORIAL PORRÚA,EXCELENTE,M3B4
20.3.13.4.05.356,LA MADRE CABEZAS REDONDAS Y CABEZAS PUNTIAGUDAS,BERTOLT BRECHT,ALIANZA EDITORIAL,EXCELENTE,M3B4
20.3.13.4.05.357,LA MÁQUINA DEL TIEMPO,H. G. WELLS,GRADIFCO,EXCELENTE,M3B4
20.3.13.4.05.358,LA MURALLA CHINA Y OTROS CUENTOS,"FRANZ KAFKA
",GRADIFCO,EXCELENTE,M3B4
20.3.13.4.05.359,LA ÓPERA DE CUATRO CUARTOS  Y OTROS RELATOS,BERTOLT BRECHT,ALIANZA EDITORIAL,EXCELENTE,M3B4
20.3.13.4.05.360,LA OPORTUNIDAD EN EL SILENCIO,CARLOS ANCHETTA,EDITORIAL FLOR DE BARRO,DEBAJA,M3B4
20.3.13.4.05.361,LA PIRÁMIDE,ISMAÍL KADARÉ,ALIANZA EDITORIAL,DEBAJA,M3B4
20.3.13.4.05.362,LA POSADA DE LAS DOS BRUJAS Y OTROS RELATOS,JOSEPH CONRAD,ALIANZA EDITORIAL,EXCELENTE,M3B4
20.3.13.4.05.363,LA POSIBILIDAD DE MIIA HAKALA,ALBERTO TORRES BLANDINA,F&G EDITORES,EXCELENTE,M3B4
20.3.13.4.05.364,LA SERENATA DE SCHUBERT,ALFREDO MARTÍNEZ MORENO,EDITORIAL DELGADO,EXCELENTE,M3B4
20.3.13.4.05.365,LA TEMPESTAD,WILLIAM SHAKESPEARE,GRADIFCO,EXCELENTE,M3B4
20.3.13.4.05.366,LA VENADA,JUANITA MINERO AYALA,EDICIONES ESCORPIÓN,EXCELENTE,M3B4
20.3.13.4.05.367,LA VIEJA VIRGINIA ,"CERRITOS, JORGELINA/ARAUJO, RITA ",BARRILETE ,DEBAJA,M3B4
20.3.13.4.05.368,LABERINTOS Y ROMPECABEZAS,JAVIER MOSQUERA SARAVIA,F & G EDITORES,EXCELENTE,M3B4
20.3.13.4.05.369,LAS HOGUERAS DE ITACA,DAVID ESCOBAR GALINDO,OFFSET RICALDONE,EXCELENTE,M3B4
20.3.13.4.05.370,"LAS MEMORIAS DE ""EL CHARRO"" SALVADOREÑO",ADRIÁN ALFARO TOLEDO,EDITORIAL CINCO,EXCELENTE,M3B4
20.3.13.4.05.371,LAS MINAS DEL REY SALOMÓN,HENRY RIDER HAGGARD,ALIANZA EDITORIAL,EXCELENTE,M3B4
20.3.13.4.05.372,LAS NOCHES BLANCAS / EL JUGADOR / UN LADRÓN HONRADO,FIÓDOR DOSTOIEVSKI,EDITORIAL PORRÚA,EXCELENTE,M3B4
20.3.13.4.05.373,LAS SIETE TRAGEDIAS,SÓFOCLES,EDITORIAL PORRÚA,EXCELENTE,M3B4
20.3.13.4.05.374,LAS SIETE TRAGEDIAS,ESQUILO,EDITORIAL PORRÚA,EXCELENTE,M3B4
20.3.13.4.05.375,LECTURAS PARA MUJERES,GABRIELA MISTRAL,EDITORIAL PORRÚA,EXCELENTE,M3B5
20.3.13.4.05.376,LITERATURA BRASILEÑA. ANTOLOGÍA DE NARRATIVA BREVE,"LIMA BARRETO, JOAO DO RIO, ALCANTARA MACHADO, COELHO NETO, LOPES NETO Y OTROS",PROYECTO LARSEN,EXCELENTE,M3B5
20.3.13.4.05.377,LITERATURA CARIBEÑA. ANTOLOGÍA DE POESÍA,"JOSÉ MARTÍ, RUBÉN DARÍO, AMADO NERVO, ANDRÉS BELLO, SALOMÉ UREÑA Y OTROS",PROYECTO LARSEN,EXCELENTE,M3B5
20.3.13.4.05.378,LITERATURA DE LOS PUEBLOS ORIGINARIOS. MAYAS QUICHÉS / RABINAL ACHÍ,LUIS HERNÁN RODRÍGUEZ FELDER,PROYECTO LARSEN,EXCELENTE,M3B5
20.3.13.4.05.379,LITERATURA DE LOS PUEBLOS ORIGINARIOS. MEXICAS - AZTECAS  ,LUIS HERNÁN RODRÍGUEZ FELDER,PROYECTO LARSEN,EXCELENTE,M3B5
20.3.13.4.05.380,LITERARATURA HÚNGARA: ANTOLOGÍA DE NARRATIVA BREVE,GÉZA GÁRDONYI,PROYECTO LARSEN,EXCELENTE,M3B5
20.3.13.4.05.381,LO QUE MI PADRE TRAJO DE UCRANIA,ALBERTO POCASANGRE,EDITORIAL BARRILETE,EXCELENTE,M3B5
20.3.13.4.05.382,LOS CISNES,CARLOS ANCHETTA,FLOR DE BARRO EDITORIAL,EXCELENTE,M3B5
20.3.13.4.05.383,LOS CUENTOS PERDIDOS DE LOS ANIMALES EXTINTOS Y LA BUSQUEDA DE SUS HUELLAS,MOISÉS SACA / MARCOS BARRIENTOS,EDITORIAL BARRILETE,EXCELENTE,M3B5
20.3.13.4.05.384,LOS DOCE CÉSARES,SUETONIO,EDITORIAL PORRÚA,EXCELENTE,M3B5
20.3.13.4.05.385,LOS HOMBRES DE PAPEL,WILLIAM GOLDING,ALIANZA EDITORIAL,DEBAJA,M3B5
20.3.13.4.05.386,LOS MEJORES CUENTOS DE TERROR,"POE, LOVECRAFT, STOKER, SHELLEY Y OTROS ",MESTAS EDICIONES ,EXCELENTE,M3B5
20.3.13.4.05.387,LOS NUEVE LIBROS DE LA HISTORIA,HERODOTO,EDITORIAL PORRÚA,EXCELENTE,M3B5
20.3.13.4.05.388,LUCIÉRNAGAS EN EL MOZOTE,"RUFINA AMAYA, MARK DANNER Y CARLOS HENRÍQUEZ CONSALVI",EDICIONES MUSEO DE LA PALABRA E IMAGEN,EXCELENTE,M3B5
20.3.13.4.05.389,MALADRÓN,MIGUEL ÁNGEL ASTURIAS,F & G EDITORES,EXCELENTE,M3B5
20.3.13.4.05.390,MEMORIAS DEL OLVIDO,SONIA FEIGENBAUM KARSENTI,F & G EDITORES,EXCELENTE,M3B5
20.3.13.4.05.391,MI FAMILIA Y OTROS ANIMALES,GERALD DURRELL,ALIANZA EDITORIAL,EXCELENTE,M3B5
20.3.13.4.05.392,MI FLOR,"LANDA, ELI",EDITORIAL CASA AZUL,EXCELENTE,M3B5
20.3.13.4.05.393,MI PAIS INVENTADO ,ISABEL ALLENDE,PENGUIN RANDOM HOUSE GRUPO EDITORIAL,EXCELENTE,M3B5
20.3.13.4.05.394,MIGUEL STROGOFF,JULIO VERNE,ALIANZA EDITORIAL,EXCELENTE,M3B5
20.3.13.4.05.395,MISERICORDIA,BENITO PÉREZ GALDÓS,ALIANA EDITORIAL,EXCELENTE,M3B5
20.3.13.4.05.396,MODALES TEMPRANOS. MODALES Y PERSONALIDAD,"CHAND, NANDIKA",EDITORIAL CLASICOS ROXSIL,EXCELENTE,M3B5
20.3.13.4.05.397,MUCHO RUIDO Y POCAS NUECES,WILLIAM SHAKESPEARE,GRADIFCO,EXCELENTE,M3B5
20.3.13.4.05.398,MULATA DE TAL,MIGUEL ÁNGEL ASTURIAS,F & G EDITORES,EXCELENTE,M3B5
20.3.13.4.05.399,"NARRACIONES MARAVILLOSAS AFRICANAS. LITERATURA INFANTIL DEL ÁFRICA, VOLUMEN I",LUIS HERNÁN RODRÍGUEZ FELDER,PROYECTO LARSEN,EXCELENTE,M3B5
20.3.13.4.05.400,ORACIÓN POR MARILYN MONROE,ERNESTO CARDENAL,ANAMÁ EDICIONES,EXCELENTE,M3B5
20.3.13.4.05.401,OTTO Y MOMO,OTTO MEZA,ATHENA EDITORES S.A de C.V,EXCELENTE,M3B5
20.3.13.4.05.402,PAZ EN LA GUERRA,MIGUEL DE UNAMUNO,ALIANA EDITORIAL,EXCELENTE,M3B5
20.3.13.4.05.403,POEMAS HUMANOS,CÉSAR VALLEJO,MESTAS EDICIONES,EXCELENTE,M3B5
20.3.13.4.05.404,POESÍA ERÓTICA Y PICARESCA. ANTOLOGÍA DE LOS SIGLOS XVI AL XIX,LUIS HERNÁN RODRÍGUEZ FELDER,PROYECTO LARSEN,EXCELENTE,M3B5
20.3.13.4.05.405,POESÍA Y NARRATIVA DE LA ANTIGUA CHINA. ANTOLOGÍA DE BELLAS HISTORIAS DEL PUEBLO CHINO,LUIS HERNÁN RODRÍGUEZ FELDER,PROYECTO LARSEN,EXCELENTE,M3B5
20.3.13.4.05.406,POETAS POR EL SALVADOR (POEMA PASEO CORAL),MARÍA POUMIER,EDITORIAL DELGADO,EXCELENTE,M3B5
20.3.13.4.05.407,PUNTOS DE FUGA. PROSA SALVADOREÑA CONTEMPORÁNEA ,"TANIA PLEITEZ VELA, ALEXANDRA LYTTON REGALADO Y LUCÍA DE SOLA",EDITORIAL KALINA,EXCELENTE,M3B5
20.3.13.4.05.408,PUNTOS EN EL TIEMPO,PAUL BOWLES,ALIANZA EDITORIAL,EXCELENTE,M3C1
20.3.13.4.05.409,QUIROMANCIA,ÁLVARO DARÍO LARA,FALENA EDITORES,EXCELENTE,M3C1
20.3.13.4.05.410,QUO VADIS?,ENRIQUE SIENKIEWICZ,EDITORIAL PORRÚA,EXCELENTE,M3C1
20.3.13.4.05.411,RELATOS Y MEMORIAS,RICARDO MENDOZA ALBERTO,EDICIONES LA CALLE,EXCELENTE,M3C1
20.3.13.4.05.412,RIO MUERTO,BENJAMÍN PALOMO,TALLERES GRÁFICOS UCA,EXCELENTE,M3C1
20.3.13.4.05.413,ROBINSON CRUSOE,DANIEL DEFOE,ALIANZA EDITORIAL,EXCELENTE,M3C1
20.3.13.4.05.414,ROMANCERO,ALEJANDRO GONZÁLEZ SEGURA,ALIANZA EDITORIAL,EXCELENTE,M3C1
20.3.13.4.05.415,SOBRE LOS ANGELES. SERMONES Y MORADAS. YO ERA UN TONTO Y LO QUE HE VISTO ME HA HECHO DOS TONTOS. CON LOS  ZAPATOS PUESTOS TENGO QUE MORIR,RAFAEL ALBERTI,ALIANZA EDITORIAL,EXCELENTE,M3C1
20.3.13.4.05.416,SUEÑOS DE UN CALLEJERO,DANIEL JOYA,EDITORIAL NUEVO ENFOQUE,EXCELENTE,M3C1
20.3.13.4.05.417,TARTUFO,MOLIERE,GRADIFCO,EXCELENTE,M3C1
20.3.13.4.05.418,"KALINA: TEATRO BAJO MI PIEL, POESÍA SALVADOREÑA CONTEMPORÁNEA","LUCÍA DE SOLA, ALEXANDRA LYTTON REGALADO",EDITORIAL KALINA,EXCELENTE,M3C1
20.3.13.4.05.419,TIKAL FUTURA. MEMORIAS PARA UN FUTURO INCIERTO.,FRANZ GALICH,F & G EDITORES,EXCELENTE,M3C1
20.3.13.4.05.420,TRECE,RAFAEL MENJIVAR OCHOA,F & G EDITORES,EXCELENTE,M3C1
20.3.13.4.05.421,TRES CANTOS FÚNEBRES POR KOSOVO,ISMAÍL KADARÉ,ALIANZA EDITORIAL,EXCELENTE,M3C1
20.3.13.4.05.422,ÚLTIMAS PALABRAS,JOSÉ BARNOYA GARCÍA,F & G EDITORES,EXCELENTE,M3C1
20.3.13.4.05.423,UN VOLERO LLEVA TU NOMBRE,CARLOS CALDERÓN DEL CID,F & G EDITORES,EXCELENTE,M3C1
20.3.13.4.05.424,UN ENEMIGO DEL PUEBLO,HENRIK IBSEN,ALIANZA EDITORIAL,EXCELENTE,M3C1
20.3.13.4.05.425,UN FRAGMENTO CASI OLVIDADO DE NUESTRA HISTORIA. VOLUMEN 2,RAFAEL ANTONIO CARBALLO,EDITORIAL DELGADO,EXCELENTE,M3C1
20.3.13.4.05.426,UN LEÓN LEJOS DE NUEVA YORK,GERARDO GUINEA DIEZ,F & G EDITORES,EXCELENTE,M3C1
20.3.13.4.05.427,UN VIEJO QUE LEÍA NOVELAS DE AMOR,LUIS SEPÚLVEDA,TUSQUETS EDITORES,EXCELENTE,M3C1
20.3.13.4.05.428,UNA FAMILIA HONORABLE,RAFAEL CUEVAS MOLINA,F & G EDITORES,EXCELENTE,M3C1
20.3.13.4.05.429,UNA HUMILDE PROPUESTA Y OTROS ESCRITOS,JONATHAN SWIFT,EDITORIAL ALIANZA,EXCELENTE,M3C1
20.3.13.4.05.430,VALORES BASICOS. YA NO ESTOY ENOJADO,"CHAND, NANDIKA",EDITORIAL CLASICOS ROXSIL,EXCELENTE,M3C1
20.3.13.4.05.431,VEINTE AÑOS DESPUÉS,ALEJANDRO DUMAS,EDITORIAL PORRÚA,EXCELENTE,M3C1
20.3.13.4.05.432,VEINTICUATRO HORAS EN LA VIDA DE UNA MUJER / CARTA DE UNA DESCONOCIDA  / CONFUSIÓN DE SENTIMIENTO,STEFAN ZWEIG,EDITORIAL PORRÚA,EXCELENTE,M3C1
20.3.13.4.05.433,VERÓNIKA DECIDE MORIR,PAULO COELHO,PENGUIN RANDOM HOUSE GRUPO EDITORIAL,EXCELENTE,M3C1
20.3.13.4.05.434,VERSOS SUELTOS DE CADA DÍA,RAFAEL ALBERTI,ALIANZA EDITORIAL,EXCELENTE,M3C1
20.3.13.4.05.435,VIAJES DE COLÓN,MARTÍN FERNÁNDEZ DE NAVARRETE,EDITORIAL PORRÚA,EXCELENTE,M3C1
20.3.13.4.05.436,"VIDA DE EDUARDO II DE INGLATERRA, UN HOMBRE ES UN HOMBRE: EL ELEFANTITO",BERTOLT BRECHT,ALIANZA EDITORIAL,EXCELENTE,M3C1
20.3.13.4.05.437,VIDA DE GALILEO MADRE CORAJE Y SUS HIJOS,BERTOLT BRECHT,ALIANZA EDITORIAL,EXCELENTE,M3C1
20.3.13.4.05.438,VIERNES DE DOLORES,MIGUEL ÁNGEL ASTURIAS,F & G EDITORES,EXCELENTE,M3C2
20.3.13.4.05.439,AQUÍ SE CUENTAN CUENTOS,HUGO LINDO,DIRECCIÓN DE PUBLICACIONES E IMPRESOS (DPI),EXCELENTE,M3C2
20.3.13.4.05.440,AQUÍ SE CUENTAN CUENTOS,HUGO LINDO,DIRECCIÓN DE PUBLICACIONES E IMPRESOS (DPI),EXCELENTE,M3C2
20.3.13.4.05.441,BIOLOGÍA,"LUIS ALFREDO BONILLA MARROQUIN,  RAMÓN EDUARDO JOVEL URQUILLA Y MIGUEL FRANCISCO GALDAMEZ ROJAS",DIRECCIÓN DE PUBLICACIONES E IMPRESOS (DPI),EXCELENTE,M3C2
20.3.13.4.05.442,BIOLOGÍA,"LUIS ALFREDO BONILLA MARROQUIN,  RAMÓN EDUARDO JOVEL URQUILLA Y MIGUEL FRANCISCO GALDAMEZ ROJAS",DIRECCIÓN DE PUBLICACIONES E IMPRESOS (DPI),EXCELENTE,M3C2
20.3.13.4.05.443,CANTOS DE LA TIERRA PROMETIDA,JUAN COTTO,DIRECCIÓN DE PUBLICACIONES E IMPRESOS (DPI),EXCELENTE,M3C2
20.3.13.4.05.444,CANTOS DE LA TIERRA PROMETIDA,JUAN COTTO,DIRECCIÓN DE PUBLICACIONES E IMPRESOS (DPI),EXCELENTE,M3C2
20.3.13.4.05.445,CARTAS DE RELACIÓN Y OTROS DOCUMENTOS,"PEDRO DE ALVARADO, DIEGO GARCÍA DE PALACIO, ANTONIO DE CIUDAD-REAL",DIRECCIÓN DE PUBLICACIONES E IMPRESOS (DPI),EXCELENTE,M3C2
20.3.13.4.05.446,CARTAS DE RELACIÓN Y OTROS DOCUMENTOS,"PEDRO DE ALVARADO, DIEGO GARCÍA DE PALACIO, ANTONIO DE CIUDAD-REAL",DIRECCIÓN DE PUBLICACIONES E IMPRESOS (DPI),EXCELENTE,M3C2
20.3.13.4.05.447,CUENTOS DE BARRO,SALARRUÉ,DIRECCIÓN DE PUBLICACIONES E IMPRESOS (DPI),EXCELENTE,M3C2
20.3.13.4.05.448,CUENTOS DE BARRO,SALARRUÉ,DIRECCIÓN DE PUBLICACIONES E IMPRESOS (DPI),EXCELENTE,M3C2
20.3.13.4.05.449,"CULTURA: REVISTA DE LA SECRETARÍA DE CULTURA DE LA PRESIDENCIA DE EL SALVADOR, No. 114, ENERO - MARZO 2015. ",SECRETARÍA DE CULTURA DE LA PRESIDENCIA,DIRECCIÓN DE PUBLICACIONES E IMPRESOS,EXCELENTE,M3C2
20.3.13.4.05.450,"CULTURA: REVISTA DE LA SECRETARÍA DE CULTURA DE LA PRESIDENCIA DE EL SALVADOR, No. 114, ENERO - MARZO 2015. ",SECRETARÍA DE CULTURA DE LA PRESIDENCIA,DIRECCIÓN DE PUBLICACIONES E IMPRESOS,EXCELENTE,M3C2
20.3.13.4.05.451,RODRIGO REY ROSA,DIRECCIÓN  DE PUBLICACIONES E IMPRESOS (DPI),NOVELA SALVADOREÑA,EXCELENTE,M3C2
20.3.13.4.05.452,RODRIGO REY ROSA,DIRECCIÓN  DE PUBLICACIONES E IMPRESOS (DPI),NOVELA SALVADOREÑA,EXCELENTE,M3C2
20.3.13.4.05.453,ENSAYOS LITERARIOS,MATILDE ELENA LÓPEZ,DIRECCIÓN DE PUBLICACIONES E IMPRESOS (DPI),EXCELENTE,M3C2
20.3.13.4.05.454,ENSAYOS LITERARIOS,MATILDE ELENA LÓPEZ,DIRECCIÓN DE PUBLICACIONES E IMPRESOS (DPI),EXCELENTE,M3C2
20.3.13.4.05.455,ENSAYOS,ALBERTO MASFERRER,DIRECCIÓN DE PUBLICACIONES E IMPRESOS (DPI),EXCELENTE,M3C2
20.3.13.4.05.456,ENSAYOS,ALBERTO MASFERRER,DIRECCIÓN DE PUBLICACIONES E IMPRESOS (DPI),EXCELENTE,M3C2
20.3.13.4.05.457,FLAUTAS Y ASTRONAUTAS,MAURA ECHEVERRÍA,DIRECCIÓN DE PUBLICACIONES E IMPRESOS (DPI),EXCELENTE,M3C2
20.3.13.4.05.458,FLAUTAS Y ASTRONAUTAS,MAURA ECHEVERRÍA,DIRECCIÓN DE PUBLICACIONES E IMPRESOS (DPI),EXCELENTE,M3C2
20.3.13.4.05.459,JÚPITER,FRANCISCO GAVIDIA,DIRECCIÓN DE PUBLICACIONES E IMPRESOS (DPI),EXCELENTE,M3C2
20.3.13.4.05.460,JÚPITER,FRANCISCO GAVIDIA,DIRECCIÓN DE PUBLICACIONES E IMPRESOS (DPI),EXCELENTE,M3C2
20.3.13.4.05.461,LA CASA BALLENA,JORGELINA CERRITOS,DIRECCIÓN DE PUBLICACIONES E IMPRESOS (DPI),EXCELENTE,M3C2
20.3.13.4.05.462,LA CASA BALLENA,JORGELINA CERRITOS,DIRECCIÓN DE PUBLICACIONES E IMPRESOS (DPI),EXCELENTE,M3C2
20.3.13.4.05.463,LA CASA DE VIDRIO,CLAUDIA LARS,DIRECCIÓN DE PUBLICACIONES E IMPRESOS (DPI),EXCELENTE,M3C2
20.3.13.4.05.464,LA CASA DE VIDRIO,CLAUDIA LARS,DIRECCIÓN DE PUBLICACIONES E IMPRESOS (DPI),EXCELENTE,M3C2
20.3.13.4.05.465,LA MUERTE DE LA TÓRTOLA,JOSÉ MARÍA PERALTA LAGOS,DIRECCIÓN DE PUBLICACIONES E IMPRESOS (DPI),EXCELENTE,M3C2
20.3.13.4.05.466,LA MUERTE DE LA TÓRTOLA,JOSÉ MARÍA PERALTA LAGOS,DIRECCIÓN DE PUBLICACIONES E IMPRESOS (DPI),EXCELENTE,M3C2
20.313.4.05.467,LA VIDA DEL BUSCÓN LLAMADO DON PABLOS,FRANCISCO DE QUEVEDO,DIRECCIÓN DE PUBLICACIONES E IMPRESOS (DPI),EXCELENTE,M3C2
20.313.4.05.468,LA VIDA DEL BUSCÓN LLAMADO DON PABLOS,FRANCISCO DE QUEVEDO,DIRECCIÓN DE PUBLICACIONES E IMPRESOS (DPI),EXCELENTE,M3C2
20.313.4.05.469,MITOLOGÍA DE CUSCATLÁN,MIGUEL ÁNGEL ESPINO,DIRECCIÓN DE PUBLICACIONES E IMPRESOS (DPI),EXCELENTE,M3C2
20.313.4.05.470,MITOLOGÍA DE CUSCATLÁN,MIGUEL ÁNGEL ESPINO,DIRECCIÓN DE PUBLICACIONES E IMPRESOS (DPI),EXCELENTE,M3C2
20.313.4.05.471,MUNDO DE CHOCOLATE,MAURA ECHEVERRÍA,DIRECCIÓN DE PUBLICACIONES E IMPRESOS (DPI),EXCELENTE,M3C2
20.313.4.05.472,MUNDO DE CHOCOLATE,MAURA ECHEVERRÍA,DIRECCIÓN DE PUBLICACIONES E IMPRESOS (DPI),EXCELENTE,M3C2
20.3.13.4.05.473,VERSOS DEL AYER,RAÚL CONTRERAS,DIRECCIÓN DE PUBLICACIONES E IMPRESOS (DPI),EXCELENTE,M3C2
20.3.13.4.05.474,VERSOS DEL AYER,RAÚL CONTRERAS,DIRECCIÓN DE PUBLICACIONES E IMPRESOS (DPI),EXCELENTE,M3C2
20.3.13.4.05.475,"¡CÓMO MOLESTA, ALONDRA!",RAFAEL FELIPE LÓPEZ URBINA,CLÁSICOS ROXSIL,EXCELENTE,M3C2
20.3.13.4.05.476,"¡CÓMO MOLESTA, ALONDRA!",RAFAEL FELIPE LÓPEZ URBINA,CLÁSICOS ROXSIL,EXCELENTE,M3C2
20.3.13.4.05.477,ALFREDITO,RAFAEL FELIPE LÓPEZ URBINA,CLÁSICOS ROXSIL,EXCELENTE,M3C2
20.3.13.4.05.478,ALFREDITO,RAFAEL FELIPE LÓPEZ URBINA,CLÁSICOS ROXSIL,EXCELENTE,M3C2
20.3.13.4.05.479,AMIGOS SIN FRONTERAS,ALEJANDRA LABBÉ,GRELISAL,EXCELENTE,M3C2
20.3.13.4.05.480,AMIGOS SIN FRONTERAS,ALEJANDRA LABBÉ,GRELISAL,EXCELENTE,M3C2
20.3.13.4.05.481,BIBI LA ABEJITA POETA,JOSÉ ECHEVERRÍA,"EL ESTUDIO, DISEÑO GRÁFICO",EXCELENTE,M3C2
20.3.13.4.05.482,BIBI LA ABEJITA POETA,JOSÉ ECHEVERRÍA,"EL ESTUDIO, DISEÑO GRÁFICO",EXCELENTE,M3C2
20.3.13.4.05.483,"TROMPOS, CAPIRUCHOS Y PIÑATAS - MY MEMORIES FROM EL SALVADOR",ALEJANDRA LABBÉ DE ÁBREGO,AEIOU,EXCELENTE,M3C2
20.3.13.4.05.484,"TROMPOS, CAPIRUCHOS Y PIÑATAS - MY MEMORIES FROM EL SALVADOR",ALEJANDRA LABBÉ DE ÁBREGO,AEIOU,EXCELENTE,M3C2
20.3.13.4.05.485,LA ISLA DEL TESORO,ROBERT LOUIS STEVENSON,GRADIFCO,EXCELENTE,M3C2
20.3.13.4.05.486,¿DONDE ESTÁ LA SEXUALIDAD? CARPETA DE TÉCNICAS PARTICIPATIVAS,ASOCIACIÓN EQUIPO MAÍZ,ASOCIACIÓN EQUIPO MAÍZ,EXCELENTE,M3C2
20.3.13.4.05.487,¿DONDE ESTÁ LA SEXUALIDAD? CARPETA DE TÉCNICAS PARTICIPATIVAS,ASOCIACIÓN EQUIPO MAÍZ,ASOCIACIÓN EQUIPO MAÍZ,EXCELENTE,M3C2
20.3.13.4.05.488,¿QÚE ES EL CAPITALISMO?,"CÉSAR AUGUSTO SENCIÓN VILLALONA, EDWIN RENATO MIRA",ASOCIACIÓN EQUIPO MAÍZ,EXCELENTE,M3C2
20.3.13.4.05.489,¿QÚE ES EL CAPITALISMO?,"CÉSAR AUGUSTO SENCIÓN VILLALONA, EDWIN RENATO MIRA",ASOCIACIÓN EQUIPO MAÍZ,EXCELENTE,M3C2
20.3.13.4.05.490,¿QÚE ES EL IMPERIALISMO?,"CÉSAR AUGUSTO SENCIÓN VILLALONA, ALFREDO BURGOS",ASOCIACIÓN EQUIPO MAÍZ,EXCELENTE,M3C2
20.3.13.4.05.491,¿QÚE ES EL IMPERIALISMO?,"CÉSAR AUGUSTO SENCIÓN VILLALONA, ALFREDO BURGOS",ASOCIACIÓN EQUIPO MAÍZ,EXCELENTE,M3C2
20.3.13.4.05.492,10 PLAGAS DE LA GLOBALIZACIÓN NEOLIBERAL,"JOSÉ VÍCTOR AGUILAR,  MIGUEL CAVADA DIEZ, ALFREDO BURGOS",ASOCIACIÓN EQUIPO MAÍZ,EXCELENTE,M3C2
20.3.13.4.05.493,10 PLAGAS DE LA GLOBALIZACIÓN NEOLIBERAL,"JOSÉ VÍCTOR AGUILAR,  MIGUEL CAVADA DIEZ, ALFREDO BURGOS",ASOCIACIÓN EQUIPO MAÍZ,EXCELENTE,M3C2
20.3.13.4.05.494,ACUERDO DE LADRONES CONTRA LAS AMÉRICAS: CONTENIDOS E IMPACTOS DEL ALCA,CÉSAR SENCIÓN VILLALONA,ASOCIACIÓN EQUIPO MAÍZ,EXCELENTE,M3C2
20.3.13.4.05.495,ACUERDO DE LADRONES CONTRA LAS AMÉRICAS: CONTENIDOS E IMPACTOS DEL ALCA,CÉSAR SENCIÓN VILLALONA,ASOCIACIÓN EQUIPO MAÍZ,EXCELENTE,M3C2
20.3.13.4.05.496,"EL MEDIO AMBIENTE: LA NATURALEZA TIENE UN EQUILIBRIO, MODULO 1","NELSON ORELLANA, MARÍA ALICIA GARCÍA, DANIELA DENYSE BRUNET",ASOCIACIÓN EQUIPO MAÍZ,EXCELENTE,M3C3
20.3.13.4.05.497,"EL MEDIO AMBIENTE: LA NATURALEZA TIENE UN EQUILIBRIO, MODULO 1","NELSON ORELLANA, MARÍA ALICIA GARCÍA, DANIELA DENYSE BRUNET",ASOCIACIÓN EQUIPO MAÍZ,EXCELENTE,M3C3
20.3.13.4.05.498,"EL MEDIO AMBIENTE: SE ROMPE EL EQUILIBRIO DE LA NATURALEZA, MODULO 2",NELSON ORELLANA Y MARÍA ALICIA GARCÍA,ASOCIACIÓN EQUIPO MAÍZ,EXCELENTE,M3C3
20.3.13.4.05.499,"EL MEDIO AMBIENTE: SE ROMPE EL EQUILIBRIO DE LA NATURALEZA, MODULO 2",NELSON ORELLANA Y MARÍA ALICIA GARCÍA,ASOCIACIÓN EQUIPO MAÍZ,EXCELENTE,M3C3
20.3.13.4.05.500,¿CÓMO QUEDÓ EL TLC?,CÉSAR SENCIÓN VILLALONA,ASOCIACIÓN EQUIPO MAÍZ ,EXCELENTE,M3C3
20.3.13.4.05.501,¿CÓMO QUEDÓ EL TLC?,CÉSAR SENCIÓN VILLALONA,ASOCIACIÓN EQUIPO MAÍZ ,EXCELENTE,M3C3
20.3.13.4.05.502,CON EL AGUA HASTA EL CUELLO: QUE TRATA DEL MÁS DESASTROSO DE LOS DESASTRES Y DE COMO PONERLE UN REMEDIO SUSTENTABLE,ÁNGEL IBARRA TURCIOS Y ULISES CAMPOS JARQUÍN,ASOCIACIÓN EQUIPO MAÍZ,EXCELENTE,M3C3
20.3.13.4.05.503,CON EL AGUA HASTA EL CUELLO: QUE TRATA DEL MÁS DESASTROSO DE LOS DESASTRES Y DE COMO PONERLE UN REMEDIO SUSTENTABLE,ÁNGEL IBARRA TURCIOS Y ULISES CAMPOS JARQUÍN,ASOCIACIÓN EQUIPO MAÍZ,EXCELENTE,M3C3
20.3.13.4.05.504,ECHANDO LA VISUAL: TECNICAS DE PLANIFICACIÓN PARA ASOCIACIONES COMUNALES,GLORIA MARINA GÓMEZ,ASOCIACIÓN EQUIPO MAÍZ,EXCELENTE,M3C3
20.3.13.4.05.505,ECHANDO LA VISUAL: TECNICAS DE PLANIFICACIÓN PARA ASOCIACIONES COMUNALES,GLORIA MARINA GÓMEZ,ASOCIACIÓN EQUIPO MAÍZ,EXCELENTE,M3C3
20.3.13.4.05.506,ABC DE GÉNERO,NORMA VÁQUEZ,ASOCIACIÓN EQUIPO MAÍZ,EXCELENTE,M3C3
20.3.13.4.05.507,ABC DE GÉNERO,NORMA VÁQUEZ,ASOCIACIÓN EQUIPO MAÍZ,EXCELENTE,M3C3
20.3.13.4.05.508,"EL CAMBIO CLIMÁTICO: DE CÓMO LAS GRANDES EMPRESAS ESTAÁN SOBRECALENTANDO LA TIERRA Y PROVOCANDO INUNDACIONES, SEQUÍAS, HAMBRE, ENFERMEDADES Y OTROS DESASTRES Y CÓMO ENFRENTARLOS","MIGUEL CAVADA DÍEZ, ÁNGEL IBARRA TURCIOS, LUIS BALMORE AMAYA, DENYSE DANIELA BRUNET, MARÍA ALICIA GARCÍA Y NELSON ORELLANA",ASOCIACIÓN EQUIPO MAÍZ,EXCELENTE,M3C3
20.3.13.4.05.509,"EL CAMBIO CLIMÁTICO: DE CÓMO LAS GRANDES EMPRESAS ESTÁN SOBRECALENTANDO LA TIERRA Y PROVOCANDO INUNDACIONES, SEQUÍAS, HAMBRE, ENFERMEDADES Y OTROS DESASTRES Y CÓMO ENFRENTARLOS","MIGUEL CAVADA DÍEZ, ÁNGEL IBARRA TURCIOS, LUIS BALMORE AMAYA, DENYSE DANIELA BRUNET, MARÍA ALICIA GARCÍA Y NELSON ORELLANA",ASOCIACIÓN EQUIPO MAÍZ,EXCELENTE,M3C3
20.3.13.4.05.510,EL NEOLIBERALISMO,"JOSÉ VÍCTOR AGUILAR, ALFREDO BURGOS, ÓSCAR CHICAS",ASOCIACIÓN EQUIPO MAÍZ,EXCELENTE,M3C3
20.3.13.4.05.511,EL NEOLIBERALISMO,"JOSÉ VÍCTOR AGUILAR, ALFREDO BURGOS, ÓSCAR CHICAS",ASOCIACIÓN EQUIPO MAÍZ,EXCELENTE,M3C3
20.3.13.4.05.512,EL SALVADOR EN NÚMEROS: INDICADORES ECONÓMICOS Y SOCIALES (CON DATOS ACTUALIZADOS DE 2018 Y 2019),CÉSAR SENCIÓN VILLALONA,ASOCIACIÓN EQUIPO MAÍZ,EXCELENTE,M3C3
20.3.13.4.05.513,EL SALVADOR EN NÚMEROS: INDICADORES ECONÓMICOS Y SOCIALES (CON DATOS ACTUALIZADOS DE 2018 Y 2019),CÉSAR SENCIÓN VILLALONA,ASOCIACIÓN EQUIPO MAÍZ,EXCELENTE,M3C3
20.3.13.4.05.514,"EL SALVADOR, 10 AÑOS DESPUÉS - UNA HISTORIA REBELADA",ASOCIACIÓN EQUIPO MAÍZ,ASOCIACIÓN EQUIPO MAÍZ,EXCELENTE,M3C3
20.3.13.4.05.515,"EL SALVADOR, 10 AÑOS DESPUÉS - UNA HISTORIA REBELADA",ASOCIACIÓN EQUIPO MAÍZ,ASOCIACIÓN EQUIPO MAÍZ,EXCELENTE,M3C3
20.3.13.4.05.516,"EL SALVADOR: EMIGRACIÓN Y REMESAS, ALIVIO DE LOS POBRES NEGOCIO DE LOS RICOS",CÉSAR SENCIÓN VILLALONA,ASOCIACIÓN EQUIPO MAÍZ,EXCELENTE,M3C3
20.3.13.4.05.517,"EL SALVADOR: EMIGRACIÓN Y REMESAS, ALIVIO DE LOS POBRES NEGOCIO DE LOS RICOS",CÉSAR SENCIÓN VILLALONA,ASOCIACIÓN EQUIPO MAÍZ,EXCELENTE,M3C3
20.3.13.4.05.518,EL TÍO CAIMÁN YA NI MENEA LA COLITA. PROBLEMAS Y ESTRATEGIAS DE ESTADOS UNIDOS,"CÉSAR AUGUSTO SENCIÓN VILLALONA, ALFREDO BURGOS",ASOCIACIÓN EQUIPO MAÍZ,EXCELENTE,M3C3
20.3.13.4.05.519,EL TÍO CAIMÁN YA NI MENEA LA COLITA. PROBLEMAS Y ESTRATEGIAS DE ESTADOS UNIDOS,"CÉSAR AUGUSTO SENCIÓN VILLALONA, ALFREDO BURGOS",ASOCIACIÓN EQUIPO MAÍZ,EXCELENTE,M3C3
20.3.13.4.05.520,EN EL CAMINO SE AREGLAN LAS CARGAS: PASOS PARA  LA ORGANIZACIÓN DE ASOCIACIONES  COMUNALES,GLORIA MARINA GÓMEZ,ASOCIACIÓN EQUIPO MAÍZ,EXCELENTE,M3C3
20.3.13.4.05.521,EN EL CAMINO SE AREGLAN LAS CARGAS: PASOS PARA  LA ORGANIZACIÓN DE ASOCIACIONES  COMUNALES,GLORIA MARINA GÓMEZ,ASOCIACIÓN EQUIPO MAÍZ,EXCELENTE,M3C3
20.3.13.4.05.522,"ESO DE ""INCORPORAR EL ENFOQUE DE GÉNERO""",EQUIPO MAÍZ,ASOCIACIÓN EQUIPO MAÍZ,EXCELENTE,M3C3
20.3.13.4.05.523,"ESO DE ""INCORPORAR EL ENFOQUE DE GÉNERO""",EQUIPO MAÍZ,ASOCIACIÓN EQUIPO MAÍZ,EXCELENTE,M3C3
20.3.13.4.05.524,FLEXIBILIZACIÓN LABORAL. ME MATAN SI NO TRABAJO Y SI TRABAJO ME MATAN,"JOSÉ VÍCTOR AGUILAR, ALFREDO BURGOS",ASOCIACIÓN EQUIPO MAÍZ,EXCELENTE,M3C3
20.3.13.4.05.525,FLEXIBILIZACIÓN LABORAL. ME MATAN SI NO TRABAJO Y SI TRABAJO ME MATAN,"JOSÉ VÍCTOR AGUILAR, ALFREDO BURGOS",ASOCIACIÓN EQUIPO MAÍZ,EXCELENTE,M3C3
20.3.13.4.05.526,"GOTA A GOTA EL AGUA SE AGOTA: QUE TRATA DE POR QUÉ SE QUEBRÓ EL CANTARO DE TANTO IR A LA CANTARERA, DE POR QUÉ LLUEVE A CÁNTAROS  Y DE CÓMO LLENAR LOS CÁNTAROS QUE ESTAN VACÍOS Y OTRAS CANTARADAS","ÁNGEL IBARRA TURCIOS, MILTON ULISES CAMPOS Y RENATO MIRA",ASOCIACIÓN EQUIPO MAÍZ,EXCELENTE,M3C3
20.3.13.4.05.527,"GOTA A GOTA EL AGUA SE AGOTA: QUE TRATA DE POR QUÉ SE QUEBRÓ EL CANTARO DE TANTO IR A LA CANTARERA, DE POR QUÉ LLUEVE A CÁNTAROS  Y DE CÓMO LLENAR LOS CÁNTAROS QUE ESTAN VACÍOS Y OTRAS CANTARADAS","ÁNGEL IBARRA TURCIOS, MILTON ULISES CAMPOS Y RENATO MIRA",ASOCIACIÓN EQUIPO MAÍZ,EXCELENTE,M3C3
20.3.13.4.05.528,HABLANDO SE ENTIENDE LA GENTE: TEMAS Y DINÁMICAS PARA PROMOVER LA ORGANIZACIÓN COMUNAL,GLORIA MARINA GÓMEZ,ASOCIACIÓN EQUIPO MAÍZ,EXCELENTE,M3C3
20.3.13.4.05.529,HABLANDO SE ENTIENDE LA GENTE: TEMAS Y DINÁMICAS PARA PROMOVER LA ORGANIZACIÓN COMUNAL,GLORIA MARINA GÓMEZ,ASOCIACIÓN EQUIPO MAÍZ,EXCELENTE,M3C3
20.3.13.4.05.530,HISTORIA DE EL SALVADOR,EQUIPO MAÍZ,ASOCIACIÓN EQUIPO MAÍZ,EXCELENTE,M3C3
20.3.13.4.05.531,HISTORIA DE EL SALVADOR,EQUIPO MAÍZ,ASOCIACIÓN EQUIPO MAÍZ,EXCELENTE,M3C3
20.3.1.4.05.532,HISTORIA UNIVERSAL I. HISTORIA ANTIGUA Y MEDIEVAL,LILIÁM MOREIRA DE LIMA,EDICIONES IMAGEN CONTEMPORÁNEA,EXCELENTE,M3C3
20.3.1.4.05.533,HISTORIA UNIVERSAL I. HISTORIA ANTIGUA Y MEDIEVAL,LILIÁM MOREIRA DE LIMA,EDICIONES IMAGEN CONTEMPORÁNEA,EXCELENTE,M3C3
20.3.1.4.05.534,"HISTORIA UNIVERSAL II. EL MUNDO EN LA ÉPOCA MODERNA, SIGLOS XVII - XVIII",CONSTANTINO TORRES FUMERO,EDICIONES IMAGEN CONTEMPORÁNEA,EXCELENTE,M3C3
20.3.1.4.05.535,"HISTORIA UNIVERSAL II. EL MUNDO EN LA ÉPOCA MODERNA, SIGLOS XVII - XVIII",CONSTANTINO TORRES FUMERO,EDICIONES IMAGEN CONTEMPORÁNEA,EXCELENTE,M3C3
20.3.1.4.05.536,"HISTORIA UNIVERSAL III. EL MUNDO EN LA ÉPOCA MODERNA, SIGLO XIX",CONSTANTINO TORRES FUMERO,EDICIONES IMAGEN CONTEMPORÁNEA,EXCELENTE,M3C3
20.3.1.4.05.537,"HISTORIA UNIVERSAL III. EL MUNDO EN LA ÉPOCA MODERNA, SIGLO XIX",CONSTANTINO TORRES FUMERO,EDICIONES IMAGEN CONTEMPORÁNEA,EXCELENTE,M3C3
20.3.1.4.05.538,"HISTORIA UNIVERSAL IV. EL MUNDO EN EL SIGLO XX, 1900 - 1945",EVELIO DÍAZ LEZCANO,EDICIONES IMAGEN CONTEMPORÁNEA,EXCELENTE,M3C3
20.3.1.4.05.539,"HISTORIA UNIVERSAL IV. EL MUNDO EN EL SIGLO XX, 1900 - 1946",EVELIO DÍAZ LEZCANO,EDICIONES IMAGEN CONTEMPORÁNEA,EXCELENTE,M3C4
20.3.1.4.05.540,IMPACTOS DE LOS TLC: BALANCE DE LO SUCEDIDO DEL 2001 AL 2007,CÉSAR SENCIÓN VILLALONA,ASOCIACIÓN EQUIPO MAÍZ,EXCELENTE,M3C4
20.3.1.4.05.541,IMPACTOS DE LOS TLC: BALANCE DE LO SUCEDIDO DEL 2001 AL 2008,CÉSAR SENCIÓN VILLALONA,ASOCIACIÓN EQUIPO MAÍZ,EXCELENTE,M3C4
20.3.13.4.05.542,LA CASA DE ADOBE SISMORRESISTENTE: QUE TRATA DE CÓMO CONSTRUIR UNA CASA DE ADOBE QUE RESISTA MEJOR A LOS SISMOS,DENYSE G. BRUNET Y MIGUEL CAVADA DÍEZ,ASOCIACIÓN EQUIPO MAÍZ,EXCELENTE,M3C4
20.3.13.4.05.543,LA CASA DE ADOBE SISMORRESISTENTE: QUE TRATA DE CÓMO CONSTRUIR UNA CASA DE ADOBE QUE RESISTA MEJOR A LOS SISMOS,DENYSE G. BRUNET Y MIGUEL CAVADA DÍEZ,ASOCIACIÓN EQUIPO MAÍZ,EXCELENTE,M3C4
20.3.13.4.05.544,LA COMPOSICION SOCIAL DE EL SALVADOR,CÉSAR SENCIÓN VILLALONA, ASOCIACIÓN EQUIPO MAÍZ,EXCELENTE,M3C4
20.3.13.4.05.545, LA COMPOSICION SOCIAL DE EL SALVADOR, CÉSAR SENCIÓN VILLALONA,ASOCIACIÓN EQUIPO MAÍZ,EXCELENTE,M3C4
20.3.13.4.05.546,LA DEUDA EXTERNA,"CÉSAR AUGUSTO SENCIÓN VILLALONA, ALFREDO BURGOS",ASOCIACIÓN EQUIPO MAÍZ,EXCELENTE,M3C4
20.3.13.4.05.547,LA DEUDA EXTERNA,"CÉSAR AUGUSTO SENCIÓN VILLALONA, ALFREDO BURGOS",ASOCIACIÓN EQUIPO MAÍZ,EXCELENTE,M3C4
20.3.13.4.05.548,GLOBALIZACIÓN DE LA ECONOMÍA,"JOAQUÍN ARRIOLA, JOSÉ VÍCTOR AGUILAR, ALFREDO BURGOS, OSCAR CHICAS",ASOCIACIÓN EQUIPO MAÍZ,EXCELENTE,M3C4
20.3.13.4.05.549,GLOBALIZACIÓN DE LA ECONOMÍA,"JOAQUÍN ARRIOLA, JOSÉ VÍCTOR AGUILAR, ALFREDO BURGOS, OSCAR CHICAS",ASOCIACIÓN EQUIPO MAÍZ,EXCELENTE,M3C4
20.3.13.4.05.550,LA NUEVA SOCIEDAD VIENE Y VIENE CON PRISA: SELECCIÓN DE TEXTOS DE MONSEÑOR ROMERO,MIGUEL CAVADA DIEZ,ASOCIACIÓN EQUIPO MAÍZ,EXCELENTE,M3C4
20.3.13.4.05.551,LA NUEVA SOCIEDAD VIENE Y VIENE CON PRISA: SELECCIÓN DE TEXTOS DE MONSEÑOR ROMERO,MIGUEL CAVADA DIEZ,ASOCIACIÓN EQUIPO MAÍZ,EXCELENTE,M3C4
20.3.13.4.05.552,LA ORGANIZACIÓN DE LAS MUJERES - DIFICULTADES Y PISTAS DE SOLUCIONES,"ANDREA D'ATRI, MARÍA ALICIA GARCÍA, DANIELA DENYSE BRUNET",ASOCIACIÓN EQUIPO MAÍZ,EXCELENTE,M3C4
20.3.13.4.05.553,LA ORGANIZACIÓN DE LAS MUJERES - DIFICULTADES Y PISTAS DE SOLUCIONES,"ANDREA D'ATRI, MARÍA ALICIA GARCÍA, DANIELA DENYSE BRUNET",ASOCIACIÓN EQUIPO MAÍZ,EXCELENTE,M3C4
20.3.13.4.05.554,LA PLAGA PARA LA GENTE POBRE: EL PLAN PUEBLA PANAMÁ,RAÚL MORENO,ASOCIACIÓN EQUIPO MAÍZ,EXCELENTE,M3C4
20.3.13.4.05.555,LA PLAGA PARA LA GENTE POBRE: EL PLAN PUEBLA PANAMÁ,RAÚL MORENO,ASOCIACIÓN EQUIPO MAÍZ,EXCELENTE,M3C4
20.3.13.4.05.556,LA PRIVATIZACIÓN O EL NUEVO COLONIALISMO,"JOSÉ VÍCTOR AGUILAR,  MIGUEL CAVADA DIEZ, ALFREDO BURGOS, EDWIN RENATO MIRA",ASOCIACIÓN EQUIPO MAÍZ,EXCELENTE,M3C4
20.3.13.4.05.557,LA PRIVATIZACIÓN O EL NUEVO COLONIALISMO,"JOSÉ VÍCTOR AGUILAR,  MIGUEL CAVADA DIEZ, ALFREDO BURGOS, EDWIN RENATO MIRA",ASOCIACIÓN EQUIPO MAÍZ,EXCELENTE,M3C4
20.3.13.4.05.558,LA REGLA: ¿UNA SANGRE DIFERENTE?,"GLORIA MARINA GÓMEZ, MARÍA ALICIA GARCÍA, EDWIN RENATO MIRA MARTÍNEZ",ASOCIACIÓN EQUIPO MAÍZ,EXCELENTE,M3C4
20.3.13.4.05.559,LA REGLA: ¿UNA SANGRE DIFERENTE?,"GLORIA MARINA GÓMEZ, MARÍA ALICIA GARCÍA, EDWIN RENATO MIRA MARTÍNEZ",ASOCIACIÓN EQUIPO MAÍZ,EXCELENTE,M3C4
20.3.13.4.05.560,LA SEXUALIDAD Y LA PAREJA: UN CAMINO LARGO QUE HAY QUE RECORRER PARA ENTENDER EN LA CAMA ... Y FUERA DE ELLA,NORMA VÁZQUEZ Y OTTO MEZA,ASOCIACIÓN EQUIPO MAÍZ,EXCELENTE,M3C4
20.3.13.4.05.561,LA SEXUALIDAD Y LA PAREJA: UN CAMINO LARGO QUE HAY QUE RECORRER PARA ENTENDER EN LA CAMA ... Y FUERA DE ELLA,NORMA VÁZQUEZ Y OTTO MEZA,ASOCIACIÓN EQUIPO MAÍZ,EXCELENTE,M3C4
20.3.13.4.05.562,LA TELA DE LA HONRA. DE CÓMO Y POR QUÉ SE EXIGE LA VIRGINIDAD A LAS MUJERES,"GLORIA MARINA GÓMEZ, MARÍA ALICIA GARCÍA, IVETH VELASCO, NESTOR TORRES Y OSCAR CHICAS",ASOCIACIÓN EQUIPO MAÍZ,EXCELENTE,M3C4
20.3.13.4.05.563,LA TELA DE LA HONRA. DE CÓMO Y POR QUÉ SE EXIGE LA VIRGINIDAD A LAS MUJERES,"GLORIA MARINA GÓMEZ, MARÍA ALICIA GARCÍA, IVETH VELASCO, NESTOR TORRES Y OSCAR CHICAS",ASOCIACIÓN EQUIPO MAÍZ,EXCELENTE,M3C4
20.3.13.4.05.564,TÉCNICAS PARA EL ANÁLISIS DE GÉNERO,ALICIA RODRÍGUEZ Y EDWIN RENATO MIRA,ASOCIACIÓN EQUIPO MAÍZ,EXCELENTE,M3C4
20.3.13.4.05.565,TÉCNICAS PARA EL ANÁLISIS DE GÉNERO,ALICIA RODRÍGUEZ Y EDWIN RENATO MIRA,ASOCIACIÓN EQUIPO MAÍZ,EXCELENTE,M3C4
20.3.13.4.05.566,LIBRE COMERCIO: LIBERTINAJE DE LAS TRANSNACIONALES,"JOSÉ VÍCTOR AGUILAR, MIGUEL CAVADA DIEZ, ALFREDO BURGOS Y EDWIN RENATO MIRA",ASOCIACIÓN EQUIPO MAÍZ,EXCELENTE,M3C4
20.3.13.4.05.567,LIBRE COMERCIO: LIBERTINAJE DE LAS TRANSNACIONALES,"JOSÉ VÍCTOR AGUILAR, MIGUEL CAVADA DIEZ, ALFREDO BURGOS Y EDWIN RENATO MIRA",ASOCIACIÓN EQUIPO MAÍZ,EXCELENTE,M3C4
20.3.13.4.05.568,ACUERDOS DE PAZ EN EL SALVADOR,ALFREDO BURGOS,ASOCIACIÓN EQUIPO MAÍZ,EXCELENTE,M3C4
20.3.13.4.05.569,ACUERDOS DE PAZ EN EL SALVADOR,ALFREDO BURGOS,ASOCIACIÓN EQUIPO MAÍZ,EXCELENTE,M3C4
20.3.13.4.05.570,LOS DESASTRES NO SON NATURALES,"MARVIN HERNÁNDEZ, EDGAR ROMERO Y SUSAN CAREN GREENBLATT",ASOCIACIÓN EQUIPO MAÍZ,EXCELENTE,M3C4
20.3.13.4.05.571,LOS DESASTRES NO SON NATURALES,"MARVIN HERNÁNDEZ, EDGAR ROMERO Y SUSAN CAREN GREENBLATT",ASOCIACIÓN EQUIPO MAÍZ,EXCELENTE,M3C4
20.3.13.4.05.572,LOS MÁS RICOS DE EL SALVADOR,"JOSÉ  VÍCTOR AGUILAR, EDWIN RENATO MIRA",ASOCIACIÓN EQUIPO MAÍZ,EXCELENTE,M3C4
20.3.13.4.05.573,LOS MÁS RICOS DE EL SALVADOR,"JOSÉ  VÍCTOR AGUILAR, EDWIN RENATO MIRA",ASOCIACIÓN EQUIPO MAÍZ,EXCELENTE,M3C4
20.3.13.4.05.574,LOS ÓRGANOS GENITALES Y REPRODUCTORES,"GLORIA MARINA GÓMEZ, DOLORES IVETH VELASCO, MARÍA ALICIA GARCÍA Y NESTOR TORRES",ASOCIACIÓN EQUIPO MAÍZ,EXCELENTE,M3C4
20.3.13.4.05.575,LOS ÓRGANOS GENITALES Y REPRODUCTORES,"GLORIA MARINA GÓMEZ, DOLORES IVETH VELASCO, MARÍA ALICIA GARCÍA Y NESTOR TORRES",ASOCIACIÓN EQUIPO MAÍZ,EXCELENTE,M3C4
20.3.13.4.05.576,MAL TRATADAS DEL LIBRE COMERCIO: IMPACTOS DEL TLC EN LAS MUJERES,JULIA MARÍA AGUILAR PEREIRA,ASOCIACIÓN EQUIPO MAÍZ,EXCELENTE,M3C4
20.3.13.4.05.577,MAL TRATADAS DEL LIBRE COMERCIO: IMPACTOS DEL TLC EN LAS MUJERES,JULIA MARÍA AGUILAR PEREIRA,ASOCIACIÓN EQUIPO MAÍZ,EXCELENTE,M3C4
20.3.13.4.05.578,MAL TRATADOS DEL LIBRE COMERCIO: 47 PREGUNTAS SOBRE LOS TLC,ROBERTO GOCHEZ Y ALFREDO BURGOS,ASOCIACIÓN EQUIPO MAÍZ,EXCELENTE,M3C4
20.3.13.4.05.579,MAL TRATADOS DEL LIBRE COMERCIO: 47 PREGUNTAS SOBRE LOS TLC,ROBERTO GOCHEZ Y ALFREDO BURGOS,ASOCIACIÓN EQUIPO MAÍZ,EXCELENTE,M3C4
20.3.13.4.05.580,METIENDO LA CUCHARA: PASOS PARA LA ORGANIZACIÓN DE ASOCIACIONES COMUNALES,GLORIA MARINA GÓMEZ,ASOCIACIÓN EQUIPO MAÍZ,EXCELENTE,M3C4
20.3.13.4.05.581,METIENDO LA CUCHARA: PASOS PARA LA ORGANIZACIÓN DE ASOCIACIONES COMUNALES,GLORIA MARINA GÓMEZ,ASOCIACIÓN EQUIPO MAÍZ,EXCELENTE,M3C4
20.3.13.4.05.582,NUESTRA COMUNIDAD ES ASÍ: TÉCNICAS DE DIAGNÓTICO CON ASOCIACIONES COMUNALES,GLORIA MARINA GÓMEZ Y MARÍA ALICIA GARCÍA,ASOCIACIÓN EQUIPO MAÍZ,EXCELENTE,M3C4
20.3.13.4.05.583,NUESTRA COMUNIDAD ES ASÍ: TÉCNICAS DE DIAGNÓTICO CON ASOCIACIONES COMUNALES,GLORIA MARINA GÓMEZ Y MARÍA ALICIA GARCÍA,ASOCIACIÓN EQUIPO MAÍZ,EXCELENTE,M3C4
20.3.13.4.05.584,PARA QUE LAS MUJERES TOMEN LA PALABRA,"ANDREA D'ATRI, DANIELA DENYSE BRUNET",ASOCIACIÓN EQUIPO MAÍZ,EXCELENTE,M3C4
20.3.13.4.05.585,PARA QUE LAS MUJERES TOMEN LA PALABRA,"ANDREA D'ATRI, DANIELA DENYSE BRUNET",ASOCIACIÓN EQUIPO MAÍZ,EXCELENTE,M3C4
20.3.13.4.05.586,PROGRAMA DESAJUSTE ESTRUCTURAL Y SUS IMPACTOS EN EL SALVADOR,CÉSAR SENCIÓN VILLALONA,ASOCIACIÓN EQUIPO MAÍZ,EXCELENTE,M3C4
20.3.13.4.05.587,PROGRAMA DESAJUSTE ESTRUCTURAL Y SUS IMPACTOS EN EL SALVADOR,CÉSAR SENCIÓN VILLALONA,ASOCIACIÓN EQUIPO MAÍZ,EXCELENTE,M3C4
20.3.13.4.05.588,¿QÚE ES LA SEXUALIDAD?,DANIEL IRAHETA,ASOCIACIÓN EQUIPO MAÍZ,EXCELENTE,M3C4
20.3.13.4.05.589,¿QÚE ES LA SEXUALIDAD?,DANIEL IRAHETA,ASOCIACIÓN EQUIPO MAÍZ,EXCELENTE,M3C4
20.3.13.4.05.590,ROMERO,ELMER ROMERO,ASOCIACIÓN EQUIPO MAÍZ,EXCELENTE,M3C4
20.3.13.4.05.591,ROMERO,ELMER ROMERO,ASOCIACIÓN EQUIPO MAÍZ,EXCELENTE,M3C4
20.3.13.4.05.592,"ROMERO ""¡CESE LA REPRESIÓN!"" 1917 - 1980",MIGUEL CAVADA DIEZ,ASOCIACIÓN EQUIPO MAÍZ,EXCELENTE,M3C4
20.3.13.4.05.593,"ROMERO ""¡CESE LA REPRESIÓN!"" 1917 - 1980",MIGUEL CAVADA DIEZ,ASOCIACIÓN EQUIPO MAÍZ,EXCELENTE,M3C4
20.3.13.4.05.594,DISCRIMINACIONES Y DESIGUALDADES CONTRA LAS MUJERES - TÉCNICAS PARA EL ANÁLISIS DE LA VIOLENCIA ESTRUCTURAL CONTRA LAS MUJERESPOR SER MUJERES,"MARÍA ALICIA GARCÍA, ANA MIRIAM HERNÁNDEZ, MAIRA BEATRIZ RECINOS MONGE, DENYSE BRUNET, IVETH VELASCO, NELSON ORELLANA, ROBERTO VEGA.",ASOCIACIÓN EQUIPO MAÍZ,EXCELENTE,M3C4
20.3.13.4.05.595,DISCRIMINACIONES Y DESIGUALDADES CONTRA LAS MUJERES - TÉCNICAS PARA EL ANÁLISIS DE LA VIOLENCIA ESTRUCTURAL CONTRA LAS MUJERESPOR SER MUJERES,"MARÍA ALICIA GARCÍA, ANA MIRIAM HERNÁNDEZ, MAIRA BEATRIZ RECINOS MONGE, DENYSE BRUNET, IVETH VELASCO, NELSON ORELLANA, ROBERTO VEGA.",ASOCIACIÓN EQUIPO MAÍZ,EXCELENTE,M3C4
20.3.13.4.05.596,"VAMOS A JUGAR: JUEGOS Y DINÁMICAS PARA LA EDUCACIÓN, N0. 1","GLORIA MARINA GÓMEZ, ALFREDO VICENTE, EDWIN RENATO MIRA",ASOCIACIÓN EQUIPO MAÍZ,EXCELENTE,M3C4
20.3.13.4.05.597,"VAMOS A JUGAR: JUEGOS Y DINÁMICAS PARA LA EDUCACIÓN, N0. 1","GLORIA MARINA GÓMEZ, ALFREDO VICENTE, EDWIN RENATO MIRA",ASOCIACIÓN EQUIPO MAÍZ,EXCELENTE,M3C4
20.3.13.4.05.598,"VAMOS A JUGAR CON MIGUEL: JUEGOS Y DINÁMICAS PARA LA EDUCACIÓN, N0. 4","MARÍA ALICIA GARCÍA, CARLOS GARCÍA, ALFREDO BURGOS",ASOCIACIÓN EQUIPO MAÍZ,EXCELENTE,M3C4
20.3.13.4.05.599,"VAMOS A JUGAR CON MIGUEL: JUEGOS Y DINÁMICAS PARA LA EDUCACIÓN, N0. 4","MARÍA ALICIA GARCÍA, CARLOS GARCÍA, ALFREDO BURGOS",ASOCIACIÓN EQUIPO MAÍZ,EXCELENTE,M3C4
20.3.13.4.05.600,"VAMOS A JUGAR DE NUEVO: JUEGOS Y DINÁMICAS PARA LA EDUCACIÓN, NO. 3","GLORIA GÓMEZ, ALICIA GARCÍA Y ALFREDO BURGOS",ASOCIACIÓN EQUIPO MAÍZ,EXCELENTE,M3C4
20.3.13.4.05.601,"VAMOS A JUGAR DE NUEVO: JUEGOS Y DINÁMICAS PARA LA EDUCACIÓN, NO. 3","GLORIA GÓMEZ, ALICIA GARCÍA Y ALFREDO BURGOS",ASOCIACIÓN EQUIPO MAÍZ,EXCELENTE,M3C4
20.3.13.4.05.602,"VAMOS A JUGAR OTRA VEZ: JUEGOS Y DINÁMICAS PARA LA EDUCACIÓN, N0 2","GLORIA GÓMEZ, ALFREDO VICENTE Y ALFREDO BURGOS",ASOCIACIÓN EQUIPO MAÍZ,EXCELENTE,M3C4
20.3.13.4.05.603,"VAMOS A JUGAR OTRA VEZ: JUEGOS Y DINÁMICAS PARA LA EDUCACIÓN, N0 2","GLORIA GÓMEZ, ALFREDO VICENTE Y ALFREDO BURGOS",ASOCIACIÓN EQUIPO MAÍZ,EXCELENTE,M3C4
20.3.13.4.05.604,VIDA DE FARABUNDO MARTÍ 1893 - 1932,FIDEL CAMPOS SORTO Y CÉSAR SENCIÓN VILLALONA,ASOCIACIÓN EQUIPO MAÍZ,EXCELENTE,M3C4
20.3.13.4.05.605,VIDA DE FARABUNDO MARTÍ 1893 - 1932,FIDEL CAMPOS SORTO Y CÉSAR SENCIÓN VILLALONA,ASOCIACIÓN EQUIPO MAÍZ,EXCELENTE,M3C4
20.3.13.4.05.606,VIDA DE SAN ROMERO DE AMÉRICA 1917 - 1980,MIGUEL CAVADA,ASOCIACIÓN EQUIPO MAÍZ,EXCELENTE,M3C4
20.3.13.4.05.607,VIDA DE SAN ROMERO DE AMÉRICA 1917 - 1981,MIGUEL CAVADA,ASOCIACIÓN EQUIPO MAÍZ,EXCELENTE,M3C4
20.3.13.4.05.608,VIDA DE TULA ALVARENGA 1940 - 1970,"DANIELA BRUNET, FIDEL CAMPOS, ELAINE FREEDMAN Y CARLOS MELGAR",ASOCIACIÓN EQUIPO MAÍZ,EXCELENTE,M3C4
20.3.13.4.05.609,VIDA DE TULA ALVARENGA 1940 - 1970,"DANIELA BRUNET, FIDEL CAMPOS, ELAINE FREEDMAN Y CARLOS MELGAR",ASOCIACIÓN EQUIPO MAÍZ,EXCELENTE,M3C4
20.3.13.4.05.1219,GUÍA MÉDICA FAMILIAR,LEXUS EDITORES,LEXUS EDITORES,EXCELENTE,M3C5
20.3.13.4.05.1220,PERIODONCIA CLÍNICA E IMPLANTOLOGÍA ORAL,ANTONIO BASCONES MARTÍNEZ,EDICIONES AVANCES,EXCELENTE,M3C5
20.3.13.4.05.1221,VIOLENCIA EN LA ESCUELA: PREVENCIÓN PARA CRECER EN VALORES,ANA MARÍA LEVA,LANDEIRA EDICIONES,EXCELENTE,M3C5
20.3.13.4.05.1222,EDUCACIÓN ESPECIAL - INTEGRACIÓN EN LA ESCUELA,"MARIANA BRUZZO, ESTHER HALPERIN, CRISTINA LANCI.",CADIEX INTERNACIONAL,EXCELENTE,M3C5
20.3.13.4.05.1223,DIDÁCTICA GRUPAL: ESTRATEGIAS DE APRENDIZAJE COLABORATIVO 1° NIVEL,IRENE OSTROVSKY Y ALEJANDRA ERBITI,CADIEX INTERNACIONAL,EXCELENTE,M3C5
20.3.13.4.05.1224,DIDÁCTICA GRUPAL: ESTRATEGIAS DE APRENDIZAJE COLABORATIVO 2° NIVEL,IRENE OSTROVSKY Y ALEJANDRA ERBITI,CADIEX INTERNACIONAL,EXCELENTE,M3C5
20.3.13.4.05.1225,LOS NIÑOS GENIALES: EL LIBRO DE MIS PRIMEROS PASOS,ALEJANDRA ERBITI,CÍRCULO LATINO AUSTRAL,EXCELENTE,M3C5
20.3.13.4.05.1225,LOS NIÑOS GENIALES: EL LIBRO DE MIS PRIMEROS PASOS,ALEJANDRA ERBITI,CÍRCULO LATINO AUSTRAL,EXCELENTE,M3C5
20.3.13.4.05.1226,HIJOS FELICES: ESTRATEGIAS PARA DESARROLLAR HABILIDADES SOCIALES EN LOS NIÑOS,MARÍA ELENA LÓPEZ JORDAN,LEXUS EDITORES,EXCELENTE,M3C5
20.3.13.4.05.1227,MANUAL DE WINDOWS 7,DEPARTAMENTO DE CREACIÓN EDITORIAL DE LEXUS EDITORES,LEXUS EDITORES,EXCELENTE,M3C5
20.3.13.4.05.1228,ENCICLOPEDIA INICIAL YO APRENDO,DIANA TORELLO,CULTURAL LIBRERA AMERICANA,EXCELENTE,M3C5
20.3.13.4.05.1229,"ESCUELA PARA MAESTROS, ENCICLOPEDIA DE PEDAGOGÍA PRÁCTICA",LUIS ROBERTO BARONE,CADIEX INTERNACIONAL,EXCELENTE,M3D1
20.3.13.4.05.1230,DICCIONARIO ENCICLOPÉDICO DE EDUCACIÓN,ISABEL MARTÍ CASTRO,EDICIONES CEAC,EXCELENTE,M3D1
20.3.13.4.05.1231,CÓMO MEJORAR EL APRENDIZAJE EN EL AULA Y PODER EVALUARLO,NANCY FALIERES Y MARCELA ANTOLIN,CADIEX INTERNACIONAL,EXCELENTE,M3D1
20.3.13.4.05.1232,TRASTORNOS DEL LENGUAJE. DETECCIÓN Y TRATAMIENTO EN EL AULA,MARÍA LAURA ALESSANDRI,LANDEIRA EDICIONES,EXCELENTE,M3D1
20.3.13.4.05.1233,SABORIZANTES Y SALUDABLE - LAS HIERBAS AROMÁTICAS,ADRIÁN R. PICCOLO,CULTURAL LIBRERA AMERICANA,EXCELENTE,M3D1
20.3.13.4.05.1234,CONSEJERO MÉDICO FAMILIAR - CONSEJOS PRÁCTICOS DE SALUD PARA TODA LA FAMILIA,THEMA EQUIPO EDITORIAL,LEXUS EDITORES,EXCELENTE,M3D1
20.3.13.4.05.1235,CONSEJERO MÉDICO FAMILIAR - CONSEJOS PRÁCTICOS DE SALUD PARA TODA LA FAMILIA,THEMA EQUIPO EDITORIAL,LEXUS EDITORES,EXCELENTE,M3D1
20.3.13.4.05.1236,LAS MIL Y UNA IDEAS PARA LA MUJER DE HOY,GEORGINA GARCÍA BARAJAS,EDICIONES EUROMÉXICO S.A. DE C.V.,"BUEN ESTADO, TAPA UN POCO DAÑADA",M3D1
20.3.13.4.05.1237,LAS MIL Y UNA IDEAS PARA LA MUJER DE HOY,GEORGINA GARCÍA BARAJAS,EDICIONES EUROMÉXICO S.A. DE C.V.,EXCELENTE,M3D1
20.3.13.4.05.1238,GUÍA DE LOS SÍNTOMAS - CAUSAS Y TRATAMIENTOS,"EMMANUEL CUZIN, GÉRARD DANAU, MICHÈLE FERROUL, YVES FERROUL, DOMINIQUE GUÉRET, PHILIPPE LETONTURIER, JÖELLE MOLINA, SYLVIE RIOU, MARC ZAFFRAN, PIERRE VICAN.",ÉDITIONS PHILIPPE AUZOU/LEXUS EDITORES,EXCELENTE,M3D2
20.3.13.4.05.1239,GUÍA DE LOS SÍNTOMAS - CAUSAS Y TRATAMIENTOS,"EMMANUEL CUZIN, GÉRARD DANAU, MICHÈLE FERROUL, YVES FERROUL, DOMINIQUE GUÉRET, PHILIPPE LETONTURIER, JÖELLE MOLINA, SYLVIE RIOU, MARC ZAFFRAN, PIERRE VICAN.",ÉDITIONS PHILIPPE AUZOU/LEXUS EDITORES,EXCELENTE,M3D2
20.3.13.4.05.1240,TODOS AL PATIO. JUEGOS GRUPALES PARA LA EDUCACIÓN FÍSICA,"MARIELA COLLDEFORMS, MARÍA LAURA MORENO Y VANESA NARVARTE",LANDEIRA EDICIONES,EXCELENTE,M3D2
20.3.13.4.05.1241,"NUEVAS TÉCNICAS DE MAQUILLAJE, PASO A PASO",DEPARTAMENTO DE CREACIÓN EDITORIAL DE LEXUS EDITORES,LEXUS EDITORES,EXCELENTE,M3D2
20.3.13.4.05.1242,"NUEVAS TÉCNICAS DE MAQUILLAJE, PASO A PASO",DEPARTAMENTO DE CREACIÓN EDITORIAL DE LEXUS EDITORES,LEXUS EDITORES,EXCELENTE,M3D2
20.3.13.4.05.1243,"NUEVAS TÉCNICAS DE CORTE, COLOR Y PEINADO MASCULINO, PASO A PASO",JOSEP M. MINGUET,LEXUS EDITORES,EXCELENTE,M3D2
20.3.13.4.05.1244,"NUEVAS TÉCNICAS DE CORTE, COLOR Y PEINADO MASCULINO, PASO A PASO",JOSEP M. MINGUET,LEXUS EDITORES,EXCELENTE,M3D2
20.3.13.4.05.1245,DECORACIÓN DE TORTAS Y SOUVENIRS,MELINA GLESMANN,LANDEIRA EDICIONES,EXCELENTE,M3D2
20.3.13.4.05.1246,DECORACIÓN DE TORTAS Y SOUVENIRS,MELINA GLESMANN,LANDEIRA EDICIONES,EXCELENTE,M3D2
20.3.13.4.05.1247,DECORACIÓN DE TORTAS Y SOUVENIRS,MELINA GLESMANN,LANDEIRA EDICIONES,EXCELENTE,M3D2
20.3.13.4.05.1248,"GUÍA VISUAL DEL MUNDO VEGETAL: DESCUBRE COMO NACEN, VIVEN Y SE REPRODUCEN LOS INTEGRANTES DEL FASCINANTE REINO VEGETAL",ADRIANA CUENCA,CULTURAL LIBRERA AMERICANA,EXCELENTE,M3D2
20.3.13.4.05.1249,POSTRES LIGHT,DEPARTAMENTO DE CREACIÓN DE LEXUS EDITORES,LEXUS EDITORES,EXCELENTE,M3D2
20.3.13.4.05.1250,ESCULTURAS EN FRUTAS Y VERDURAS,ANTONIO ESPINOZA JURADO,LEXUS EDITORES,EXCELENTE,M3D2
20.3.13.4.05.1251,LA COCINA JAPONESA Y NIKKEI,CARLOS YISHIMITO,LEXUS EDITORES,EXCELENTE,M3D2
20.3.13.4.05.1252,TALLADO DE FRUTAS Y VERDURAS,OSCAR REYES MELÉNDEZ,LEXUS EDITORES,EXCELENTE,M3D2
20.3.13.4.05.1253,TALLADO DE FRUTAS Y VERDURAS,OSCAR REYES MELÉNDEZ,LEXUS EDITORES,EXCELENTE,M3D2
20.3.13.4.05.1254,"SOPAS, CREMAS Y POTAJES",ROSANNA DEL SOLAR,LEXUS EDITORES,EXCELENTE,M3D3
20.3.13.4.05.1255,COCTELES,JORGE ARTURO KANASHIRO CASTAÑEDA,LEXUS EDITORES,EXCELENTE,M3D3
20.3.13.4.05.1256,COCTELES,JORGE ARTURO KANASHIRO CASTAÑEDA,LEXUS EDITORES,EXCELENTE,M3D3
20.3.13.4.05.1257,LAS MEJORES RECETAS CON CHOCOLATE,GIOVANNA MAGGIOLO,LEXUS EDITORES,EXCELENTE,M3D3
20.3.13.4.05.1258,LAS MEJORES RECETAS CON CHOCOLATE,GIOVANNA MAGGIOLO,LEXUS EDITORES,EXCELENTE,M3D3
20.3.13.4.05.1259,COCINA A LA PARRILLA,GRACIELA SKILTON,LEXUS EDITORES,EXCELENTE,M3D3
20.3.13.4.05.1260,COCINA A LA PARRILLA,GRACIELA SKILTON,LEXUS EDITORES,EXCELENTE,M3D3
20.3.13.4.05.1261,POSTRES,DEPARTAMENTO DE CREACIÓN DE LEXUS EDITORES,LEXUS EDITORES,EXCELENTE,M3D3
20.3.13.4.05.1262,POSTRES,DEPARTAMENTO DE CREACIÓN DE LEXUS EDITORES,LEXUS EDITORES,EXCELENTE,M3D3
20.3.13.4.05.1263,ECO - MANUALIDADES,JOSEP M. MINGUET,LEXUS EDITORES,EXCELENTE,M3D3
20.3.13.4.05.1264,COMPLEJOS RESIDENCIALES. ARQUITECTURA ACTUAL,INSTITUTO MONSA DE EDICIONES,INSTITUTO MONSA DE EDICIONES,EXCELENTE,M3D3
20.3.13.4.05.1265,PROYECTOS CREATIVOS PARA BAÑOS & COCINAS,SANDRA MOYA,LEXUS EDITORES,EXCELENTE,M3D3
20.3.13.4.05.1266,EDIFICIOS DE APARTAMENTOS,INSTITUTO MONSA DE EDICIONES,INSTITUTO MONSA DE EDICIONES,EXCELENTE,M3D3
20.3.13.4.05.1267,PUERTAS DE MADERA. DOORS OF WOODS,JUAN B. LORENTE HERRERA,LEXUS EDITORES,EXCELENTE,M3D3
20.3.13.4.05.1268,INTERIORES DOMÉSTICOS. ARQUITECTURA ACTUAL,INSTITUTO MONSA DE EDICIONES,INSTITUTO MONSA DE EDICIONES,EXCELENTE,M3D3
20.3.13.4.05.1269,INTERIORES DOMÉSTICOS. ARQUITECTURA ACTUAL,INSTITUTO MONSA DE EDICIONES,INSTITUTO MONSA DE EDICIONES,EXCELENTE,M3D3
20.3.13.4.05.1270,MODERNOS APARTAMENTOS,SANDRA MOYA,LEXUS EDITORES,EXCELENTE,M3D3
20.3.13.4.05.1271,MODERNOS APARTAMENTOS,SANDRA MOYA,LEXUS EDITORES,EXCELENTE,M3D4
20.3.13.4.05.1272,DISEÑO DE JOYERIA: PASO A PASO,LOU ANDREA SAVOIR,LEXUS EDITORES,EXCELENTE,M3D4
20.3.13.4.05.1273,"RECETAS NUTRITIVAS PARA BEBÉS, NIÑOS Y ADOLESCENTES",DEPARAMENTO DE CREACIÓN DE LEXUS EDITORES,LEXUS EDITORES,EXCELENTE,M3D4
20.3.13.4.05.1274,CREATIVA: IDEAS PARA TODA OCACIÓN,IGNACIO FISAS,LEXUS EDITORES,EXCELENTE,M3D4
20.3.13.4.05.1275,"PARRILLAS, ASADOS Y BRASAS",ROSANNA DEL SOLAR,LEXUS EDITORES,EXCELENTE,M3D4
20.3.13.4.05.1276,EDUCACIÓN FÍSICA EN EL DESCAPACITADO. UN RECORRIDO HACIA LA POSIBILIDAD,MARÍA LAURA MORENO,LANDEIRA EDICIONES,EXCELENTE,M3D4
20.3.13.4.05.1277,EL GRAN LIBRO DEL HIERRO Y LA FORJA,ALEX SÁNCHEZ VIDIELLA,LEXUS EDITORES,EXCELENTE,M3D4
20.3.13.4.05.1278,PASTILLAJE: LO MEJOR EN DECORACIÓN DE TORTAS,DEPARAMENTO DE CREACIÓN DE LEXUS EDITORES,LEXUS EDITORES,EXCELENTE,M3D4
20.3.13.4.05.1279,PASTILLAJE: LO MEJOR EN DECORACIÓN DE TORTAS,DEPARAMENTO DE CREACIÓN DE LEXUS EDITORES,LEXUS EDITORES,EXCELENTE,M3D4
20.3.13.4.05.1280,EL GRAN LIBRO DEL VIDRIO,OSCAR ASCENCIO,LEXUS EDITORES,EXCELENTE,M3D4
20.3.13.4.05.1281,EL GRAN LIBRO DEL CUERO,OSCAR ASCENCIO,LEXUS EDITORES,EXCELENTE,M3D4
20.3.13.4.05.1282,VIVIENDAS UNIFAMILIARES. ARQUITECTURA ACTUAL,INSTITUTO MONSA DE EDICIONES,INSTITUTO MONSA DE EDICIONES,EXCELENTE,M3D4
20.3.13.4.05.1283,A VER SI SABES..: LIBRO - JUEGO DE PREGUNTAS Y RESPUESTAS,EDICIONES EUROMÉXICO S.A DE C. V.,LEXUS EDITORES,EXCELENTE,M3D4
20.3.13.4.05.1284,ATLAS DE ANATOMÍA Y FUNCIONES DEL CUERPO HUMANO,ARQUETIPO GRUPO EDITORIAL S.A.,LEXUS EDITORES,EXCELENTE,M3D4
20.3.13.4.05.1285,EL GRAN LIBRO DE LA HERRERÍA,OSCAR ASCENCIO,LEXUS EDITORES,EXCELENTE,M3D4
20.3.13.4.05.1286,LAS MEJORES RECETAS DE COCINA SALUDABLE,DEPARTAMENTO DE CREACIÓN EDITORIAL DE LEXUS EDITORES,LEXUS EDITORES,EXCELENTE,M3D4
20.3.13.4.05.1287,GUÍA PRÁCTICA ILUSTRADA DEL CUIDADO DEL CABELLO Y PEINADOS,NICKY POPE,EDITORIAL LIBSA,EXCELENTE,M3D4
20.3.13.4.05.1288,ESTRATEGIAS DE LECTURA: PARA MEJORAR LA COMPRENSIÓN,LILIANA CINETTO,LEXUS EDITORES,EXCELENTE,M3D5
20.3.13.4.05.1289,MOLDERÍA Y COSTURA,ADRIANA NOEMÍ BENI,LANDEIRA EDICIONES,EXCELENTE,M3D5
20.3.13.4.05.1290,EL GRAN LIBRO DE LAS PUERTAS. CLÁSICO MODERNO RÚSTICO,YANINA VANESA ARRUIZ,LEXUS EDITORES,EXCELENTE,M3D5
20.3.13.4.05.1291, REHABILITACIÓN. ARQUITECTURA ACTUAL.,INSTITUTO MONSA DE EDICIONES,INSTITUTO MONSA DE EDICIONES,EXCELENTE,M3D5
20.3.13.4.05.1292,A VER QUÉ SABES DEL CUERPO HUMANO. LIBRO - JUEGO DE PREGUNTAS Y RESPUESTAS,EDICIONES EUROMÉXICO S.A DE C. V.,LEXUS EDITORES,EXCELENTE,M3D5
20.3.13.4.05.1293,EL GRAN LIBRO DE LA MADERA,OSCAR ASENCIO,LEXUS EDITORES,EXCELENTE,M3D5
20.3.13.4.05.1294,"UÑAS: DISEÑO Y PINTADO, MAS DE 100 DISEÑOS EXCLUSIVOS PINTADOS A MANO",OSCAR ASCENCIO,LEXUS EDITORES,EXCELENTE,M3D5
20.3.13.4.05.1295,GUÍA VISUAL DEL MUNDO MINERAL: UN PASEO DIDÁCTICO Y SORPRENDENTE PARA CONOCER A FONDO EL FASCINANTE MUNDO DE LAS SUSTANCIAS INORGÁNICAS,ALICIA SAGRANICHINY,ARQUETIPO GRUPO EDITORIAL,EXCELENTE,M3D5
20.3.13.4.05.1296,SOLUCIONES PEDAGÓGICAS PARA EL DÉFICIT DE ATENCIÓN,E. MARIANA NARVARTE,LANDEIRA EDICIONES,EXCELENTE,M3D5
20.3.13.4.05.1297,LA BIBLIA DE LAS MATEMÁTICAS,CARMEN CHÁVEZ REYES Y ADRIANA LEÓN QUINTANAR,LEXUS EDITORES,EXCELENTE,M3D5
20.3.13.4.05.1298,SOLUCIONES PEDAGÓGICAS EN EL AULA,E. MARIANA NARVARTE,LANDEIRA EDICIONES,EXCELENTE,M3D5
20.3.13.4.05.1299,ENFERMERÍA EN URGENCIAS,ARMANDO SERRADELL CABRA - PABLO CATEURA LÓPEZ,LEXUS EDITORES,EXCELENTE,M3D5
20.3.13.4.05.1300,ENFERMERÍA COMUNITARIA,MONTSERRAT ROCA ROGER - CARMEN CAJA LÓPEZ - INMACULADA ÚBEDA BONET,LEXUS EDITORES,EXCELENTE,M3D5
20.3.13.4.05.1301,CÓMO ENSEÑAR CON LAS NUEVAS TECNOLOGÍAS EN LA ESCUELA DE HOY: PARA DOCENTES DE LA ENSEÑANZA BÁSICA,NANCY FALIERES,CÍRCULO LATINO AUSTRAL,EXCELENTE,M4E1
20.3.13.4.05.1302,"TURISMO, HOTELERÍA Y RESTAURANTES",ELENA FONSECA,LEXUS EDITORES,EXCELENTE,M4E1
20.3.1.4.05.1303,"HISTORIA UNIVERSAL: PREHISTORIA, EDAD ANTIGUA, EDAD MEDIA, EDAD MODERNA Y EDAD CONTEMPORÁNEA","THEMA EQUIPO EDITORIAL, S. A.",LEXUS EDITORES,EXCELENTE,M4E1
20.3.1.4.05.1304,EDUCACIÓN CREATIVA PROYECTOS ESCOLARES,-,-,DEBAJA,M4E1
20.3.13.4.05.1305,HERRAMIENTAS Y SOLUCIONES PARA DOCENTES,"PEDRO LUIS LLACA GAVIÑO, EDUARDO LLUÉVANO CHAVARRÍA Y OTROS AUTORES",EDICIONES EUROMÉXICO,EXCELENTE,M4E1
20.3.13.4.05.1306,LA VIDA Y NUESTRO CUERPO,"THEMA EQUIPO EDITORIAL, S. A.",LEXUS EDITORES,EXCELENTE,M4E1
20.3.13.4.05.1307,LIBRO DE LA EDUCADORA,VARIOS AUTORES,EDICIONES EUROMÉXICO,EXCELENTE,M4E1
20.3.13.4.05.1308,LAS TERAPIAS ALTERNATIVAS,ARQUETIPO GRUPO EDITORIAL S.A.,LEXUS EDITORES,EXCELENTE,M4E1
20.3.13.4.05.1309,MANUAL AGRICULTURA ALTERNATIVA,ARQUETIPO GRUPO EDITORIAL S.A.,LEXUS EDITORES,EXCELENTE,M4E1
20.3.13.4.05.1310,EL DESARROLLO NARRATIVO EN NIÑOS: UNA PROPUESTA PRÁCTICA PARA LA EVALUACIÓN Y LA INTERVENCIÓN EN NIÑOS CON TRASTORNO DE LENGUAJE,MARÍA MERCEDES PAVEZ GUZMÁN,LEXUS EDITORES,EXCELENTE,M4E1
20.3.13.4.05.1311,DISFONÍA INFANTIL - DIAGNOSTICO Y TRATAMIENTO,CRISTINA ARIAS MARSAL - MONTSERRAT ESTAPÉ I VILÁ,LEXUS EDITORES,EXCELENTE,M4E1
20.3.13.4.05.1312,CRECIENDO JUNTOS: EL GRAN LIBRO DE LOS PADRES RESPONSABLES,LUIS ROBERTO BARONE,LEXUS EDITORES,EXCELENTE,M4E1
20.3.13.4.05.1312,CRECIENDO JUNTOS: EL GRAN LIBRO DE LOS PADRES RESPONSABLES,LUIS ROBERTO BARONE,LEXUS EDITORES,EXCELENTE,M4E1
20.3.13.4.05.1313,CÓMO CONSTRUIR COMPETENCIAS EN LOS NIÑOS Y DESARROLLAR SU TALENTO,GRACIELA OSTROVSKY,CÍRCULO LATINO AUSTRAL,EXCELENTE,M4E2
20.3.13.4.05.1314,DICCIONARIO DE SINÓNIMOS ANTÓNIMOS - PARÓNIMOS: USO DE LA LENGUA ESPAÑOLA,ARQUETIPO GRUPO EDITORIAL,ARQUETIPO GRUPO EDITORIAL,EXCELENTE,M4E2
20.3.13.4.05.1315,"ESTIMULACIÓN Y APRENDIZAJE. ESTIMULACIÓN TEMPRANA, PREVENCIÓN Y REHABILITACIÓN",MARIANA E. NARVARTE Y MARIANGELES ESPIÑO,LANDEIRA EDICIONES,EXCELENTE,M4E2
20.3.13.4.05.1316,"CÓMO ESTUDIAR MEJOR: MODERNAS TÉCNICAS DE ESTUDIO, LECTURA RÁPIDA Y COMPRENSIÓN DE TEXTO",MARÍA TERESA FORERO,ARQUETIPO GRUPO EDITORIAL,EXCELENTE,M4E2
20.3.13.4.05.1317,INTEGRACIÓN ESCOLAR. ATENCIÓN EN EL AULA DE LOS TRASTORNOS ESCOLARES. INTEGRACIÓN ESCOLAR DE NIÑOS CON DISCAPACIDADES,MARIANA E. NARVARTE,LEXUS EDITORES,EXCELENTE,M4E2
20.3.13.4.05.1318,"PREVENCIÓN DE LOS TRASTORNOS ESCOLARES. ESTIMULACIÓN, ESTRATEGIAS, ACTIVIDADES",MARIANA E. NARVARTE ,LANDEIRA EDICIONES,EXCELENTE,M4E2
20.3.13.4.05.1319,"GUÍA DE DESARROLLO FAMILIAR. CONSTRUYENDO VALORES PARA UN MUNDO MEJOR, TOMO I",LUIS ROBERTO BARONE,ARQUETIPO GRUPO EDITORARIAL,EXCELENTE,M4E2
20.3.13.4.05.1320,"GUÍA DE DESARROLLO FAMILIAR. CONSTRUYENDO VALORES PARA UN MUNDO MEJOR, TOMO II",LUIS ROBERTO BARONE,ARQUETIPO GRUPO EDITORARIAL,EXCELENTE,M4E2
20.3.13.4.05.1321,"GUÍA DE DESARROLLO FAMILIAR. CONSTRUYENDO VALORES PARA UN MUNDO MEJOR, TOMO III",LUIS ROBERTO BARONE,ARQUETIPO GRUPO EDITORARIAL,EXCELENTE,M4E2
20.3.13.4.05.1322,EDUCACIÓN FÍSICA EN EL DESCAPACITADO. UN RECORRIDO HACIA LA POSIBILIDAD,MARÍA LAURA MORENO,LANDEIRA EDICIONES,EXCELENTE,M4E2
20.3.13.4.05.1323,MEDICINA BUCAL,ANTONIO BASCONES MARTÍNEZ,EDICIONES AVANCES,EXCELENTE,M4E2
20.3.13.4.05.1324,SOLUCIONES PEDAGÓGICAS PARA LA INTEGRACIÓN ESCOLAR Y PERMANENCIA: PROYECTO DE EDUCACIÓN Y LINEAMIENTO PARA LA ADAPTACIÓN CURRICULAR,E. MARIANA NARVARTE,LANDEIRA EDICIONES,EXCELENTE,M4E2
20.3.13.4.05.1325,LA BIBLIA DE LA ARQUITECTURA DEL PAISAJE,FRANCESC ZAMORA MOLA Y JULIO FAJARDO,LEXUS EDITORES,EXCELENTE,M4E3
20.3.13.4.05.1326,APRENDER VALORES Y ASUMIR ACTITUDES. PARA UN MODELO DE CONVIVENCIA,LUIS ROBERTO BARONE,ARQUETIPO GRUPO EDITORIAL,EXCELENTE,M4E3
20.3.13.4.05.1327,GUÍA PRÁCTICA DE LOS PADRES RESPONSABLES. DESDE EL NACIMIENTO HASTA LA ADOLESCENCIA,LUIS ROBERTO BARONE,ARQUETIPO GRUPO EDITORARIAL,EXCELENTE,M4E3
20.3.13.4.05.1328,COCINA MEXICANA,EDICIONES EUROMÉXICO S.A DE C. V.,EDITORIAL EURO MEXICO,EXCELENTE,M4E3
20.3.13.4.05.1329,EL GRAN LIBRO DE LA VIRGEN,JUAN CARLOS OLIVEROS,LEXUS EDITORES,EXCELENTE,M4E3
20.3.13.4.05.1330,LA SAGRADA BIBLIA. PARA LA FAMILIA LATINOAMERICANA. EDICIÓN CATÓLICA FAMILIAR,JOAN GUITERAS VILANOVA,LEXUS EDITORES,EXCELENTE,M4E3
20.3.13.4.05.1331,EL VIAJE DE MAGALLANES ILUSTRADO,BIBLIOTECA NACIONAL DE CHILE,EDICIONES BIBLIOTECA NACIONAL,EXCELENTE,M4E3
20.3.13.4.05.1332,EL VIAJE DE MAGALLANES ILUSTRADO,BIBLIOTECA NACIONAL DE CHILE,EDICIONES BIBLIOTECA NACIONAL,EXCELENTE,M4E3
20.3.13.4.05.1333,EL VIAJE DE MAGALLANES ILUSTRADO,BIBLIOTECA NACIONAL DE CHILE,EDICIONES BIBLIOTECA NACIONAL,EXCELENTE,M4E3
20.3.13.4.05.1334,PROSA Y POESÍA ESCOLAR ,GABRIELA MISTRAL,EDICIONES BIBLIOTECA NACIONAL,EXCELENTE,M4E3
20.3.13.4.05.1335,PROSA Y POESÍA ESCOLAR ,GABRIELA MISTRAL,EDICIONES BIBLIOTECA NACIONAL,EXCELENTE,M4E3
20.3.13.4.05.1336,PROSA Y POESÍA ESCOLAR ,GABRIELA MISTRAL,EDICIONES BIBLIOTECA NACIONAL,EXCELENTE,M4E3
20.3.13.4.05.1337,PROSA Y POESÍA ESCOLAR ,GABRIELA MISTRAL,EDICIONES BIBLIOTECA NACIONAL,SE ELIMINARON DEL SISTEMA POR FALTA DE ENTREGA,M4E3
20.3.13.4.05.1338,PROSA Y POESÍA ESCOLAR ,GABRIELA MISTRAL,EDICIONES BIBLIOTECA NACIONAL,SE ELIMINARON DEL SISTEMA POR FALTA DE ENTREGA,M4E3
DRTSC.2.2224,CARICATURAS VERBALES: CONVERSACIONES CON TOÑO SALAZAR,LUIS GALLEGOS VALDÉS,DIRECCIÓN DE PUBLICACIONES E IMPRESOS (DPI),EXCELENTE,M4E4
DRTSC.2.2225,EL DICCIONARIO DEL DIABLO,AMBROSE BIERCE,GRADIFCO,EXCELENTE,M4E4
DRTSC.2.2226,COLECCIÓN JUEGOS FLORALES SANTANECOS 1995,CONSEJO NACIONAL PARA LA CULTURA Y EL ARTE (CONCULTURA),DIRECCIÓN DE PUBLICACIONES E IMPRESOS (DPI),EXCELENTE,M4E4
DRTSC.2.2227,COLECCIÓN JUEGOS FLORALES AHUACHAPÁN - SONSONATE 1996,CONSEJO NACIONAL PARA LA CULTURA Y EL ARTE (CONCULTURA),DIRECCIÓN DE PUBLICACIONES E IMPRESOS (DPI),EXCELENTE,M4E4
DRTSC.2.2228,COLECCIÓN JUEGOS FLORALES 1997 - 1998,FRANCISCO NARCISO AZAMA,DIRECCIÓN DE PUBLICACIONES E IMPRESOS (DPI),EXCELENTE,M4E4
DRTSC.2.2229,COLECCIÓN JUEGOS FLORALES 1997 - 1998,FRANCISCO NARCISO AZAMA,DIRECCIÓN DE PUBLICACIONES E IMPRESOS (DPI),EXCELENTE,M4E4
DRTSC.2.2230,XVI JUEGOS FLORALES AHUACHAPANECOS  2009: PRIMER LUGAR GÉNEROS POESÍA Y CUENTOS,CONSEJO NACIONAL PARA LA CULTURA Y EL ARTE (CONCULTURA),DIRECCIÓN DE PUBLICACIONES E IMPRESOS (DPI),EXCELENTE,M4E4
DRTSC.2.2231,"JUEGOS FLORALES. EL SALVADOR 2014, COMPILACIÓN DE TEXTOS PREMIADOS",SECRETARIA DE CULTURA DE LA PRESIDENCIA,DIRECCIÓN DE PUBLICACIONES E IMPRESOS (DPI),EXCELENTE,M4E4
DRTSC.2.2232,"JUEGOS FLORALES. EL SALVADOR 2014, COMPILACIÓN DE TEXTOS PREMIADOS",SECRETARIA DE CULTURA DE LA PRESIDENCIA,DIRECCIÓN DE PUBLICACIONES E IMPRESOS (DPI),EXCELENTE,M4E4
DRTSC.2.2233,"JUEGOS FLORALES. EL SALVADOR 2014, COMPILACIÓN DE TEXTOS PREMIADOS",SECRETARIA DE CULTURA DE LA PRESIDENCIA,DIRECCIÓN DE PUBLICACIONES E IMPRESOS (DPI),EXCELENTE,M4E4
DRTSC.2.2234,"JUEGOS FLORALES. EL SALVADOR 2015, COMPILACIÓN DE TEXTOS PREMIADOS",SECRETARIA DE CULTURA DE LA PRESIDENCIA,DIRECCIÓN DE PUBLICACIONES E IMPRESOS (DPI),EXCELENTE,M4E4
DRTSC.2.2235,"JUEGOS FLORALES. EL SALVADOR 2015, COMPILACIÓN DE TEXTOS PREMIADOS",SECRETARIA DE CULTURA DE LA PRESIDENCIA,DIRECCIÓN DE PUBLICACIONES E IMPRESOS (DPI),EXCELENTE,M4E4
DRTSC.2.2236,"JUEGOS FLORALES. EL SALVADOR 2015, COMPILACIÓN DE TEXTOS PREMIADOS",SECRETARIA DE CULTURA DE LA PRESIDENCIA,DIRECCIÓN DE PUBLICACIONES E IMPRESOS (DPI),EXCELENTE,M4E4
DRTSC.2.2237,COLECCIÓN JUEGOS FLORALES. EL SALVADOR 2019,MINISTERIO DE CULTURA,DIRECCIÓN DE PUBLICACIONES E IMPRESOS (DPI),EXCELENTE,M4E4
DRTSC.2.2238,COLECCIÓN JUEGOS FLORALES. EL SALVADOR 2019,MINISTERIO DE CULTURA,DIRECCIÓN DE PUBLICACIONES E IMPRESOS (DPI),EXCELENTE,M4E4
DRTSC.2.2239,COLECCIÓN JUEGOS FLORALES. EL SALVADOR 2019,MINISTERIO DE CULTURA,DIRECCIÓN DE PUBLICACIONES E IMPRESOS (DPI),EXCELENTE,M4E4
DRTSC.2.2240,COLECCIÓN JUEGOS FLORALES. EL SALVADOR 2019,MINISTERIO DE CULTURA,DIRECCIÓN DE PUBLICACIONES E IMPRESOS (DPI),EXCELENTE,M4E4
DRTSC.2.2241,COLECCIÓN JUEGOS FLORALES. EL SALVADOR 2019,MINISTERIO DE CULTURA,DIRECCIÓN DE PUBLICACIONES E IMPRESOS (DPI),EXCELENTE,M4E4
DRTSC.2.2242,COLECCIÓN JUEGOS FLORALES. EL SALVADOR 2019,MINISTERIO DE CULTURA,DIRECCIÓN DE PUBLICACIONES E IMPRESOS (DPI),EXCELENTE,M4E4
DRTSC.2.2243,LOS MEJORES CUENTOS DE FÁBULAS EXTRAORDINARIAS,"ESOPO, FEDRO, DA VINCI Y OTROS AUTORES",MESTAS EDICIONES,EXCELENTE,M4E4
DRTSC.2.2244,LAS BRÚJULAS DE ROQUE DALTON: UNA POÉTICA DEL MESTIZAJE SALVADOREÑO,LUIS MELGAR BRIZUELA,DIRECCIÓN DE PUBLICACIONES E IMPRESOS (DPI),EXCELENTE,M4E4
DRTSC.2.2245,LAS BRÚJULAS DE ROQUE DALTON: UNA POÉTICA DEL MESTIZAJE SALVADOREÑO,LUIS MELGAR BRIZUELA,DIRECCIÓN DE PUBLICACIONES E IMPRESOS (DPI),EXCELENTE,M4E4
DRTSC.2.2246,LAS BRÚJULAS DE ROQUE DALTON: UNA POÉTICA DEL MESTIZAJE SALVADOREÑO,LUIS MELGAR BRIZUELA,DIRECCIÓN DE PUBLICACIONES E IMPRESOS (DPI),EXCELENTE,M4E4
DRTSC.2.2247,A DOS METROS DE TI,"RACHAEL LIPPINCOTT, MIKKI DAUGHTRY Y TOBIAS LACONIS",PENGUIN RANDOM HOUSE  GRUPO EDITORIAL,EXCELENTE,M4E5
DRTSC.2.2248,ALGUIEN TIENE UN SECRETO,KAREN M. MCMANUS,PENGUIN RANDOM HOUSE  GRUPO EDITORIAL,EXCELENTE,M4E5
DRTSC.2.2249,ARDERÁS EN LA TORMENTA,JOHN VERDON,ROCA EDITORIAL,EXCELENTE,M4E5
DRTSC.2.2250,ASYLUM,MADELINE ROUX,VR EDITORAS,EXCELENTE,M4E5
DRTSC.2.2251,ASYLUM,MADELINE ROUX,VR EDITORAS,EXCELENTE,M4E5
DRTSC.2.2252,AVENTURAS DE ARTHUR GORDON PYM,EDGAR ALLAN POE,GRADIFCO,EXCELENTE,M4E5
DRTSC.2.2253,AVENTURAS DE ARTHUR GORDON PYM,EDGAR ALLAN POE,GRADIFCO,EXCELENTE,M4E5
DRTSC.2.2254,BENITO CERENO,HERMAN MELVILLE,EDITORIAL TIEMPO DE LEER,EXCELENTE,M4E5
DRTSC.2.2255,BENITO CERENO,HERMAN MELVILLE,EDITORIAL TIEMPO DE LEER,EXCELENTE,M4E5
DRTSC.2.2256,CADA SUSPIRO,NICHOLAS SPARKS,ROCA EDITORIAL,EXCELENTE,M4E5
DRTSC.2.2257,CATACOMB,MADELINE ROUX,VR EDITORAS,EXCELENTE,M4E5
DRTSC.2.2258,CATACOMB,MADELINE ROUX,VR EDITORAS,EXCELENTE,M4E5
DRTSC.2.2259,JUEGO DE TRONOS. CANCIÓN DE HIELO Y FUEGO I,GEORGE R. R. MARTIN,PENGUIN RANDOM HOUSE GRUPO EDITORIAL,EXCELENTE,M4E5
DRTSC.2.2260,CHOQUE DE REYES. CANCIÓN DE HIELO Y FUEGO II,GEORGE R. R. MARTIN,PENGUIN RANDOM HOUSE GRUPO EDITORIAL,EXCELENTE,M4E5
DRTSC.2.2261,TORMENTA DE ESPADAS. CANCIÓN DE HIELO Y FUEGO III,GEORGE R. R. MARTIN,PENGUIN RANDOM HOUSE GRUPO EDITORIAL,EXCELENTE,M4E5
DRTSC.2.2262,CIUDADES DE PAPEL,JOHN GREEN,PENGUIN RANDOM HOUSE GRUPO EDITORIAL,EXCELENTE,M4E5
DRTSC.2.2263,COLMILLO BLANCO,JACK LONDON,GRADIFCO,EXCELENTE,M4E5
DRTSC.2.2264,CRÓNICAS MARCIANAS,RAY BRADBURY,EDITORIAL PLANETA MEXICANA,EXCELENTE,M4F1
DRTSC.2.2265,CUENTOS DE LA ALHAMBRA,WASHINGTON IRVING,PLUTÓN EDICIONES,EXCELENTE,M4F1
DRTSC.2.2266,CUENTOS DE LA ALHAMBRA,WASHINGTON IRVING,PLUTÓN EDICIONES,EXCELENTE,M4F1
DRTSC.2.2267,CUENTOS DE LA ALHAMBRA,WASHINGTON IRVING,EDICIONES BRONTES,EXCELENTE,M4F1
DRTSC.2.2268,CUENTOS DE LA VERANDA,HERNAN MELVILLE,DIRECCIÓN DE PUBLICACIONES E IMPRESOS (DPI),EXCELENTE,M4F1
DRTSC.2.2269,CUENTOS DE LA VERANDA,HERNAN MELVILLE,DIRECCIÓN DE PUBLICACIONES E IMPRESOS (DPI),EXCELENTE,M4F1
DRTSC.2.2270,CUENTOS DE LA VERANDA,HERNAN MELVILLE,DIRECCIÓN DE PUBLICACIONES E IMPRESOS (DPI),EXCELENTE,M4F1
DRTSC.2.2271,EL CABALLERO ERRANTE,GEORGE R. R. MARTIN,PENGUIN RANDOM HOUSE GRUPO EDITORIAL,EXCELENTE,M4F1
DRTSC.2.2272,EL CASO DE CHARLES DEXTER WARD Y OTROS RELATOS,H. P. LOVECRAFT,EDICIONES BRONTES,EXCELENTE,M4F1
DRTSC.2.2273,EL CORAZÓN DELATADOR Y OTROS RELATOS,EDGAR ALLAN POE,PLUTÓN EDICIONES,EXCELENTE,M4F1
DRTSC.2.2274,EL CORAZÓN DELATADOR Y OTROS RELATOS,EDGAR ALLAN POE,PLUTÓN EDICIONES,EXCELENTE,M4F1
DRTSC.2.2275,EL CROSSOVER,KWAME  ALEXANDER,HOUGHTONMIFFLIN HARCOURT PUBLISHING COMPANY,EXCELENTE,M4F1
DRTSC.2.2276,EL DIRECTOR,MADELINE ROUX,VR EDITORAS,EXCELENTE,M4F1
DRTSC.2.2277,EL DIRECTOR,MADELINE ROUX,VR EDITORAS,EXCELENTE,M4F1
DRTSC.2.2278,EL ESCARAVAJO DE ORO,EDGAR ALLAN POE,GRADIFCO,EXCELENTE,M4F1
DRTSC.2.2279,EL EXTRAÑO CASO DE BENJAMIN BUTTON Y OTROS RELATOS,F. SCOTT FITZGERALD,PLUTÓN EDICIONES,EXCELENTE,M4F1
DRTSC.2.2280,EL EXTRAÑO CASO DE BENJAMIN BUTTON Y OTROS RELATOS,F. SCOTT FITZGERALD,PLUTÓN EDICIONES,EXCELENTE,M4F1
DRTSC.2.2281,EL GATO NEGRO Y OTROS RELATOS,EDGAR ALLAN POE,PLUTÓN EDICIONES,EXCELENTE,M4F1
DRTSC.2.2282,EL GATO NEGRO Y OTROS RELATOS,EDGAR ALLAN POE,PLUTÓN EDICIONES,EXCELENTE,M4F1
DRTSC.2.2283,EL GRAN GATSBY,F. SCOTT FITZGERALD,PLUTÓN EDICIONES,EXCELENTE,M4F1
DRTSC.2.2284,EL GRAN GATSBY,F. SCOTT FITZGERALD,PLUTÓN EDICIONES,EXCELENTE,M4F1
DRTSC.2.2285,EL HÉROE PERDIDO,RICK RIORDAN,PENGUIN RANDOM HOUSE  GRUPO EDITORIAL,EXCELENTE,M4F1
DRTSC.2.2286,EL MAGO DE OZ,L. FRANK BAUM,PLUTÓN EDICIONES,EXCELENTE,M4F1
DRTSC.2.2287,EL MAGO DE OZ,L. FRANK BAUM,PLUTÓN EDICIONES,EXCELENTE,M4F1
DRTSC.2.2288,EL MARAVILLOSO MAGO DE OZ / THE WONDERFUL WIZARD OF OZ,L. FRANK BAUM,PANAMERICANA EDITORIAL,EXCELENTE,M4F1
DRTSC.2.2289,EL MARAVILLOSO MAGO DE OZ / THE WONDERFUL WIZARD OF OZ,L. FRANK BAUM,PANAMERICANA EDITORIAL,EXCELENTE,M4F1
DRTSC.2.2290,EL PSICOANALISTA,JOHN KATZENBACH,PENGUIN RANDOM HOUSE GRUPO EDITORIAL,EXCELENTE,M4F1
DRTSC.2.2291,EL VISITANTE,STEPHEN KING,PENGUIN RANDOM HOUSE GRUPO EDITORIAL,EXCELENTE,M4F2
DRTSC.2.2292,EN LAS MONTAÑAS DE LA LOCURA Y OTROS RELATOS,H. P. LOVECRAFT,PLUTÓN EDICIONES,EXCELENTE,M4F2
DRTSC.2.2293,EN LAS MONTAÑAS DE LA LOCURA Y OTROS RELATOS,H. P. LOVECRAFT,PLUTÓN EDICIONES,EXCELENTE,M4F2
DRTSC.2.2294,FIN DE GUARDIA,STEPHEN KING,PENGUIN RANDOM HOUSE GRUPO EDITORIAL,EXCELENTE,M4F2
DRTSC.2.2295,HERBERT WEST: REANIMADOR Y OTROS RELATOS,H. P. LOVECRAFT,PLUTÓN EDICIONES,EXCELENTE,M4F2
DRTSC.2.2296,HERBERT WEST: REANIMADOR Y OTROS RELATOS,H. P. LOVECRAFT,PLUTÓN EDICIONES,EXCELENTE,M4F2
DRTSC.2.2297,HOMBRECITOS,LOUISA MAY ALCOTT,GRADIFCO,EXCELENTE,M4F2
DRTSC.2.2298,INFERNO,DAN BROWN,EDITORIAL PLANETA,EXCELENTE,M4F2
DRTSC.2.2299,JAQUE AL PSICOANALISTA,JOHN KATZENBACH,PENGUIN RANDOM HOUSE GRUPO EDITORIAL,EXCELENTE,M4F2
DRTSC.2.2300,JUAN SALVADOR GAVIOTA,RICHARD BACH,BYBLOSS,EXCELENTE,M4F2
DRTSC.2.2301,JULIET RESPIRA PROFUNDO,GABBY RIVERA,PENGUIN RANDOM HOUSE GRUPO EDITORIAL,EXCELENTE,M4F2
DRTSC.2.2302,LA BIBLIOTECA DE LOS MUERTOS,GLENN COOPER,PENGUIN RANDOM HOUSE GRUPO EDITORIAL,EXCELENTE,M4F2
DRTSC.2.2303,LA CABAÑA DEL TÍO TOM,HARRIET BEECHER - STOWE,EDITORIAL PORRÚA,EXCELENTE,M4F2
DRTSC.2.2304,LA CASA EN MANGO STREET,SANDRA CISNEROS,RANDOM HOUSE INC,EXCELENTE,M4F2
DRTSC.2.2305,LA CHICA DE ANTES,J. P. DELANEY ,PENGUIN RANDOM HOUSE GRUPO EDITORIAL,EXCELENTE,M4F2
DRTSC.2.2306,LA EDUCACIÓN DE MARGOT SÁNCHEZ,LILLIAM RIVERA,PENGUIN RANDOM HOUSE  GRUPO EDITORIAL,EXCELENTE,M4F2
DRTSC.2.2307,LA ÉLITE,KIERA CASS,ROCA EDITORIAL,EXCELENTE,M4F2
DRTSC.2.2308,LA FICHA ROJA,JOHN LANTIGUA,ALFAGUARA,EXCELENTE,M4F2
DRTSC.2.2309,LA LLAMADA DE CTHULHU Y OTROS RELATOS,H. P. LOVECRAFT,PLUTÓN EDICIONES,EXCELENTE,M4F2
DRTSC.2.2310,LA LLAMADA DE CTHULHU Y OTROS RELATOS,H. P. LOVECRAFT,PLUTÓN EDICIONES,EXCELENTE,M4F2
DRTSC.2.2311,LA PUERTA DE LAS TINIEBLAS,GLENN COOPER,PENGUIN RANDOM HOUSE GRUPO EDITORIAL,EXCELENTE,M4F3
DRTSC.2.2312,LAS AVENTURAS DE HUCKLEBERRY FINN / THE ADVENTURES OF HUCKLEBERRY FINN,MARK TWAIN,PANAMERICANA EDITORIAL,EXCELENTE,M4F3
DRTSC.2.2313,LAS AVENTURAS DE HUCKLEBERRY FINN / THE ADVENTURES OF HUCKLEBERRY FINN,MARK TWAIN,PANAMERICANA EDITORIAL,EXCELENTE,M4F3
DRTSC.2.2314,LAS AVENTURAS DE TOM SAWYER,MARK TWAIN,GRADIFCO,EXCELENTE,M4F3
DRTSC.2.2315,LAS AVENTURAS DE TOM SAWYER,MARK TWAIN,GRADIFCO,EXCELENTE,M4F3
DRTSC.2.2316,LAS AVENTURAS DE TOM SAWYER,MARK TWAIN,GRADIFCO,EXCELENTE,M4F3
DRTSC.2.2317,LAS AVENTURAS DE TOM SAWYER,MARK TWAIN,GRADIFCO,EXCELENTE,M4F3
DRTSC.2.2318,LAS AVENTURAS DE TOM SAWYER,MARK TWAIN,GRADIFCO,EXCELENTE,M4F3
DRTSC.2.2319,LOS ARTISTAS DE HUESOS,MADELINE ROUX,VR EDITORAS,EXCELENTE,M4F3
DRTSC.2.2320,LOS ARTISTAS DE HUESOS,MADELINE ROUX,VR EDITORAS,EXCELENTE,M4F3
DRTSC.2.2321,LA SELECCIÓN,KIERA CASS,ROCA EDITORIAL,EXCELENTE,M4F3
DRTSC.2.2322,MARAVILLOSA LIBERACIÓN,JAMIE MCGUIRE,PENGUIN RANDOM HOUSE GRUPO EDITORIAL,EXCELENTE,M4F3
DRTSC.2.2323,MÁS ALLÁ DEL MURO DEL SUEÑO Y OTROS RELATOS,H. P. LOVECRAFT,PLUTÓN EDICIONES,EXCELENTE,M4F3
DRTSC.2.2324,MÁS ALLÁ DEL MURO DEL SUEÑO Y OTROS RELATOS,H. P. LOVECRAFT,PLUTÓN EDICIONES,EXCELENTE,M4F3
DRTSC.2.2325,MIL VECES HASTA SIEMPRE,JOHN GREEN,PENGUIN RANDOM HOUSE GRUPO EDITORIAL,EXCELENTE,M4F3
DRTSC.2.2326,MIL VECES HASTA SIEMPRE,JOHN GREEN,PENGUIN RANDOM HOUSE GRUPO EDITORIAL,EXCELENTE,M4F3
DRTSC.2.2327,MOBY DICK,HERMAN MELVILLE,PANAMERICANA EDITORIAL,EXCELENTE,M4F3
DRTSC.2.2328,MOBY DICK,HERMAN MELVILLE,PANAMERICANA EDITORIAL,EXCELENTE,M4F3
DRTSC.2.2329,MOBY DICK. LA BALLENA BLANCA,HERMAN MELVILLE,PANAMERICANA EDITORIAL,EXCELENTE,M4F3
DRTSC.2.2330,MOBY DICK. LA BALLENA BLANCA,HERMAN MELVILLE,PANAMERICANA EDITORIAL,EXCELENTE,M4F3
DRTSC.2.2331,MUJERCITAS,LOUISA MAY ALCOTT,MESTA EDICIONES ,EXCELENTE,M4F3
DRTSC.2.2332,NARRACIONES EXTRAORDINARIAS,EDGAR ALLAN POE,GRADIFCO,EXCELENTE,M4F3
DRTSC.2.2333,NARRACIONES EXTRAORDINARIAS,EDGAR ALLAN POE,EDITORIAL CLÁSICOS ROXSIL,EXCELENTE,M4F3
DRTSC.2.2334,OTRA VUELTA DE TUERCA,HENRY JAMES,EDICIONES BRONTES,EXCELENTE,M4F3
DRTSC.2.2335,PÁJARO BLANCO,R.J. PALACIO,PENGUIN RANDOM HOUSE GRUPO EDITORIAL,EXCELENTE,M4F4
DRTSC.2.2336,PRÍNCIPE Y MENDIGO,MARK TWAIN,GRADIFCO,EXCELENTE,M4F4
DRTSC.2.2337,QUIEN PIERDE PAGA,STEPHEN KING,PENGUIN RANDOM HOUSE GRUPO EDITORIAL,EXCELENTE,M4F4
DRTSC.2.2338,RECUERDA AQUELLA VEZ,ADAM SILVERA,BOOKS4POCKET,EXCELENTE,M4F4
DRTSC.2.2339,RELATOS CÓMICOS,EDGAR ALLAN POE,GRADIFCO,EXCELENTE,M4F4
DRTSC.2.2340,SANCTUM,MADELINE ROUX,VR  EDITORAS,EXCELENTE,M4F4
DRTSC.2.2341,SANCTUM,MADELINE ROUX,VR  EDITORAS,EXCELENTE,M4F4
DRTSC.2.2342,SCARLETS,MADELINE ROUX,VR  EDITORAS,EXCELENTE,M4F4
DRTSC.2.2343,SCARLETS,MADELINE ROUX,VR  EDITORAS,EXCELENTE,M4F4
DRTSC.2.2344,STARFISH. ILUMINA TU DESTINO,AKEMI DAWN BOWMAN,VR  EDITORAS,EXCELENTE,M4F4
DRTSC.2.2345,STARFISH. ILUMINA TU DESTINO,AKEMI DAWN BOWMAN,VR  EDITORAS,EXCELENTE,M4F4
DRTSC.2.2346,VOLVERÁS DE ALASKA,KRISTIN HANNAH,PENGUIN RANDOM HOUSE GRUPO EDITORIAL,EXCELENTE,M4F4
DRTSC.2.2347,WONDER. CHARLOTTE TIENE LA PALABRA,RAQUEL J. PALACIO,PENGUIN RANDOM HOUSE GRUPO EDITORIAL,EXCELENTE,M4F4
DRTSC.2.2348,POESÍA COMPLETA,WILLIAM SHAKESPEARE,GRADIFCO,EXCELENTE,M4F4
DRTSC.2.2349,CUENTO DE INVIERNO ,WILLIAM SHAKESPEARE,GRADIFCO,EXCELENTE,M4F4
DRTSC.2.2350,CUENTO DE INVIERNO / CIMBELINO,WILLIAM SHAKESPEARE,EDICIONES BRONTES,EXCELENTE,M4F4
DRTSC.2.2351,EL MERCADER DE VENECIA,WILLIAM SHAKESPEARE,GRADIFCO,EXCELENTE,M4F4
DRTSC.2.2352,EL REY LEAR,WILLIAM SHAKESPEARE,GRADIFCO,EXCELENTE,M4F4
DRTSC.2.2353,EL REY LEAR,WILLIAM SHAKESPEARE,GRADIFCO,EXCELENTE,M4F4
DRTSC.2.2354,EL SUEÑO DE UNA NOCHE DE VERANO,WILLIAM SHAKESPEARE,GRADIFCO,EXCELENTE,M4F4
DRTSC.2.2355,HAMLET,WILLIAM SHAKESPEARE,EDITORIAL CLÁSICOS ROXSIL,EXCELENTE,M4F4
DRTSC.2.2356,JULIO CÉSAR,WILLIAM SHAKESPEARE,GRADIFCO,EXCELENTE,M4F4
DRTSC.2.2357,MACBETH,WILLIAM SHAKESPEARE,GRADIFCO,EXCELENTE,M4F4
DRTSC.2.2358,OTELO,WILLIAM SHAKESPEARE,GRADIFCO,EXCELENTE,M4F4
DRTSC.2.2359,ROMEO Y JULIETA,WILLIAM SHAKESPEARE,GRADIFCO,EXCELENTE,M4F4
DRTSC.2.2360,AL FARO,VIRGINIA WOOLF,PLUTÓN EDICIONES,EXCELENTE,M4F5
DRTSC.2.2361,AL FARO,VIRGINIA WOOLF,PLUTÓN EDICIONES,EXCELENTE,M4F5
DRTSC.2.2362,ALICIA EN EL PAÍS DE LAS MARAVILLAS,LEWIS CARROLL,PLUTÓN EDICIONES,EXCELENTE,M4F5
DRTSC.2.2363,ALICIA EN EL PAÍS DE LAS MARAVILLAS,LEWIS CARROLL,PLUTÓN EDICIONES,EXCELENTE,M4F5
DRTSC.2.2364,ALICIA  DE LAS MARAVILLAS / ALICE IN WONDERLAND,LEWIS CARROLL,PANAMERICANA EDITORIAL,EXCELENTE,M4F5
DRTSC.2.2365,ALICIA EN EL PAÍS DE LAS MARAVILLAS / ALICE IN WONDERLAND,LEWIS CARROLL,PANAMERICANA EDITORIAL,EXCELENTE,M4F5
DRTSC.2.2366,ANGEL,JOSS STIRLING,V & R EDITORAS,EXCELENTE,M4F5
DRTSC.2.2367,ANGEL,JOSS STIRLING,V & R EDITORAS,EXCELENTE,M4F5
DRTSC.2.2368,A TRAVÉS DEL ESPEJO Y LO QUE ALICIA ENCONTRÓ ALLÍ,LEWIS CARROLL,PLUTÓN EDICIONES,EXCELENTE,M4F5
DRTSC.2.2369,A TRAVÉS DEL ESPEJO Y LO QUE ALICIA ENCONTRÓ ALLÍ,LEWIS CARROLL,PLUTÓN EDICIONES,EXCELENTE,M4F5
DRTSC.2.2370,AZABACHE / BLACK BEAUTY,ANNA SEWELL,PANAMERICANA EDITORIAL,EXCELENTE,M4F5
DRTSC.2.2371,AZABACHE / BLACK BEAUTY,ANNA SEWELL,PANAMERICANA EDITORIAL,EXCELENTE,M4F5
DRTSC.2.2372,CORALINE,NEIL GAIMAN,PENGUIN RANDOM HOUSE GRUPO EDITORIAL,EXCELENTE,M4F5
DRTSC.2.2373,CRIYSTAL. LAS ALMAS GEMELAS PUEDEN SER PELIGROSAMENTE EXPLOSIVAS,JOSS STIRLING,V & R EDITORAS,EXCELENTE,M4F5
DRTSC.2.2374,CRIYSTAL. LAS ALMAS GEMELAS PUEDEN SER PELIGROSAMENTE EXPLOSIVAS,JOSS STIRLING,V & R EDITORAS,EXCELENTE,M4F5
DRTSC.2.2375,CUENTO DE NAVIDAD,CHARLES DICKENS,GRADIFCO,EXCELENTE,M4F5
DRTSC.2.2376,CUENTOS DE CANTERBURY,GEOFFREY CHAUCER,GRADIFCO,EXCELENTE,M4F5
DRTSC.2.2377,CUMBRES BORRASCOSAS,EMILY BRONTË,GRADIFCO,EXCELENTE,M4F5
DRTSC.2.2378,CUMBRES BORRASCOSAS,EMILY BRONTË,PLUTÓN EDICIONES,EXCELENTE,M4F5
DRTSC.2.2379,CUMBRES BORRASCOSAS,EMILY BRONTË,PLUTÓN EDICIONES,EXCELENTE,M4F5
DRTSC.2.2380,CUMBRES BORRASCOSAS,EMILY BRONTË,PENGUIN RANDOM HOUSE GRUPO EDITORIAL,EXCELENTE,M4F5
DRTSC.2.2381,DOSIS LETAL,MALCOLM ROSE,EDITORIAL EDEBÉ,EXCELENTE,M4F5
DRTSC.2.2382,DOSIS LETAL,MALCOLM ROSE,EDITORIAL EDEBÉ,EXCELENTE,M4F5
DRTSC.2.2383,EL AMANTE DE LADY CHATTERLEY,"DAVID HERBERT RICHARDS LAWRENCE
",GRADIFCO,EXCELENTE,M4F5
DRTSC.2.2384,EL ÁNGEL DE LA ÚLTIMA OPORTUNIDAD,ALEX GUTTERIDGE,PANAMERICANA EDITORIAL,EXCELENTE,M4G1
DRTSC.2.2385,EL ÁNGEL DE LA ÚLTIMA OPORTUNIDAD,ALEX GUTTERIDGE,PANAMERICANA EDITORIAL,EXCELENTE,M4G1
DRTSC.2.2386,EL ARCHIVO DE SHERLOCK HOLMES,ARTHUR CONAN DOYLE,PLUTÓN EDICIONES,EXCELENTE,M4G1
DRTSC.2.2387,EL ARCHIVO DE SHERLOCK HOLMES,ARTHUR CONAN DOYLE,PLUTÓN EDICIONES,EXCELENTE,M4G1
DRTSC.2.2388,EL CLUB DE LOS SUICIDAS Y OTROS CUENTOS,ROBERT LOUIS STEVENSON,GRADIFCO,EXCELENTE,M4G1
DRTSC.2.2389,EL CORAZÓN DE LAS TINIEBLAS,JOSEPH CONRAD,GRADIFCO,EXCELENTE,M4G1
DRTSC.2.2390,EL EXTRAÑO CASO DEL DR. JEKYLL & MR. HYDE,ROBERT LOUIS STEVENSON,PLUTÓN EDICIONES,EXCELENTE,M4G1
DRTSC.2.2391,EL EXTRAÑO CASO DEL DR. JEKYLL & MR. HYDE,ROBERT LOUIS STEVENSON,PLUTÓN EDICIONES,EXCELENTE,M4G1
DRTSC.2.2392,EL HOMBRE INVISIBLE,H. G. WELLS,OLMAK TRADE S. L. ,EXCELENTE,M4G1
DRTSC.2.2393,EL HOMBRE QUE FUE JUEVES,G. K. CHESTERTON,GRADIFCO,EXCELENTE,M4G1
DRTSC.2.2394,EL LIBRO DE LA SELVA / THE JUNGLE BOOK,RUDYARD KIPLING,PANAMERICANA EDITORIAL,EXCELENTE,M4G1
DRTSC.2.2395,EL LIBRO DE LA SELVA / THE JUNGLE BOOK,RUDYARD KIPLING,PANAMERICANA EDITORIAL,EXCELENTE,M4G1
DRTSC.2.2396,EL LIBRO DE LA SELVA,RUDYARD KIPLING,PLUTÓN EDICIONES,EXCELENTE,M4G1
DRTSC.2.2397,EL LIBRO DE LA SELVA,RUDYARD KIPLING,PLUTÓN EDICIONES,EXCELENTE,M4G1
DRTSC.2.2398,EL MUNDO PERDIDO,ARTHUR CONAN DOYLE,MESTAS EDICIONES,EXCELENTE,M4G1
DRTSC.2.2399,EL REGRESO DE SHERLOCK HOLMES,ARTHUR CONAN DOYLE,PLUTÓN EDICIONES,EXCELENTE,M4G1
DRTSC.2.2400,EL REGRESO DE SHERLOCK HOLMES,ARTHUR CONAN DOYLE,PLUTÓN EDICIONES,EXCELENTE,M4G1
DRTSC.2.2401,EL SABUESO DE LOS BASKERVILLE,ARTHUR CONAN DOYLE,GRADIFCO,EXCELENTE,M4G1
DRTSC.2.2402,EL SABUESO DE LOS BASKERVILLE,ARTHUR CONAN DOYLE,GRADIFCO,EXCELENTE,M4G1
DRTSC.2.2403,EL SABUESO DE LOS BASKERVILLE,ARTHUR CONAN DOYLE,GRADIFCO,EXCELENTE,M4G1
DRTSC.2.2404,EL SEÑOR DE LAS MOSCAS,WILLIAM GOLDING,ALIANZA EDITORIAL,EXCELENTE,M4G1
DRTSC.2.2405,EL SEÑOR DE LAS MOSCAS,WILLIAM GOLDING,ALIANZA EDITORIAL,EXCELENTE,M4G1
DRTSC.2.2406,EL SEÑOR DE LAS MOSCAS,WILLIAM GOLDING,ALIANZA EDITORIAL,EXCELENTE,M4G1
DRTSC.2.2407,EL SILMARILLION,J. R. R. TOLKIEN,EDITORIAL PLANETA,EXCELENTE,M4G1
DRTSC.2.2408,EL VALLE DEL TERROR,ARTHUR CONAN DOYLE,PLUTÓN EDICIONES,EXCELENTE,M4G1
DRTSC.2.2409,EL VALLE DEL TERROR,ARTHUR CONAN DOYLE,PLUTÓN EDICIONES,EXCELENTE,M4G1
DRTSC.2.2410,EMMA,JANE AUSTEN,GRADIFCO,EXCELENTE,M4G2
DRTSC.2.2411,ESTUDIO EN ESCARLATA,ARTHUR CONAN DOYLE,GRADIFCO,EXCELENTE,M4G2
DRTSC.2.2412,FRANKENSTEIN,MARY SHELLEY,PANAMERICANA EDITORIAL,EXCELENTE,M4G2
DRTSC.2.2413,FRANKENSTEIN,MARY SHELLEY,PANAMERICANA EDITORIAL,EXCELENTE,M4G2
DRTSC.2.2414,FRANKENSTEIN ,MARY SHELLEY,PLUTÓN EDICIONES,EXCELENTE,M4G2
DRTSC.2.2415,FRANKENSTEIN ,MARY SHELLEY,PLUTÓN EDICIONES,EXCELENTE,M4G2
DRTSC.2.2416,HARRY POTTER Y EL CÁLIZ DE FUEGO,J. K. ROWLING,PENGUIN RANDOM HOUSE GRUPO EDITORIAL,EXCELENTE,M4G2
DRTSC.2.2417,HARRY POTTER Y EL MISTERIO DEL PRÍNCIPE,J. K. ROWLING,PENGUIN RANDOM HOUSE GRUPO EDITORIAL,EXCELENTE,M4G2
DRTSC.2.2418,HARRY POTTER Y EL PRISIONERO DE AZKABAN,J. K. ROWLING,PENGUIN RANDOM HOUSE GRUPO EDITORIAL,tapa dspegada del frrente,M4G2
DRTSC.2.2419,HARRY POTTER Y LA CÁMARA SECRETA,J. K. ROWLING,PENGUIN RANDOM HOUSE GRUPO EDITORIAL,EXCELENTE,M4G2
DRTSC.2.2420,HARRY POTTER Y LA ORDEN DEL FÉNIX ,J. K. ROWLING,PENGUIN RANDOM HOUSE GRUPO EDITORIAL,EXCELENTE,M4G2
DRTSC.2.2421,JANE EYRE,CHARLOTTE BRONTË,GRADIFCO,EXCELENTE,M4G2
DRTSC.2.2422,LA DESAPARICIÓN DE ANNIE THORNE,C. J. TUDOR,PENGUIN RANDOM HOUSE GRUPO EDITORIAL,EXCELENTE,M4G2
DRTSC.2.2423,LA GUERRA DE LOS MUNDOS,H. G. WELLS,GRADIFCO,EXCELENTE,M4G2
DRTSC.2.2424,LA ISLA CORAL / THE CORAL ISLAND,ROBERT MICHAEL BALLANTYNE,PANAMERICANA EDITORIAL,EXCELENTE,M4G2
DRTSC.2.2425,LA ISLA CORAL / THE CORAL ISLAND,ROBERT MICHAEL BALLANTYNE,PANAMERICANA EDITORIAL,EXCELENTE,M4G2
DRTSC.2.2426,LA ISLA DEL TESORO,ROBERT LOUIS STEVENSON,GRADIFCO,EXCELENTE,M4G2
DRTSC.2.2427,LA ISLA DEL TESORO,ROBERT LOUIS STEVENSON,GRADIFCO,EXCELENTE,M4G2
DRTSC.2.2428,LA ISLA DEL TESORO,ROBERT LOUIS STEVENSON,GRADIFCO,EXCELENTE,M4G2
DRTSC.2.2429,LA MÁQUINA DEL TIEMPO,H. G. WELLS,GRADIFCO,EXCELENTE,M4G2
DRTSC.2.2430,LA MÁQUINA DEL TIEMPO,H. G. WELLS,GRADIFCO,EXCELENTE,M4G2
DRTSC.2.2431,LA ÚLTIMA REVERENCIA DE SHERLOCK HOLMES,ARTHUR CONAN DOYLE,PLUTÓN EDICIONES,EXCELENTE,M4G2
DRTSC.2.2432,LA ÚLTIMA REVERENCIA DE SHERLOCK HOLMES,ARTHUR CONAN DOYLE,PLUTÓN EDICIONES,EXCELENTE,M4G2
DRTSC.2.2433,LOS ÚLTIMOS DÍAS DE POMPEYA,EDWARD BULWER  LYTTON,EDITORIAL PORRÚA,EXCELENTE,M4G2
DRTSC.2.2434,MISTER,E. L. JAMES,PENGUIN RANDOM HOUSE GRUPO EDITORIAL,EXCELENTE,M4G2
DRTSC.2.2435,SENTIDO Y SENSIBILIDAD,JANE AUSTEN,OLMAK TRADE S. L. ,EXCELENTE,M4G2
DRTSC.2.2436,SENTIDO Y SENSIBILIDAD,JANE AUSTEN,OLMAK TRADE S. L. ,EXCELENTE,M4G2
DRTSC.2.2437,"LA MIRADA SECRETA. LOS GATOS GUERREROS, EL PODER DE LOS TRES",ERIN HUNTER,PENGUIN RANDOM HOUSE GRUPO EDITORIAL,EXCELENTE,M4G2
DRTSC.2.2438,LA SEÑAL DE LOS CUATRO,ARTHUR CONAN DOYLE,GRADIFCO,EXCELENTE,M4G2
DRTSC.2.2439,LAS MEMORIAS DE SHERLOCK HOLMES,ARTHUR CONAN DOYLE,PLUTÓN EDICIONES,EXCELENTE,M4G3
DRTSC.2.2440,LAS MEMORIAS DE SHERLOCK HOLMES,ARTHUR CONAN DOYLE,PLUTÓN EDICIONES,EXCELENTE,M4G3
DRTSC.2.2441,LOS VIAJES DE GULLIVER / GULLIVER´S TRAVELS,JONATHAN SWIFT,PANAMERICANA EDITORIAL,EXCELENTE,M4G3
DRTSC.2.2442,LOS VIAJES DE GULLIVER / GULLIVER´S TRAVELS,JONATHAN SWIFT,PANAMERICANA EDITORIAL,EXCELENTE,M4G3
DRTSC.2.2443,MISTY,JOSS STIRLING,V & R EDITORAS,EXCELENTE,M4G3
DRTSC.2.2444,MISTY,JOSS STIRLING,V & R EDITORAS,EXCELENTE,M4G3
DRTSC.2.2445,OLIVER TWIST,CARLOS DICKENS,EDITORIAL PORRÚA,EXCELENTE,M4G3
DRTSC.2.2446,ORGULLO Y PREJUICIO,JANE AUSTEN,GRADIFCO,EXCELENTE,M4G3
DRTSC.2.2447,PHOENIX. LO MÁS PELIGROSO ES QUE TE ROBEN EL CORAZÓN,JOSS STIRLING,V & R EDITORAS,EXCELENTE,M4G3
DRTSC.2.2448,PHOENIX. LO MÁS PELIGROSO ES QUE TE ROBEN EL CORAZÓN,JOSS STIRLING,V & R EDITORAS,EXCELENTE,M4G3
DRTSC.2.2449,QUE PASE EL ASERRADOR Y OTROS CUENTOS CUMBRISTAS,JESÚS DEL CORRAL,EDITORIAL TIEMPO DE LEER,EXCELENTE,M4G3
DRTSC.2.2450,QUE PASE EL ASERRADOR Y OTROS CUENTOS CUMBRISTAS,JESÚS DEL CORRAL,EDITORIAL TIEMPO DE LEER,EXCELENTE,M4G3
DRTSC.2.2451,REBELION EN LA GRANJA,GEORGE ORWELL,UNILIBRO EDICIONES,EXCELENTE,M4G3
DRTSC.2.2452,REBELIÓN EN LA GRANJA,GEORGE ORWELL,UNILIBRO EDICIONES,EXCELENTE,M4G3
DRTSC.2.2453,ROBINSON CRUSOE,DANIEL DEFOE,PLUTÓN EDICIONES,EXCELENTE,M4G3
DRTSC.2.2454,ROBINSON CRUSOE,DANIEL DEFOE,PLUTÓN EDICIONES,EXCELENTE,M4G3
DRTSC.2.2455,SIGO SIENDO YO,JOJO MOYES,PENGUIN RANDOM HOUSE GRUPO EDITORIAL,EXCELENTE,M4G3
DRTSC.2.2456,SKY. ENCONTRAR A TU ALMA GEMELA PUEDE SER MUY PELIGROSO,JOSS STIRLING,V & R EDITORAS,EXCELENTE,M4G3
DRTSC.2.2457,SKY. ENCONTRAR A TU ALMA GEMELA PUEDE SER MUY PELIGROSO,JOSS STIRLING,V & R EDITORAS,EXCELENTE,M4G3
DRTSC.2.2458,SUMMER,JOSS STIRLING,V & R EDITORAS,EXCELENTE,M4G3
DRTSC.2.2459,SUMMER,JOSS STIRLING,V & R EDITORAS,EXCELENTE,M4G3
DRTSC.2.2460,THE HOUND OF THE BASKERVILLES,ARTHUR CONAN DOYLE,GRADIFCO,EXCELENTE,M4G3
DRTSC.2.2461,TIEMPOS DIFICILES ,CHARLES DICKENS,GRADIFCO,EXCELENTE,M4G3
DRTSC.2.2462,1984,GEORGE ORWELL,PENGUIN RANDOM HOUSE GRUPO EDITORIAL,EXCELENTE,M4G4
DRTSC.2.2463,UN MUNDO FELIZ ,A. HUXLEY,EDICIONES GERNIKA,EXCELENTE,M4G4
DRTSC.2.2464,WHITE DEATH (INGLÉS),TIM VICARY,OXFORD UNIVERSITY PRESS,EXCELENTE,M4G4
DRTSC.2.2465,ROBIN HOOD,ANÓNIMO,PLUTÓN EDICIONES,EXCELENTE,M4G4
DRTSC.2.2466,ROBIN HOOD,ANÓNIMO,PLUTÓN EDICIONES,EXCELENTE,M4G4
DRTSC.2.2467,BREVE ENCICLOPEDIA DE JUEGO DE TRONOS. TODO LO QUE NECESITAS SABER SOBRE LA SERIE DE MAYOR ÉXITO DE TODOS LOS TIEMPOS,MARTIN HOWDEN,EDICIONES B,EXCELENTE,M4G4
DRTSC.2.2468,PETER PAN,J. M. BARRIE,BIBLOK BOOK EXPORT,EXCELENTE,M4G4
DRTSC.2.2469,PETER PAN,J. M. BARRIE,PLUTÓN EDICIONES,EXCELENTE,M4G4
DRTSC.2.2470,PETER PAN,J. M. BARRIE,PLUTÓN EDICIONES,EXCELENTE,M4G4
DRTSC.2.2471,DE PROFUNDIS,OSCAR WILDE,PLUTÓN EDICIONES,EXCELENTE,M4G4
DRTSC.2.2472,DE PROFUNDIS,OSCAR WILDE,PLUTÓN EDICIONES,EXCELENTE,M4G4
DRTSC.2.2473,DRACULA (INGLÉS),BRAM STOKER,PLUTÓN EDICIONES,EXCELENTE,M4G4
DRTSC.2.2474,DRÁCULA ,BRAM STOKER,PLUTÓN EDICIONES,EXCELENTE,M4G4
DRTSC.2.2475,DRÁCULA ,BRAM STOKER,PLUTÓN EDICIONES,EXCELENTE,M4G4
DRTSC.2.2476,DUBLINESES,JAMES JOYCE,GRADIFCO,EXCELENTE,M4G4
DRTSC.2.2477,EL FANTASMA DE CANTERVILLE,OSCAR WILDE,GRADIFCO,EXCELENTE,M4G4
DRTSC.2.2478,EL FANTASMA DE CANTERVILLE Y OTROS CUENTOS,OSCAR WILDE,EDITORIAL JURÍDICA SALVADOREÑA,EXCELENTE,M4G4
DRTSC.2.2479,EL FANTASMA DE CANTERVILLE Y OTROS RELATOS,OSCAR WILDE,PLUTÓN EDICIONES,EXCELENTE,M4G4
DRTSC.2.2480,EL FANTASMA DE CANTERVILLE Y OTROS RELATOS,OSCAR WILDE,PLUTÓN EDICIONES,EXCELENTE,M4G4
DRTSC.2.2481,EL HUÉSPED DE DRÁCULA Y OTROS RELATOS,BRAM STOKER,PLUTÓN EDICIONES,EXCELENTE,M4G4
DRTSC.2.2482,EL HUÉSPED DE DRÁCULA Y OTROS RELATOS,BRAM STOKER,PLUTÓN EDICIONES,EXCELENTE,M4G4
DRTSC.2.2483,EL NIÑO CON LA PIJAMA DE RAYAS,JOHN BOYNE,PENGUIN RANDOM HOUSE GRUPO EDITORIAL,EXCELENTE,M4G4
DRTSC.2.2484,EL RETRATO DE DORIAN GRAY ,OSCAR WILDE,GRADIFCO,EXCELENTE,M4G4
DRTSC.2.2485,EL RETRATO DE DORIAN GRAY ,OSCAR WILDE,GRADIFCO,EXCELENTE,M4G4
DRTSC.2.2486,LOS VIAJES DE GULLIVER,JONATHAN SWIFT,BIBLOK BOOK EXPORT,EXCELENTE,M4G4
DRTSC.2.2487,ULISES,JAMES JOYCE,GRADIFCO,EXCELENTE,M4G5
DRTSC.2.2488,UNA HUMILDE PROPUESTA Y OTROS ESCRITOS,JONATHAN SWIFT,ALIANZA EDITORIAL,EXCELENTE,M4G5
DRTSC.2.2489,LA LADRONA DE LIBROS,MARKUS ZUSAK,PENGUIN RANDOM HOUSE GRUPO EDITORIAL,EXCELENTE,M4G5
DRTSC.2.2490,FAUSTO,JOHANN WOLFGANG VON GOETHE,EDITORIAL LIBSA,EXCELENTE,M4G5
DRTSC.2.2491,CHAT PELIGROSO,HENRIETTE WICH,PANAMERICANA EDITORIAL,EXCELENTE,M4G5
DRTSC.2.2492,CHAT PELIGROSO,HENRIETTE WICH,PANAMERICANA EDITORIAL,EXCELENTE,M4G5
DRTSC.2.2493,DEMIAN,HERMANN HESSE,EDICIONES GERNIKA,EXCELENTE,M4G5
DRTSC.2.2494,EL CASTILLO,"FRANZ KAFKA
",GRADIFCO,EXCELENTE,M4G5
DRTSC.2.2495,EL CASTILLO,"FRANZ KAFKA
",PLUTON EDICIONES,EXCELENTE,M4G5
DRTSC.2.2496,EL CASTILLO,"FRANZ KAFKA
",PLUTON EDICIONES,EXCELENTE,M4G5
DRTSC.2.2497,EL GRAN LADRÓN,BORIS PFEIFFER,PANAMERICANA EDITORIAL,EXCELENTE,M4G5
DRTSC.2.2498,EL GRAN LADRÓN,BORIS PFEIFFER,PANAMERICANA EDITORIAL,EXCELENTE,M4G5
DRTSC.2.2499,EL LIBRO SECRETO,ULF BLANCK,PANAMERICANA EDITORIAL,EXCELENTE,M4G5
DRTSC.2.2500,EL LIBRO SECRETO,ULF BLANCK,PANAMERICANA EDITORIAL,EXCELENTE,M4G5
DRTSC.2.2501,¡FELIZ CUMPLEAÑOS!. UN REGALO ESPECIAL PARA TÍ,BORIS PFEIFFER,PANAMERICANA EDITORIAL,EXCELENTE,M4G5
DRTSC.2.2502,¡FELIZ CUMPLEAÑOS!. UN REGALO ESPECIAL PARA TÍ,BORIS PFEIFFER,PANAMERICANA EDITORIAL,EXCELENTE,M4G5
DRTSC.2.2503,LA VILLA DE LAS TELAS ,ANNE JACOBS,PENGUIN RANDOM HOUSE GRUPO EDITORIAL,EXCELENTE,M4G5
DRTSC.2.2504,LAS HIJAS DE LA VILLA DE LAS TELAS,ANNE JACOBS,PENGUIN RANDOM HOUSE GRUPO EDITORIAL,EXCELENTE,M4G5
DRTSC.2.2505,MEDITACIONES,"FRANZ KAFKA
",GRADIFCO,EXCELENTE,M4H1
DRTSC.2.2506,MIRIAM ES ANORÉXICA,MARLIESE AROLD,EDITORIAL EDEBÉ,EXCELENTE,M4H1
DRTSC.2.2507,MIRIAM ES ANORÉXICA,MARLIESE AROLD,EDITORIAL EDEBÉ,EXCELENTE,M4H1
DRTSC.2.2508,MOMO,MICHAEL ENDE,EDITORIAL ALFAGUARA,EXCELENTE,M4H1
DRTSC.2.2509,CARTA AL PADRE  ,FRANZ KAFKA,GRADIFCO,EXCELENTE,M4H1
DRTSC.2.2510,CARTA AL PADRE Y MEDITACIONES,FRANZ KAFKA,PLUTÓN EDICIONES,EXCELENTE,M4H1
DRTSC.2.2511,CARTA AL PADRE Y MEDITACIONES,FRANZ KAFKA,PLUTÓN EDICIONES,EXCELENTE,M4H1
DRTSC.2.2512,OTRA VEZ HEIDI,JOHANNA SPYRI,PUBLICACIONES FHER,EXCELENTE,M4H1
DRTSC.2.2513,EL CANTAR DE ROLDÁN,ANÓNIMA,EDICOMUNICACIÓN,EXCELENTE,M4H1
DRTSC.2.2514,LAS FLORES DEL MAL,CHARLES BAUDELAIRE,EDITORIAL JURÍDICA SALVADOREÑA,EXCELENTE,M4H1
DRTSC.2.2515,PEQUEÑOS POEMAS EN PROSA,CHARLES BAUDELAIRE,GRADIFCO,EXCELENTE,M4H1
DRTSC.2.2516,EL AVARO,MOLIERE,S/N,EXCELENTE,M4H1
DRTSC.2.2517,EL AVARO / EL MÉDICO A PALOS,MOLIERE,GRADIFCO,EXCELENTE,M4H1
DRTSC.2.2518,EL AVARO / TARTUFO,MOLIERE,EDITORIAL JURÍDICA SALVADOREÑA,EXCELENTE,M4H1
DRTSC.2.2519,EL ENFERMO IMAGINARIO,MOLIERE,GRADIFCO,EXCELENTE,M4H1
DRTSC.2.2520,FILOSOFÍA EN EL TOCADOR,MARQUÉS DE SADE,GRADIFCO,EXCELENTE,M4H1
DRTSC.2.2521,BOLA DE SEBO Y OTROS CUENTOS,GUY DE MAUPASSANT,GRADIFCO,EXCELENTE,M4H1
DRTSC.2.2522,BOLA DE SEBO Y OTROS CUENTOS,GUY DE MAUPASSANT,EDITORIAL CLÁSICOS ROXSIL,EXCELENTE,M4H1
DRTSC.2.2523,CINCO SEMANAS EN GLOBO,JULIO VERNE,GRADIFCO,EXCELENTE,M4H1
DRTSC.2.2524,CINCO SEMANAS EN GLOBO,JULIO VERNE,GRADIFCO,EXCELENTE,M4H1
DRTSC.2.2525,CINCO SEMANAS EN GLOBO,JULIO VERNE,PLUTÓN EDICIONES,EXCELENTE,M4H1
DRTSC.2.2526,CINCO SEMANAS EN GLOBO,JULIO VERNE,PLUTÓN EDICIONES,EXCELENTE,M4H1
DRTSC.2.2527,EL CONDE DE MONTECRISTO / THE COUNT OF MONTE CRISTO,ALEJANDRO DUMAS,PANAMERICANA EDITORIAL,EXCELENTE,M4H1
DRTSC.2.2528,EL CONDE DE MONTECRISTO / THE COUNT OF MONTE CRISTO,ALEJANDRO DUMAS,PANAMERICANA EDITORIAL,EXCELENTE,M4H1
DRTSC.2.2529,EL HOMBRE DE LA MÁSCARA DE HIERRO,ALEJANDRO DUMAS,PANAMERICANA EDITORIAL,EXCELENTE,M4H1
DRTSC.2.2530,EL HOMBRE DE LA MÁSCARA DE HIERRO,ALEJANDRO DUMAS,PANAMERICANA EDITORIAL,EXCELENTE,M4H1
DRTSC.2.2531,EL MISTERIO DEL CUARTO AMARILLO,"GASTÓN LOUIS ALFRED LEROUX
",GRADIFCO,EXCELENTE,M4H1
DRTSC.2.2532,EL OTRO MUNDO,CYRANO DE BERGERAC,DIRECCIÓN DE PUBLICACIONES E IMPRESOS (DPI),EXCELENTE,M4H1
DRTSC.2.2533,EL OTRO MUNDO,CYRANO DE BERGERAC,DIRECCIÓN DE PUBLICACIONES E IMPRESOS (DPI),EXCELENTE,M4H1
DRTSC.2.2534,EL OTRO MUNDO,CYRANO DE BERGERAC,DIRECCIÓN DE PUBLICACIONES E IMPRESOS (DPI),EXCELENTE,M4H1
DRTSC.2.2535,EL PRINCIPITO  1 (VERSIÓN BRAILLE),ANTOINE DE SAINT-EXUPÉRY,NEXT INNOVATION,EXCELENTE,M4H1
DRTSC.2.2536,EL PRINCIPITO  1 (VERSIÓN BRAILLE),ANTOINE DE SAINT-EXUPÉRY,NEXT INNOVATION,EXCELENTE,M4H1
DRTSC.2.2537,EL PRINCIPITO  1 (VERSIÓN BRAILLE),ANTOINE DE SAINT-EXUPÉRY,NEXT INNOVATION,EXCELENTE,M4H2
DRTSC.2.2538,EL PRINCIPITO  1 (VERSIÓN BRAILLE),ANTOINE DE SAINT-EXUPÉRY,NEXT INNOVATION,EXCELENTE,M4H2
DRTSC.2.2539,EL PRINCIPITO  1 (VERSIÓN BRAILLE),ANTOINE DE SAINT-EXUPÉRY,NEXT INNOVATION,EXCELENTE,M4H2
DRTSC.2.2540,EL PRINCIPITO  2 (VERSIÓN BRAILLE),ANTOINE DE SAINT-EXUPÉRY,NEXT INNOVATION,EXCELENTE,M4H2
DRTSC.2.2541,EL PRINCIPITO  2 (VERSIÓN BRAILLE),ANTOINE DE SAINT-EXUPÉRY,NEXT INNOVATION,EXCELENTE,M4H2
DRTSC.2.2542,EL PRINCIPITO  2 (VERSIÓN BRAILLE),ANTOINE DE SAINT-EXUPÉRY,NEXT INNOVATION,EXCELENTE,M4H2
DRTSC.2.2543,EL PRINCIPITO  2 (VERSIÓN BRAILLE),ANTOINE DE SAINT-EXUPÉRY,NEXT INNOVATION,EXCELENTE,M4H2
DRTSC.2.2544,EL PRINCIPITO  2 (VERSIÓN BRAILLE),ANTOINE DE SAINT-EXUPÉRY,NEXT INNOVATION,EXCELENTE,M4H2
DRTSC.2.2545,EL PRINCIPITO  3 (VERSIÓN BRAILLE),ANTOINE DE SAINT-EXUPÉRY,NEXT INNOVATION,EXCELENTE,M4H2
DRTSC.2.2546,EL PRINCIPITO  3 (VERSIÓN BRAILLE),ANTOINE DE SAINT-EXUPÉRY,NEXT INNOVATION,EXCELENTE,M4H2
DRTSC.2.2547,EL PRINCIPITO  3 (VERSIÓN BRAILLE),ANTOINE DE SAINT-EXUPÉRY,NEXT INNOVATION,EXCELENTE,M4H2
DRTSC.2.2548,EL PRINCIPITO  3 (VERSIÓN BRAILLE),ANTOINE DE SAINT-EXUPÉRY,NEXT INNOVATION,EXCELENTE,M4H2
DRTSC.2.2549,EL PRINCIPITO  3 (VERSIÓN BRAILLE),ANTOINE DE SAINT-EXUPÉRY,NEXT INNOVATION,EXCELENTE,M4H2
DRTSC.2.2550,EL PRINCIPITO,ANTOINE DE SAINT-EXUPÉRY,GRADIFCO,EXCELENTE,M4H3
DRTSC.2.2551,EL PRINCIPITO,ANTOINE DE SAINT-EXUPÉRY,PALABRA EDICIONES ,EXCELENTE,M4H3
DRTSC.2.2552,EL PRINCIPITO,ANTOINE DE SAINT-EXUPÉRY,DIRECCIÓN DE PUBLICACIONES E IMPRESOS (DPI),EXCELENTE,M4H3
DRTSC.2.2553,EL PRINCIPITO,ANTOINE DE SAINT-EXUPÉRY,DIRECCIÓN DE PUBLICACIONES E IMPRESOS (DPI),EXCELENTE,M4H3
DRTSC.2.2554,EL PRINCIPITO,ANTOINE DE SAINT-EXUPÉRY,DIRECCIÓN DE PUBLICACIONES E IMPRESOS (DPI),EXCELENTE,M4H3
DRTSC.2.2555,EL PRINCIPITO  / THE LITTLE PRINCE,ANTOINE DE SAINT-EXUPÉRY,OLMAK TRADE,EXCELENTE,M4H3
DRTSC.2.2556,HACIA LA BELLEZA,DAVID FOENKINOS,PENGUIN RANDOM HOUSE GRUPO EDITORIAL,EXCELENTE,M4H3
DRTSC.2.2557,LA DAMA DE LAS CAMELIAS,ALEJANDRO DUMAS,GRADIFCO,EXCELENTE,M4H3
DRTSC.2.2558,LA UNIÓN HACE LA FUERZA,CAROLE BONNET,PANAMERICANA EDITORIAL,EXCELENTE,M4H3
DRTSC.2.2559,LA UNIÓN HACE LA FUERZA,CAROLE BONNET,PANAMERICANA EDITORIAL,EXCELENTE,M4H3
DRTSC.2.2560,LA VUELTA AL MUNDO EN 80 DÍAS,JULIO VERNE,GRADIFCO,EXCELENTE,M4H3
DRTSC.2.2561,EL FANTASMA DE LA ÓPERA,GASTÓN LEROUX,GRADIFCO,EXCELENTE,M4H3
DRTSC.2.2562,LOS  MISERABLES ,VÍCTOR HUGO,GRADIFCO RL,EXCELENTE,M4H3
DRTSC.2.2563,LOS TRES MOSQUETEROS ,ALEJANDRO DUMAS,GRADIFCO ,EXCELENTE,M4H3
DRTSC.2.2564,PAPÁ GORIOT,HONORÉ DE BALZAC,GRADIFCO ,EXCELENTE,M4H3
DRTSC.2.2565,TRISTÁN E ISOLDA,BÉROUL Y THOMAS,DIRECCIÓN DE PUBLICACIONES E IMPRESOS (DPI),EXCELENTE,M4H3
DRTSC.2.2566,TRISTÁN E ISOLDA,BÉROUL Y THOMAS,DIRECCIÓN DE PUBLICACIONES E IMPRESOS (DPI),EXCELENTE,M4H3
DRTSC.2.2567,TRISTÁN E ISOLDA,BÉROUL Y THOMAS,DIRECCIÓN DE PUBLICACIONES E IMPRESOS (DPI),EXCELENTE,M4H3
DRTSC.2.2568,VIAJE AL CENTRO DE LA TIERRA,JULIO VERNE,PANAMERICANA EDITORIAL,EXCELENTE,M4H3
DRTSC.2.2569,VIAJE AL CENTRO DE LA TIERRA,JULIO VERNE,GRADIFCO,EXCELENTE,M4H3
DRTSC.2.2570,VIAJE AL CENTRO DE LA TIERRA,JULIO VERNE,PLUTÓN EDICIONES,EXCELENTE,M4H3
DRTSC.2.2571,VIAJE AL CENTRO DE LA TIERRA,JULIO VERNE,PLUTÓN EDICIONES,EXCELENTE,M4H3
DRTSC.2.2572,20.000 LEGUAS DE VIAJE SUBMARINO,JULIO VERNE,GRADIFCO,EXCELENTE,M4H3
DRTSC.2.2573,20.000 LEGUAS DE VIAJE SUBMARINO,JULIO VERNE,GRADIFCO,EXCELENTE,M4H3
DRTSC.2.2574,20.000 LEGUAS DE VIAJE SUBMARINO,JULIO VERNE,GRADIFCO,EXCELENTE,M4H3
DRTSC.2.2575,20.000 LEGUAS DE VIAJE SUBMARINO,JULIO VERNE,GRADIFCO,EXCELENTE,M4H3
DRTSC.2.2576,CUENTOS DE AQUÍ Y DE MÁS ALLÁ,ROBERT MARCUSE,PANAMERICANA EDITORIAL,EXCELENTE,M4H3
DRTSC.2.2577,CUENTOS DE AQUÍ Y DE MÁS ALLÁ,ROBERT MARCUSE,PANAMERICANA EDITORIAL,EXCELENTE,M4H3
DRTSC.2.2578,DIVINA COMEDIA,DANTE ALIGHIERI,PLUTÓN EDICIONES,EXCELENTE,M4H4
DRTSC.2.2579,DIVINA COMEDIA,DANTE ALIGHIERI,PLUTÓN EDICIONES,EXCELENTE,M4H4
DRTSC.2.2580,SEIS PERSONAJES EN BUSCA DE AUTOR,LUIGI PIRANDELLO,GRADIFCO,EXCELENTE,M4H4
DRTSC.2.2581,DECAMERÓN,GIOVANNI BOCCACCÍO,GRADIFCO,EXCELENTE,M4H4
DRTSC.2.2582,"MI HERMANO PERSIGUE DINOSAURIOS. LA HISTORIA DE GIO, UN NIÑO CON UN CROMOSOMA DE MÁS",GIACOMO MAZZARIOL,PENGUIN RANDOM HOUSE GRUPO EDITORIAL,EXCELENTE,M4H4
DRTSC.2.2583,PINOCHO (ILUSTRADO),CARLO COLLODI,EDICIONES BRONTES,EXCELENTE,M4H4
DRTSC.2.2584,ANTOLOGÍA POÉTICA,FEDERICO GARCÍA LORCA,EDITORIAL JURÍDICA SALVADOREÑA,EXCELENTE,M4H4
DRTSC.2.2585,LA VOZ A TI DEBIDA RAZÓN DE AMOR,PEDRO SALINAS,EDITORIAL CASTALIA,EXCELENTE,M4H4
DRTSC.2.2586,RIMAS,GUSTAVO A. BÉCQUER,EDEBÉ,EXCELENTE,M4H4
DRTSC.2.2587,RIMAS,GUSTAVO A. BÉCQUER,EDEBÉ,EXCELENTE,M4H4
DRTSC.2.2588,RIMAS,GUSTAVO A. BÉCQUER,GRADIFCO,EXCELENTE,M4H4
DRTSC.2.2589,RIMAS Y LEYENDAS,GUSTAVO A. BÉCQUER,GRADIFCO,EXCELENTE,M4H4
DRTSC.2.2590,POEMA DEL MÍO CID,ANÓNIMO,GRADIFCO,EXCELENTE,M4H4
DRTSC.2.2591,POEMA DEL MÍO CID,ANÓNIMO,EDITORIAL CLÁSICOS ROXSIL,EXCELENTE,M4H4
DRTSC.2.2592,POESÍA,GARCILASO DE LA VEGA,EDEBÉ,EXCELENTE,M4H4
DRTSC.2.2593,POESÍA,GARCILASO DE LA VEGA,EDEBÉ,EXCELENTE,M4H4
DRTSC.2.2594,ROMANCERO GITANO,FEDERICO GARCÍA LORCA,PLUTÓN EDICIONES,EXCELENTE,M4H4
DRTSC.2.2595,ROMANCERO GITANO,FEDERICO GARCÍA LORCA,PLUTÓN EDICIONES,EXCELENTE,M4H4
DRTSC.2.2596,ROMANCERO GITANO. POETA EN NUEVA YORK,FEDERICO GARCÍA LORCA,GRUPO EDITORIAL TOMO,EXCELENTE,M4H4
DRTSC.2.2597,SELECCIÓN DE MEJORES POEMAS,VARIOS AUTORES,S / E,EXCELENTE,M4H4
DRTSC.2.2598,24 POETAS LATINOAMERICANOS,FRANCISCO SERRANO,AIQUE GRUPO EDITOR,EXCELENTE,M4H4
DRTSC.2.2599,FAUSTO,ESTANISLAO DEL CAMPO,GRADIFCO,EXCELENTE,M4H4
DRTSC.2.2600,POESIA Y PROSA ,ALMAFUERTE,GRADIFCO,EXCELENTE,M4H4
DRTSC.2.2601,LOS VERSOS DEL CAPITÁN,PABLO NERUDA,EDITORIAL PLANETA MEXICANA,EXCELENTE,M4H4
DRTSC.2.2602,NODO ,MORALES MONTERRÍOS,VALPARAÍSO EDICIONES,EXCELENTE,M4H4
DRTSC.2.2603,NODO ,MORALES MONTERRÍOS,VALPARAÍSO EDICIONES,EXCELENTE,M4H4
DRTSC.2.2604,NODO ,MORALES MONTERRÍOS,VALPARAÍSO EDICIONES,EXCELENTE,M4H4
DRTSC.2.2605,NODO ,MORALES MONTERRÍOS,VALPARAÍSO EDICIONES,EXCELENTE,M4H4
DRTSC.2.2606,NODO ,MORALES MONTERRÍOS,VALPARAÍSO EDICIONES,EXCELENTE,M4H4
DRTSC.2.2607,20 POEMAS DE AMOR Y UNA CANCIÓN DESESPERADA,PABLO NERUDA,GRADIFCO,EXCELENTE,M4H4
DRTSC.2.2608,20 POEMAS DE AMOR Y UNA CANCIÓN DESESPERADA,PABLO NERUDA,GRADIFCO,EXCELENTE,M4H4
DRTSC.2.2609,20 POEMAS DE AMOR Y UNA CANCIÓN DESESPERADA,PABLO NERUDA,EDITORIAL CLÁSICOS ROXSIL,EXCELENTE,M4H4
DRTSC.2.2610,EN EL OÍDO AZUL DE LA ESPESURA,VÍCTOR RIVERA,VALPARAÍSO EDICIONES,EXCELENTE,M4H5
DRTSC.2.2611,EN EL OÍDO AZUL DE LA ESPESURA,VÍCTOR RIVERA,VALPARAÍSO EDICIONES,EXCELENTE,M4H5
DRTSC.2.2612,EN EL OÍDO AZUL DE LA ESPESURA,VÍCTOR RIVERA,VALPARAÍSO EDICIONES,EXCELENTE,M4H5
DRTSC.2.2613,EN EL OÍDO AZUL DE LA ESPESURA,VÍCTOR RIVERA,VALPARAÍSO EDICIONES,EXCELENTE,M4H5
DRTSC.2.2614,EN EL OÍDO AZUL DE LA ESPESURA,VÍCTOR RIVERA,VALPARAÍSO EDICIONES,EXCELENTE,M4H5
DRTSC.2.2615,PÁGINAS COLOMBIANAS: POESÍA Y OTROS TEMAS,TITO MOSQUERA IRURITA,DIRECCIÓN DE PUBLICACIONES E IMPRESOS  (DPI),EXCELENTE,M4H5
DRTSC.2.2616,PÁGINAS COLOMBIANAS: POESÍA Y OTROS TEMAS,TITO MOSQUERA IRURITA,DIRECCIÓN DE PUBLICACIONES E IMPRESOS  (DPI),EXCELENTE,M4H5
DRTSC.2.2617,PÁGINAS COLOMBIANAS: POESÍA Y OTROS TEMAS,TITO MOSQUERA IRURITA,DIRECCIÓN DE PUBLICACIONES E IMPRESOS  (DPI),EXCELENTE,M4H5
DRTSC.2.2618,ANTOLOGÍA DE LA LOCURA,ALBERTO ORELLANA RAMÍREZ,EDITORIAL LIS,EXCELENTE,M4H5
DRTSC.2.2619,A LA IZQUIERDA DEL CORAZÓN II: SEGUIREMOS PRONUNCIANDO TU NOMBRE. ANTOLOGÍA POÉTICA: HOMENAJE A ROQUE DALTON,"JORGE ALBERTO RODRIGUEZ CANALES, LUIS MELGAR BRIZUELA Y JOSEFINA SIBRIÁN DE RODRÍGUEZ",EDITORIAL SHURSHIKUIKAT,EXCELENTE,M4H5
DRTSC.2.2620,ATÁVICA MEMORIA: VIRGINIA,LAURI GARCÍA DUEÑAS,DIRECCIÓN DE PUBLICACIONES E IMPRESOS (DPI),EXCELENTE,M4H5
DRTSC.2.2621,ATÁVICA MEMORIA: VIRGINIA,LAURI GARCÍA DUEÑAS,DIRECCIÓN DE PUBLICACIONES E IMPRESOS (DPI),EXCELENTE,M4H5
DRTSC.2.2622,ATÁVICA MEMORIA: VIRGINIA,LAURI GARCÍA DUEÑAS,DIRECCIÓN DE PUBLICACIONES E IMPRESOS (DPI),EXCELENTE,M4H5
DRTSC.2.2623,BALCÓN DEL VÉRTIGO,ANDRÉ CRUCHAGA,DIRECCIÓN DE PUBLICACIONES E IMPRESOS (DPI),EXCELENTE,M4H5
DRTSC.2.2624,BALCÓN DEL VÉRTIGO,ANDRÉ CRUCHAGA,DIRECCIÓN DE PUBLICACIONES E IMPRESOS (DPI),EXCELENTE,M4H5
DRTSC.2.2625,BALCÓN DEL VÉRTIGO,ANDRÉ CRUCHAGA,DIRECCIÓN DE PUBLICACIONES E IMPRESOS (DPI),EXCELENTE,M4H5
DRTSC.2.2626,CANTO GERMINAL: PREMIO DE POESÍA HUGO LINDO EN EL CENTENARIO DE SU NACIMIENTO (1917 - 2017),JUAN CARLOS CÁRCAMO,DIRECCIÓN DE PUBLICACIONES E IMPRESOS (DPI),EXCELENTE,M4H5
DRTSC.2.2627,CANTO GERMINAL: PREMIO DE POESÍA HUGO LINDO EN EL CENTENARIO DE SU NACIMIENTO (1917 - 2017),JUAN CARLOS CÁRCAMO,DIRECCIÓN DE PUBLICACIONES E IMPRESOS (DPI),EXCELENTE,M4H5
DRTSC.2.2628,CANTO GERMINAL: PREMIO DE POESÍA HUGO LINDO EN EL CENTENARIO DE SU NACIMIENTO (1917 - 2017),JUAN CARLOS CÁRCAMO,DIRECCIÓN DE PUBLICACIONES E IMPRESOS (DPI),EXCELENTE,M4H5
DRTSC.2.2629,CIEGO AFÁN,ITALO LÓPEZ VALLECILLOS ,DIRECCIÓN DE PUBLICACIONES E IMPRESOS (DPI),EXCELENTE,M4H5
DRTSC.2.2630,CIEGO AFÁN,ITALO LÓPEZ VALLECILLOS ,DIRECCIÓN DE PUBLICACIONES E IMPRESOS (DPI),EXCELENTE,M4H5
DRTSC.2.2631,CIEGO AFÁN,ITALO LÓPEZ VALLECILLOS ,DIRECCIÓN DE PUBLICACIONES E IMPRESOS (DPI),EXCELENTE,M4H5
DRTSC.2.2632,CONCIERTO DE BARRO SOLAR,"MARLENY DE J. HERRERA, KENNY RODRÍGUEZ Y LILIAN A. MARTÍNEZ",FUNDACIÓN MARÍA ESCALON DE NUÑEZ,EXCELENTE,M4H5
DRTSC.2.2633,CORASÓN CON S,SERAFÍN QUITEÑO,DIRECCIÓN DE PUBLICACIONES E IMPRESOS (DPI),EXCELENTE,M4H5
DRTSC.2.2634,CORASÓN CON S,SERAFÍN QUITEÑO,DIRECCIÓN DE PUBLICACIONES E IMPRESOS (DPI),EXCELENTE,M4H5
DRTSC.2.2635,CORASÓN CON S,SERAFÍN QUITEÑO,DIRECCIÓN DE PUBLICACIONES E IMPRESOS (DPI),EXCELENTE,M4H5
DRTSC.2.2636,CUANDO SE ENCIENDAN LAS LÁMPARAS,ROBERTO ARMIJO,DIRECCIÓN DE PUBLICACIONES E IMPRESOS (DPI),EXCELENTE,M4H5
DRTSC.2.2637,CUANDO SE ENCIENDAN LAS LÁMPARAS,ROBERTO ARMIJO,DIRECCIÓN DE PUBLICACIONES E IMPRESOS (DPI),EXCELENTE,M4H5
DRTSC.2.2638,CUANDO SE ENCIENDAN LAS LÁMPARAS,ROBERTO ARMIJO,DIRECCIÓN DE PUBLICACIONES E IMPRESOS (DPI),EXCELENTE,M4H5
DRTSC.2.2639,DEL IMPOSIBLE RETORNO,ALBERTO QUIÑÓNEZ CASTRO,DIRECCIÓN DE PUBLICACIONES E IMPRESOS (DPI),EXCELENTE,M4H5
DRTSC.2.2640,DEL IMPOSIBLE RETORNO,ALBERTO QUIÑÓNEZ CASTRO,DIRECCIÓN DE PUBLICACIONES E IMPRESOS (DPI),EXCELENTE,M4H5
DRTSC.2.2641,DEL IMPOSIBLE RETORNO,ALBERTO QUIÑÓNEZ CASTRO,DIRECCIÓN DE PUBLICACIONES E IMPRESOS (DPI),EXCELENTE,M4H5
DRTSC.2.2642,DEVOCIONARIO,DAVID ESCOBAR GALINDO,EDITORIAL RUBÉN H. DIMAS,EXCELENTE,M4H5
DRTSC.2.2643,DONDE HABITA LA LLUVIA,JUAN CARLOS CÁRCAMO,DIRECCIÓN DE PUBLICACIONES E IMPRESOS (DPI),EXCELENTE,M4H5
DRTSC.2.2644,DONDE HABITA LA LLUVIA,JUAN CARLOS CÁRCAMO,DIRECCIÓN DE PUBLICACIONES E IMPRESOS (DPI),EXCELENTE,M4H5
DRTSC.2.2645,DONDE HABITA LA LLUVIA,JUAN CARLOS CÁRCAMO,DIRECCIÓN DE PUBLICACIONES E IMPRESOS (DPI),EXCELENTE,M4H5
DRTSC.2.2646,DOS,LORENA HENRÍQUEZ,DIRECCIÓN DE PUBLICACIONES E IMPRESOS (DPI),EXCELENTE,M4H5
DRTSC.2.2647,DOS,LORENA HENRÍQUEZ,DIRECCIÓN DE PUBLICACIONES E IMPRESOS (DPI),EXCELENTE,M4H5
DRTSC.2.2648,DOS,LORENA HENRÍQUEZ,DIRECCIÓN DE PUBLICACIONES E IMPRESOS (DPI),EXCELENTE,M4H5
DRTSC.2.2649,DOS NACIONES EN VERSOS II. ANTOLOGÍA POÉTICA CUBANA - SALVADOREÑA,"JORGE ALBERTO RODRIGUEZ CANALES, LUIS MELGAR BRIZUELA Y JOSEFINA SIBRIÁN DE RODRÍGUEZ",EDITORIAL SHURSHIKUIKAT,EXCELENTE,M4H5
DRTSC.2.2650,EL BOSQUE DE APOLO Y OTROS POEMAS,VICENTE ROSALES Y ROSALES,DIRECCIÓN DE PUBLICACIONES E IMPRESOS (DPI),EXCELENTE,M4H5
DRTSC.2.2651,EL BOSQUE DE APOLO Y OTROS POEMAS,VICENTE ROSALES Y ROSALES,DIRECCIÓN DE PUBLICACIONES E IMPRESOS (DPI),EXCELENTE,M4H5
DRTSC.2.2652,EL BOSQUE DE APOLO Y OTROS POEMAS,VICENTE ROSALES Y ROSALES,DIRECCIÓN DE PUBLICACIONES E IMPRESOS (DPI),EXCELENTE,M4H5
DRTSC.2.2653,EL GRITO ES HACIA DENTRO,MARÍA CRISTINA ORANTES,DIRECCIÓN DE PUBLICACIONES E IMPRESOS (DPI),EXCELENTE,M4H5
DRTSC.2.2654,EL GRITO ES HACIA DENTRO,MARÍA CRISTINA ORANTES,DIRECCIÓN DE PUBLICACIONES E IMPRESOS (DPI),EXCELENTE,M4H5
DRTSC.2.2655,EL SURCO DE LA ESTIRPE. POESÍA COMPLETA,PEDRO GEOFFROY RIVAS,DIRECCIÓN DE PUBLICACIONES E IMPRESOS (DPI),EXCELENTE,M4H5
DRTSC.2.2656,EL SURCO DE LA ESTIRPE. POESÍA COMPLETA,PEDRO GEOFFROY RIVAS,DIRECCIÓN DE PUBLICACIONES E IMPRESOS (DPI),EXCELENTE,M4H5
DRTSC.2.2657,EL SURCO DE LA ESTIRPE. POESÍA COMPLETA,PEDRO GEOFFROY RIVAS,DIRECCIÓN DE PUBLICACIONES E IMPRESOS (DPI),EXCELENTE,M4H5
DRTSC.2.2658,EL SURCO DE LA ESTIRPE. POESÍA COMPLETA,PEDRO GEOFFROY RIVAS,DIRECCIÓN DE PUBLICACIONES E IMPRESOS (DPI),EXCELENTE,M4H5
DRTSC.2.2659,EN BUSCA DE ÍTACA. OBRA ESCOGIDA,ROBERTO ARMIJO,DIRECCIÓN DE PUBLICACIONES E IMPRESOS (DPI),EXCELENTE,M5I1
DRTSC.2.2660,EN BUSCA DE ÍTACA. OBRA ESCOGIDA,ROBERTO ARMIJO,DIRECCIÓN DE PUBLICACIONES E IMPRESOS (DPI),EXCELENTE,M5I1
DRTSC.2.2661,EN BUSCA DE ÍTACA. OBRA ESCOGIDA,ROBERTO ARMIJO,DIRECCIÓN DE PUBLICACIONES E IMPRESOS (DPI),EXCELENTE,M5I1
DRTSC.2.2662,ENTRE AYER Y MAÑANA,RENÁN ALCIDES ORELLANA,IMPRENTA CRITERIO,EXCELENTE,M5I1
DRTSC.2.2663,ENTRE UNA Y TRES DE LA MADRUGADA,JOHANNA RAABE,DIRECCIÓN DE PUBLICACIONES E IMPRESOS (DPI),EXCELENTE,M5I1
DRTSC.2.2664,ENTRE UNA Y TRES DE LA MADRUGADA,JOHANNA RAABE,DIRECCIÓN DE PUBLICACIONES E IMPRESOS (DPI),EXCELENTE,M5I1
DRTSC.2.2665,ENTRE UNA Y TRES DE LA MADRUGADA,JOHANNA RAABE,DIRECCIÓN DE PUBLICACIONES E IMPRESOS (DPI),EXCELENTE,M5I1
DRTSC.2.2666,FIN DE HOMBRE,VLADIMIR AMAYA,DIRECCIÓN DE PUBLICACIONES E IMPRESOS (DPI),EXCELENTE,M5I1
DRTSC.2.2667,FIN DE HOMBRE,VLADIMIR AMAYA,DIRECCIÓN DE PUBLICACIONES E IMPRESOS (DPI),EXCELENTE,M5I1
DRTSC.2.2668,FIN DE HOMBRE,VLADIMIR AMAYA,DIRECCIÓN DE PUBLICACIONES E IMPRESOS (DPI),EXCELENTE,M5I1
DRTSC.2.2669,FUNERAL DE ÁRBOLES,ROBERTO DERAS,DIRECCIÓN DE PUBLICACIONES E IMPRESOS (DPI),EXCELENTE,M5I1
DRTSC.2.2670,FUNERAL DE ÁRBOLES,ROBERTO DERAS,DIRECCIÓN DE PUBLICACIONES E IMPRESOS (DPI),EXCELENTE,M5I1
DRTSC.2.2671,FUNERAL DE ÁRBOLES,ROBERTO DERAS,DIRECCIÓN DE PUBLICACIONES E IMPRESOS (DPI),EXCELENTE,M5I1
DRTSC.2.2672,JÍCARAS TRISTES,ALFREDO ESPINO,DIRECCIÓN DE PUBLICACIONES E IMPRESOS (DPI),EXCELENTE,M5I1
DRTSC.2.2673,JÍCARAS TRISTES,ALFREDO ESPINO,DIRECCIÓN DE PUBLICACIONES E IMPRESOS (DPI),EXCELENTE,M5I1
DRTSC.2.2674,JÍCARAS TRISTES,ALFREDO ESPINO,DIRECCIÓN DE PUBLICACIONES E IMPRESOS (DPI),EXCELENTE,M5I1
DRTSC.2.2675,JÍCARAS TRISTES,ALFREDO ESPINO,EDITORIAL CLÁSICOS ROXSIL,EXCELENTE,M5I1
DRTSC.2.2676,JUGLARSE LA VIDA ,RICARDO CASTRORRIVAS,DIRECCIÓN DE PUBLICACIONES E IMPRESOS (DPI),EXCELENTE,M5I1
DRTSC.2.2677,JUGLARSE LA VIDA ,RICARDO CASTRORRIVAS,DIRECCIÓN DE PUBLICACIONES E IMPRESOS (DPI),EXCELENTE,M5I1
DRTSC.2.2678,JUGLARSE LA VIDA ,RICARDO CASTRORRIVAS,DIRECCIÓN DE PUBLICACIONES E IMPRESOS (DPI),EXCELENTE,M5I1
DRTSC.2.2679,JUGUEMOS A CONTAR CUENTOS,KORINA BRUNI,KORINA BRUNI,EXCELENTE,M5I1
DRTSC.2.2680,LA GRIETA,RENÉ FIGUEROA,DIRECCIÓN DE PUBLICACIONES E IMPRESOS (DPI),EXCELENTE,M5I1
DRTSC.2.2681,LA GRIETA,RENÉ FIGUEROA,DIRECCIÓN DE PUBLICACIONES E IMPRESOS (DPI),EXCELENTE,M5I1
DRTSC.2.2682,LA GRIETA,RENÉ FIGUEROA,DIRECCIÓN DE PUBLICACIONES E IMPRESOS (DPI),EXCELENTE,M5I1
DRTSC.2.2683,LA HABITACIÓN,JORGE GALÁN,DIRECCIÓN DE PUBLICACIONES E IMPRESOS (DPI),EXCELENTE,M5I1
DRTSC.2.2684,LA HABITACIÓN,JORGE GALÁN,DIRECCIÓN DE PUBLICACIONES E IMPRESOS (DPI),EXCELENTE,M5I1
DRTSC.2.2685,LA HABITACIÓN,JORGE GALÁN,DIRECCIÓN DE PUBLICACIONES E IMPRESOS (DPI),EXCELENTE,M5I1
DRTSC.2.2686,LA HABITACIÓN,JORGE GALÁN,DIRECCIÓN DE PUBLICACIONES E IMPRESOS (DPI),EXCELENTE,M5I1
DRTSC.2.2687,LA PRINCESA DE LOS AHORCADOS Y OTRAS CREATURAS AÉREAS,VLADIMIR AMAYA,DIRECCIÓN DE PUBLICACIONES E IMPRESOS (DPI),EXCELENTE,M5I1
DRTSC.2.2688,LA PRINCESA DE LOS AHORCADOS Y OTRAS CREATURAS AÉREAS,VLADIMIR AMAYA,DIRECCIÓN DE PUBLICACIONES E IMPRESOS (DPI),EXCELENTE,M5I1
DRTSC.2.2689,LA PRINCESA DE LOS AHORCADOS Y OTRAS CREATURAS AÉREAS,VLADIMIR AMAYA,DIRECCIÓN DE PUBLICACIONES E IMPRESOS (DPI),EXCELENTE,M5I1
DRTSC.2.2690,LA VENTANA EN EL ROSTRO,ROQUE DALTON,DIRECCIÓN DE PUBLICACIONES E IMPRESOS (DPI),EXCELENTE,M5I1
DRTSC.2.2691,LAS HISTORIAS PROHIBIDAS DEL PULGARCITO,ROQUE DALTON,MINISTERIO DE EDUCACIÓN (MINED),EXCELENTE,M5I1
DRTSC.2.2692,LAS HISTORIAS PROHIBIDAS DEL PULGARCITO,ROQUE DALTON,MINISTERIO DE EDUCACIÓN (MINED),EXCELENTE,M5I1
DRTSC.2.2693,LAS HISTORIAS PROHIBIDAS DEL PULGARCITO,ROQUE DALTON,MINISTERIO DE EDUCACIÓN (MINED),EXCELENTE,M5I1
DRTSC.2.2694,LAS HISTORIAS PROHIBIDAS DEL PULGARCITO,ROQUE DALTON,MINISTERIO DE EDUCACIÓN (MINED),EXCELENTE,M5I1
DRTSC.2.2695,LAS HISTORIAS PROHIBIDAS DEL PULGARCITO,ROQUE DALTON,MINISTERIO DE EDUCACIÓN (MINED),EXCELENTE,M5I1
DRTSC.2.2696,LAS HISTORIAS PROHIBIDAS DEL PULGARCITO,ROQUE DALTON,MINISTERIO DE EDUCACIÓN (MINED),EXCELENTE,M5I1
DRTSC.2.2697,LAS HISTORIAS PROHIBIDAS DEL PULGARCITO,ROQUE DALTON,MINISTERIO DE EDUCACIÓN (MINED),EXCELENTE,M5I1
DRTSC.2.2698,LAS HISTORIAS PROHIBIDAS DEL PULGARCITO,ROQUE DALTON,MINISTERIO DE EDUCACIÓN (MINED),EXCELENTE,M5I1
DRTSC.2.2699,LAS OTRAS VOCES. ANTOLOGÍA DE POESÍA JOVEN SALVADOREÑA,"LYA AYALA, ROXANA MÉNDEZ, CLAUDIA MEYER, KRISMA MANCÍA Y OTROS",DIRECCIÓN DE PUBLICACIONES E IMPRESOS (DPI),EXCELENTE,M5I1
DRTSC.2.2700,LAS OTRAS VOCES. ANTOLOGÍA DE POESÍA JOVEN SALVADOREÑA,"LYA AYALA, ROXANA MÉNDEZ, CLAUDIA MEYER, KRISMA MANCÍA Y OTROS",DIRECCIÓN DE PUBLICACIONES E IMPRESOS (DPI),EXCELENTE,M5I1
DRTSC.2.2701,LAS OTRAS VOCES. ANTOLOGÍA DE POESÍA JOVEN SALVADOREÑA,"LYA AYALA, ROXANA MÉNDEZ, CLAUDIA MEYER, KRISMA MANCÍA Y OTROS",DIRECCIÓN DE PUBLICACIONES E IMPRESOS (DPI),EXCELENTE,M5I1
DRTSC.2.2702,LÍNEA SIN FIN,RENAN ALCIDES ORELLANA,TALLERES GRÁFICOS UCA EDITORES,EXCELENTE,M5I1
DRTSC.2.2703,LOS FUSIBLES FOSFORESCENTES,ALFONSO FAJARDO,DIRECCIÓN DE PUBLICACIONES E IMPRESOS (DPI),EXCELENTE,M5I2
DRTSC.2.2704,LOS FUSIBLES FOSFORESCENTES,ALFONSO FAJARDO,DIRECCIÓN DE PUBLICACIONES E IMPRESOS (DPI),EXCELENTE,M5I2
DRTSC.2.2705,LOS FUSIBLES FOSFORESCENTES,ALFONSO FAJARDO,DIRECCIÓN DE PUBLICACIONES E IMPRESOS (DPI),EXCELENTE,M5I2
DRTSC.2.2706,LOS NIETOS DEL JAGUAR,PEDRO GEOFFROY RIVAS,DIRECCIÓN DE PUBLICACIONES E IMPRESOS,EXCELENTE,M5I2
DRTSC.2.2707,LOS NIETOS DEL JAGUAR,PEDRO GEOFFROY RIVAS,DIRECCIÓN DE PUBLICACIONES E IMPRESOS,EXCELENTE,M5I2
DRTSC.2.2708,LOS NIETOS DEL JAGUAR,PEDRO GEOFFROY RIVAS,DIRECCIÓN DE PUBLICACIONES E IMPRESOS,EXCELENTE,M5I2
DRTSC.2.2709,LOS PECES NACEN EN LOS ÁRBOLES,AÍDA FLORES ESCALANTE,EDITORIAL RUBÉN H. DIMAS,EXCELENTE,M5I2
DRTSC.2.2710,MADRE - FLOR DEL UNIVERSO,HYLDA MILLAN,IMPRENTA RICALDONE,EXCELENTE,M5I2
DRTSC.2.2711,MAÑANA SERÁ EL ASOMBRO. POESÍA COMPLETA I,HUGO LINDO,DIRECCIÓN DE PUBLICACIONES E IMPRESOS,EXCELENTE,M5I2
DRTSC.2.2712,MAÑANA SERÁ EL ASOMBRO. POESÍA COMPLETA I,HUGO LINDO,DIRECCIÓN DE PUBLICACIONES E IMPRESOS,EXCELENTE,M5I2
DRTSC.2.2713,MAÑANA SERÁ EL ASOMBRO. POESÍA COMPLETA I,HUGO LINDO,DIRECCIÓN DE PUBLICACIONES E IMPRESOS,EXCELENTE,M5I2
DRTSC.2.2714,MAÑANA SERÁ EL ASOMBRO. POESÍA COMPLETA I,HUGO LINDO,DIRECCIÓN DE PUBLICACIONES E IMPRESOS,EXCELENTE,M5I2
DRTSC.2.2715,MAÑANA SERÁ EL ASOMBRO. POESÍA COMPLETA I,HUGO LINDO,DIRECCIÓN DE PUBLICACIONES E IMPRESOS,EXCELENTE,M5I2
DRTSC.2.2716,MAÑANA SERÁ EL ASOMBRO. POESÍA COMPLETA II,HUGO LINDO,DIRECCIÓN DE PUBLICACIONES E IMPRESOS,EXCELENTE,M5I2
DRTSC.2.2717,MAÑANA SERÁ EL ASOMBRO. POESÍA COMPLETA II,HUGO LINDO,DIRECCIÓN DE PUBLICACIONES E IMPRESOS,EXCELENTE,M5I2
DRTSC.2.2718,MAÑANA SERÁ EL ASOMBRO. POESÍA COMPLETA II,HUGO LINDO,DIRECCIÓN DE PUBLICACIONES E IMPRESOS,EXCELENTE,M5I2
DRTSC.2.2719,MAÑANA SERÁ EL ASOMBRO. POESÍA COMPLETA II,HUGO LINDO,DIRECCIÓN DE PUBLICACIONES E IMPRESOS,EXCELENTE,M5I2
DRTSC.2.2720,MAÑANA SERÁ EL ASOMBRO. POESÍA COMPLETA II,HUGO LINDO,DIRECCIÓN DE PUBLICACIONES E IMPRESOS,EXCELENTE,M5I2
DRTSC.2.2721,MAÑANA SERÁ EL ASOMBRO. POESÍA COMPLETA III,HUGO LINDO,DIRECCIÓN DE PUBLICACIONES E IMPRESOS,EXCELENTE,M5I2
DRTSC.2.2722,MAÑANA SERÁ EL ASOMBRO. POESÍA COMPLETA III,HUGO LINDO,DIRECCIÓN DE PUBLICACIONES E IMPRESOS,EXCELENTE,M5I3
DRTSC.2.2723,MAÑANA SERÁ EL ASOMBRO. POESÍA COMPLETA III,HUGO LINDO,DIRECCIÓN DE PUBLICACIONES E IMPRESOS,EXCELENTE,M5I3
DRTSC.2.2724,MAÑANA SERÁ EL ASOMBRO. POESÍA COMPLETA III,HUGO LINDO,DIRECCIÓN DE PUBLICACIONES E IMPRESOS,EXCELENTE,M5I3
DRTSC.2.2725,MAÑANA SERÁ EL ASOMBRO. POESÍA COMPLETA III,HUGO LINDO,DIRECCIÓN DE PUBLICACIONES E IMPRESOS,EXCELENTE,M5I3
DRTSC.2.2726,MNEMOSINE,ROXANA MÉNDEZ,DIRECCIÓN DE PUBLICACIONES E IMPRESOS,EXCELENTE,M5I3
DRTSC.2.2727,MNEMOSINE,ROXANA MÉNDEZ,DIRECCIÓN DE PUBLICACIONES E IMPRESOS,EXCELENTE,M5I3
DRTSC.2.2728,MNEMOSINE,ROXANA MÉNDEZ,DIRECCIÓN DE PUBLICACIONES E IMPRESOS,EXCELENTE,M5I3
DRTSC.2.2729,MNEMOSINE,ROXANA MÉNDEZ,DIRECCIÓN DE PUBLICACIONES E IMPRESOS,DAÑO POR HUMEDAD,M5I3
DRTSC.2.2730,MONÓLOGO SOBRE UNA CONFLAGRACIÓN Y UN EPÍLOGO,OMAR CHÁVEZ,DIRECCIÓN DE PUBLICACIONES E IMPRESOS,EXCELENTE,M5I3
DRTSC.2.2731,MONÓLOGO SOBRE UNA CONFLAGRACIÓN Y UN EPÍLOGO,OMAR CHÁVEZ,DIRECCIÓN DE PUBLICACIONES E IMPRESOS,EXCELENTE,M5I3
DRTSC.2.2732,MONÓLOGO SOBRE UNA CONFLAGRACIÓN Y UN EPÍLOGO,OMAR CHÁVEZ,DIRECCIÓN DE PUBLICACIONES E IMPRESOS,EXCELENTE,M5I3
DRTSC.2.2733,NOCTILALIA,ROBERTO CARLOS DERAS,DIRECCIÓN DE PUBLICACIONES E IMPRESOS,EXCELENTE,M5I3
DRTSC.2.2734,NOCTILALIA,ROBERTO CARLOS DERAS,DIRECCIÓN DE PUBLICACIONES E IMPRESOS,EXCELENTE,M5I3
DRTSC.2.2735,NOCTILALIA,ROBERTO CARLOS DERAS,DIRECCIÓN DE PUBLICACIONES E IMPRESOS,EXCELENTE,M5I3
DRTSC.2.2736,NO PRONUNCIES MI NOMBRE. POESÍA COMPLETA I,ROQUE DALTON,DIRECCIÓN DE PUBLICACIONES E IMPRESOS,EXCELENTE,M5I3
DRTSC.2.2737,NO PRONUNCIES MI NOMBRE. POESÍA COMPLETA I,ROQUE DALTON,DIRECCIÓN DE PUBLICACIONES E IMPRESOS,EXCELENTE,M5I3
DRTSC.2.2738,NO PRONUNCIES MI NOMBRE. POESÍA COMPLETA I,ROQUE DALTON,DIRECCIÓN DE PUBLICACIONES E IMPRESOS,EXCELENTE,M5I3
DRTSC.2.2739,OBRA ESCOGIDA I,MATILDE ELENA LÓPEZ,DIRECCIÓN DE PUBLICACIONES E IMPRESOS,EXCELENTE,M5I3
DRTSC.2.2740,OBRA ESCOGIDA I,MATILDE ELENA LÓPEZ,DIRECCIÓN DE PUBLICACIONES E IMPRESOS,EXCELENTE,M5I3
DRTSC.2.2741,OBRA ESCOGIDA I,MATILDE ELENA LÓPEZ,DIRECCIÓN DE PUBLICACIONES E IMPRESOS,EXCELENTE,M5I3
DRTSC.2.2742,OBRA POÉTICA,RAUL CONTRERAS,DIRECCIÓN DE PUBLICACIONES E IMPRESOS,EXCELENTE,M5I3
DRTSC.2.2743,OBRA POÉTICA,RAUL CONTRERAS,DIRECCIÓN DE PUBLICACIONES E IMPRESOS,EXCELENTE,M5I3
DRTSC.2.2744,OBRA POÉTICA,RAUL CONTRERAS,DIRECCIÓN DE PUBLICACIONES E IMPRESOS,EXCELENTE,M5I3
DRTSC.2.2745,OBRAS: POESÍA Y PROSA,RICARDO TRIGUEROS DE LEÓN,DIRECCIÓN DE PUBLICACIONES E IMPRESOS,EXCELENTE,M5I4
DRTSC.2.2746,OBRAS: POESÍA Y PROSA,RICARDO TRIGUEROS DE LEÓN,DIRECCIÓN DE PUBLICACIONES E IMPRESOS,EXCELENTE,M5I4
DRTSC.2.2747,OBRAS: POESÍA Y PROSA,RICARDO TRIGUEROS DE LEÓN,DIRECCIÓN DE PUBLICACIONES E IMPRESOS,EXCELENTE,M5I4
DRTSC.2.2748,PALABRA DE DIOSA,CARMEN GONZÁLEZ HUGUET,DIRECCIÓN DE PUBLICACIONES E IMPRESOS,EXCELENTE,M5I4
DRTSC.2.2749,PALABRA DE DIOSA,CARMEN GONZÁLEZ HUGUET,DIRECCIÓN DE PUBLICACIONES E IMPRESOS,EXCELENTE,M5I4
DRTSC.2.2750,PALABRA DE DIOSA,CARMEN GONZÁLEZ HUGUET,DIRECCIÓN DE PUBLICACIONES E IMPRESOS,EXCELENTE,M5I4
DRTSC.2.2751,PARA ASCENDER AL ALBA,ROQUE DALTON,MINISTERIO DE EDUCACIÓN (MINED),EXCELENTE,M5I4
DRTSC.2.2752,PARA ASCENDER AL ALBA,ROQUE DALTON,MINISTERIO DE EDUCACIÓN (MINED),EXCELENTE,M5I4
DRTSC.2.2753,PARA ASCENDER AL ALBA,ROQUE DALTON,MINISTERIO DE EDUCACIÓN (MINED),EXCELENTE,M5I4
DRTSC.2.2754,PARA ASCENDER AL ALBA,ROQUE DALTON,MINISTERIO DE EDUCACIÓN (MINED),EXCELENTE,M5I4
DRTSC.2.2755,PARA ASCENDER AL ALBA,ROQUE DALTON,MINISTERIO DE EDUCACIÓN (MINED),EXCELENTE,M5I4
DRTSC.2.2756,PARA ASCENDER AL ALBA,ROQUE DALTON,MINISTERIO DE EDUCACIÓN (MINED),EXCELENTE,M5I4
DRTSC.2.2757,PARA ASCENDER AL ALBA,ROQUE DALTON,MINISTERIO DE EDUCACIÓN (MINED),EXCELENTE,M5I4
DRTSC.2.2758,PASIÓN DEL TIEMPO,DAVID ESCOBAR GALINDO,DIRECCIÓN DE PUBLICACIONES E IMPRESOS,EXCELENTE,M5I4
DRTSC.2.2759,PASIÓN DEL TIEMPO,DAVID ESCOBAR GALINDO,DIRECCIÓN DE PUBLICACIONES E IMPRESOS,EXCELENTE,M5I4
DRTSC.2.2760,PASIÓN DEL TIEMPO,DAVID ESCOBAR GALINDO,DIRECCIÓN DE PUBLICACIONES E IMPRESOS,EXCELENTE,M5I4
DRTSC.2.2761,PERFIL DE LA RAÍZ,RICARDO BOGRAND,DIRECCIÓN DE PUBLICACIONES E IMPRESOS,EXCELENTE,M5I4
DRTSC.2.2762,PERFIL DE LA RAÍZ,RICARDO BOGRAND,DIRECCIÓN DE PUBLICACIONES E IMPRESOS,EXCELENTE,M5I4
DRTSC.2.2763,PERFIL DE LA RAÍZ,RICARDO BOGRAND,DIRECCIÓN DE PUBLICACIONES E IMPRESOS,EXCELENTE,M5I4
DRTSC.2.2764,POBRECITO POETA QUE ERA YO,ROQUE DALTON,MINISTERIO DE EDUCACIÓN (MINED),EXCELENTE,M5I4
DRTSC.2.2765,POBRECITO POETA QUE ERA YO,ROQUE DALTON,MINISTERIO DE EDUCACIÓN (MINED),EXCELENTE,M5I4
DRTSC.2.2766,POBRECITO POETA QUE ERA YO,ROQUE DALTON,MINISTERIO DE EDUCACIÓN (MINED),EXCELENTE,M5I4
DRTSC.2.2767,POBRECITO POETA QUE ERA YO,ROQUE DALTON,MINISTERIO DE EDUCACIÓN (MINED),EXCELENTE,M5I4
DRTSC.2.2768,POBRECITO POETA QUE ERA YO,ROQUE DALTON,MINISTERIO DE EDUCACIÓN (MINED),EXCELENTE,M5I4
DRTSC.2.2769,POBRECITO POETA QUE ERA YO,ROQUE DALTON,MINISTERIO DE EDUCACIÓN (MINED),EXCELENTE,M5I4
DRTSC.2.2770,POEMARIO A LA CIUDAD DE CHALCHUAPA: PRIMER CENTENARIO 1878 - FEBRERO 15 - 1978,ANTONIO GUEVARA,DIRECCIÓN DE PUBLICACIONES DEL MINISTERIO DE EDUCACIÓN,EXCELENTE,M5I4
DRTSC.2.2771,POEMAS DE UNO QUE NO ES POETA,CARLOS RAMÓN DÁVILA,EDITORIAL ARTYCOLOR,EXCELENTE,M5I4
DRTSC.2.2772,POESÍA DE VICENTE ACOSTA (1867 - 1908),VICENTE ACOSTA,DIRECCIÓN DE PUBLICACIONES E IMPRESOS (DPI),EXCELENTE,M5I4
DRTSC.2.2773,POESÍA DE VICENTE ACOSTA (1867 - 1908),VICENTE ACOSTA,DIRECCIÓN DE PUBLICACIONES E IMPRESOS (DPI),EXCELENTE,M5I4
DRTSC.2.2774,POESÍA DE VICENTE ACOSTA (1867 - 1908),VICENTE ACOSTA,DIRECCIÓN DE PUBLICACIONES E IMPRESOS (DPI),EXCELENTE,M5I4
DRTSC.2.2775,RUISEÑORAS DEL EDEN,MARIO NOEL RODRÍGUEZ,DIRECCIÓN DE PUBLICACIONES E IMPRESOS,EXCELENTE,M5I5
DRTSC.2.2776,RUISEÑORAS DEL EDEN,MARIO NOEL RODRÍGUEZ,DIRECCIÓN DE PUBLICACIONES E IMPRESOS,EXCELENTE,M5I5
DRTSC.2.2777,RUISEÑORAS DEL EDEN,MARIO NOEL RODRÍGUEZ,DIRECCIÓN DE PUBLICACIONES E IMPRESOS,EXCELENTE,M5I5
DRTSC.2.2778,SOBRE LOS FUEGOS EL PUENTE,HERIBERTO MONTANO,DIRECCIÓN DE PUBLICACIONES E IMPRESOS,EXCELENTE,M5I5
DRTSC.2.2779,SOBRE LOS FUEGOS EL PUENTE,HERIBERTO MONTANO,DIRECCIÓN DE PUBLICACIONES E IMPRESOS,EXCELENTE,M5I5
DRTSC.2.2780,SOBRE LOS FUEGOS EL PUENTE,HERIBERTO MONTANO,DIRECCIÓN DE PUBLICACIONES E IMPRESOS,EXCELENTE,M5I5
DRTSC.2.2781,TEMPESTAD EN UN VASO,ROBERTO LAÍNEZ DÍAZ,DIRECCIÓN DE PUBLICACIONES E IMPRESOS,EXCELENTE,M5I5
DRTSC.2.2782,TEMPESTAD EN UN VASO,ROBERTO LAÍNEZ DÍAZ,DIRECCIÓN DE PUBLICACIONES E IMPRESOS,EXCELENTE,M5I5
DRTSC.2.2783,TEMPESTAD EN UN VASO,ROBERTO LAÍNEZ DÍAZ,DIRECCIÓN DE PUBLICACIONES E IMPRESOS,EXCELENTE,M5I5
DRTSC.2.2784,TEMPESTAD EN UN VASO,ROBERTO LAÍNEZ DÍAZ,DIRECCIÓN DE PUBLICACIONES E IMPRESOS,EXCELENTE,M5I5
DRTSC.2.2785,TEMPESTAD EN UN VASO,ROBERTO LAÍNEZ DÍAZ,DIRECCIÓN DE PUBLICACIONES E IMPRESOS,EXCELENTE,M5I5
DRTSC.2.2786,TIERRA AZUL DONDE EL VENADO CRUZA,OSWALDO ESCOBAR VELADO,DIRECCIÓN DE PUBLICACIONES E IMPRESOS (DPI),EXCELENTE,M5I5
DRTSC.2.2787,TIERRA AZUL DONDE EL VENADO CRUZA,OSWALDO ESCOBAR VELADO,DIRECCIÓN DE PUBLICACIONES E IMPRESOS (DPI),EXCELENTE,M5I5
DRTSC.2.2788,TIERRA AZUL DONDE EL VENADO CRUZA,OSWALDO ESCOBAR VELADO,DIRECCIÓN DE PUBLICACIONES E IMPRESOS (DPI),EXCELENTE,M5I5
DRTSC.2.2789,TODA RAZÓN DISPERSA,ALFONSO KIJADURÍAS,DIRECCIÓN DE PUBLICACIONES E IMPRESOS (DPI),EXCELENTE,M5I5
DRTSC.2.2790,TODA RAZÓN DISPERSA,ALFONSO KIJADURÍAS,DIRECCIÓN DE PUBLICACIONES E IMPRESOS (DPI),EXCELENTE,M5I5
DRTSC.2.2791,TODA RAZÓN DISPERSA,ALFONSO KIJADURÍAS,DIRECCIÓN DE PUBLICACIONES E IMPRESOS (DPI),EXCELENTE,M5I5
DRTSC.2.2792,TODA RAZÓN DISPERSA,ALFONSO KIJADURÍAS,DIRECCIÓN DE PUBLICACIONES E IMPRESOS (DPI),EXCELENTE,M5I5
DRTSC.2.2793,TODA RAZÓN DISPERSA,ALFONSO KIJADURÍAS,DIRECCIÓN DE PUBLICACIONES E IMPRESOS (DPI),EXCELENTE,M5I5
DRTSC.2.2794,TODO EL CÓDICE,JOSÉ ROBERTO CEA,DIRECCIÓN DE PUBLICACIONES E IMPRESOS (DPI),EXCELENTE,M5I5
DRTSC.2.2795,TODO EL CÓDICE,JOSÉ ROBERTO CEA,DIRECCIÓN DE PUBLICACIONES E IMPRESOS (DPI),EXCELENTE,M5I5
DRTSC.2.2796,TODO EL CÓDICE,JOSÉ ROBERTO CEA,DIRECCIÓN DE PUBLICACIONES E IMPRESOS (DPI),EXCELENTE,M5I5
DRTSC.2.2797,VIAJE AL CENTRO DEL SUEÑO,ALEXANDER HERNÁNDEZ,DIRECCIÓN DE PUBLICACIONES E IMPRESOS (DPI),EXCELENTE,M5I5
DRTSC.2.2798,VIAJE AL CENTRO DEL SUEÑO,ALEXANDER HERNÁNDEZ,DIRECCIÓN DE PUBLICACIONES E IMPRESOS (DPI),EXCELENTE,M5I5
DRTSC.2.2799,VIAJE AL CENTRO DEL SUEÑO,ALEXANDER HERNÁNDEZ,DIRECCIÓN DE PUBLICACIONES E IMPRESOS (DPI),EXCELENTE,M5I5
DRTSC.2.2800,AZUL...,RUBÉN DARÍO,PLUTÓN EDICIONES,EXCELENTE,M5I5
DRTSC.2.2801,AZUL...,RUBÉN DARÍO,PLUTÓN EDICIONES,EXCELENTE,M5I5
DRTSC.2.2802,SAUDADE,CLARIBEL ALEGRÍA,DIRECCIÓN DE PUBLICACIONES E IMPRESOS (DPI),EXCELENTE,M5I5
DRTSC.2.2803,SAUDADE,CLARIBEL ALEGRÍA,DIRECCIÓN DE PUBLICACIONES E IMPRESOS (DPI),EXCELENTE,M5I5
DRTSC.2.2804,SAUDADE,CLARIBEL ALEGRÍA,DIRECCIÓN DE PUBLICACIONES E IMPRESOS (DPI),EXCELENTE,M5I5
DRTSC.2.2805,UN POEMA PARA EMILY DICKINSON,MIGUEL ILDEFONSO,VALPARAÍSO EDICIONES,EXCELENTE,M5I5
DRTSC.2.2806,UN POEMA PARA EMILY DICKINSON,MIGUEL ILDEFONSO,VALPARAÍSO EDICIONES,EXCELENTE,M5I5
DRTSC.2.2807,UN POEMA PARA EMILY DICKINSON,MIGUEL ILDEFONSO,VALPARAÍSO EDICIONES,EXCELENTE,M5I5
DRTSC.2.2808,UN POEMA PARA EMILY DICKINSON,MIGUEL ILDEFONSO,VALPARAÍSO EDICIONES,EXCELENTE,M5I5
DRTSC.2.2809,UN POEMA PARA EMILY DICKINSON,MIGUEL ILDEFONSO,VALPARAÍSO EDICIONES,EXCELENTE,M5I5
DRTSC.2.2810,"EL AMOR, LAS MUJERES Y LA VIDA",MARIO BENEDETTI,PENGUIN RANDOM HOUSE GRUPO EDITORIAL,EXCELENTE,M5I5
DRTSC.2.2811,TABARÉ,JUAN ZORRILLA DE SAN MARTÍN,LIBRESA,EXCELENTE,M5I5
DRTSC.2.2812,TABARÉ,JUAN ZORRILLA DE SAN MARTÍN,EDITORIAL JURÍDICA SALVADOREÑA,EXCELENTE,M5I5
DRTSC.2.2813,SELECCIONES DE LAS MEJORES POEMAS,"PABLO NERUDA, AMADO NERVO, JOSÉ ASUNCIÓN SILVA, GABRIELA MISTRAL Y OTROS",-,EXCELENTE,M5I5
DRTSC.2.2814,BODAS DE SANGRE,FEDERICO GARCÍA LORCA,GRADIFCO,EXCELENTE,M5I5
DRTSC.2.2815,DON JUAN TENORIO,JOSÉ ZORRILLA,GRADIFCO,EXCELENTE,M5I5
DRTSC.2.2816,EL GRAN TEATRO DEL MUNDO,PEDRO CALDERÓN DE LA BARCA,EDICIONES BRONTES,EXCELENTE,M5I5
DRTSC.2.2817,EL SÍ DE LAS NIÑAS,LEANDRO FERNÁNDEZ DE MORATÍN,GRADIFCO,EXCELENTE,M5I5
DRTSC.2.2818,FUENTEOVEJUNA,LOPE DE VEGA,GRADIFCO,EXCELENTE,M5I5
DRTSC.2.2819,FUENTEOVEJUNA,LOPE DE VEGA,EDITORIAL CLÁSICOS ROXSIL,EXCELENTE,M5I5
DRTSC.2.2820,LA CASA DE BERNARDA ALBA,FEDERICO GARCÍA LORCA,GRADIFCO,EXCELENTE,M5I5
DRTSC.2.2821,LA CASA DE BERNARDA ALBA,FEDERICO GARCÍA LORCA,PLUTÓN EDICIONES,EXCELENTE,M5I5
DRTSC.2.2822,LA CASA DE BERNARDA ALBA,FEDERICO GARCÍA LORCA,PLUTÓN EDICIONES,EXCELENTE,M5I5
DRTSC.2.2823,LA CELESTINA,FERNANDO DE ROJAS,GRADIFCO,EXCELENTE,M5J1
DRTSC.2.2824,LA CELESTINA,FERNANDO DE ROJAS,EDEBÉ,EXCELENTE,M5J1
DRTSC.2.2825,LA CELESTINA,FERNANDO DE ROJAS,EDEBÉ,EXCELENTE,M5J1
DRTSC.2.2826,LA VIDA ES UN SUEÑO,PEDRO CALDERÓN DE LA BARCA,EDITORIAL CLÁSICOS ROXSIL,EXCELENTE,M5J1
DRTSC.2.2827,YERMA,FEDERICO GARCÍA LORCA,EDITORIAL JURÍDICA SALVADOREÑA,EXCELENTE,M5J1
DRTSC.2.2828,YERMA,FEDERICO GARCÍA LORCA,EDITORIAL JURÍDICA SALVADOREÑA,EXCELENTE,M5J1
DRTSC.2.2829,YERMA / DOÑA ROSITA LA SOLTERA,FEDERICO GARCÍA LORCA,EDICIONES BRONTES,EXCELENTE,M5J1
DRTSC.2.2830,YERMA / LA ZAPATERA PRODIGIOSA,FEDERICO GARCÍA LORCA,GRADIFCO,EXCELENTE,M5J1
DRTSC.2.2831,¡JETTATORE!...,GREGORIO DE LAFERRERE,GRADIFCO,EXCELENTE,M5J1
DRTSC.2.2832,LOCOS DE VERANO,GREGORIO DE LAFERRERE,GRADIFCO,EXCELENTE,M5J1
DRTSC.2.2833,TRESCIENTOS MILLONES,ROBERTO ARLT,GRADIFCO,EXCELENTE,M5J1
DRTSC.2.2834,EL MARTIRIO DEL PASTOR,SAMUEL ROVINSKI,DIRECCIÓN DE PUBLICACIONES E IMPRESOS (DPI),EXCELENTE,M5J1
DRTSC.2.2835,EL MARTIRIO DEL PASTOR,SAMUEL ROVINSKI,DIRECCIÓN DE PUBLICACIONES E IMPRESOS (DPI),EXCELENTE,M5J1
DRTSC.2.2836,EL MARTIRIO DEL PASTOR,SAMUEL ROVINSKI,DIRECCIÓN DE PUBLICACIONES E IMPRESOS (DPI),EXCELENTE,M5J1
DRTSC.2.2837,BAILA BAILA BAILARINA,MAURICIO AMAYA,DIRECCIÓN DE PUBLICACIONES E IMPRESOS (DPI),EXCELENTE,M5J1
DRTSC.2.2838,BAILA BAILA BAILARINA,MAURICIO AMAYA,DIRECCIÓN DE PUBLICACIONES E IMPRESOS (DPI),EXCELENTE,M5J1
DRTSC.2.2839,BAILA BAILA BAILARINA,MAURICIO AMAYA,DIRECCIÓN DE PUBLICACIONES E IMPRESOS (DPI),EXCELENTE,M5J1
DRTSC.2.2840,CARAMELO ASOMA SU NARIZ,LORENA JUÁREZ SAAVEDRA,DIRECCIÓN DE PUBLICACIONES E IMPRESOS (DPI),EXCELENTE,M5J1
DRTSC.2.2841,CARAMELO ASOMA SU NARIZ,LORENA JUÁREZ SAAVEDRA,DIRECCIÓN DE PUBLICACIONES E IMPRESOS (DPI),EXCELENTE,M5J1
DRTSC.2.2842,CARAMELO ASOMA SU NARIZ,LORENA JUÁREZ SAAVEDRA,DIRECCIÓN DE PUBLICACIONES E IMPRESOS (DPI),EXCELENTE,M5J1
DRTSC.2.2843,DIJE TIEMPOS MÁGICOS,ALEJANDRA NOLASCO,DIRECCIÓN DE PUBLICACIONES E IMPRESOS (DPI),EXCELENTE,M5J1
DRTSC.2.2844,DIJE TIEMPOS MÁGICOS,ALEJANDRA NOLASCO,DIRECCIÓN DE PUBLICACIONES E IMPRESOS (DPI),EXCELENTE,M5J1
DRTSC.2.2845,DIJE TIEMPOS MÁGICOS,ALEJANDRA NOLASCO,DIRECCIÓN DE PUBLICACIONES E IMPRESOS (DPI),EXCELENTE,M5J1
DRTSC.2.2846,EL SOMBRERO DE OTOÑO,WALDO CHÁVEZ VELASCO,DIRECCIÓN DE PUBLICACIONES E IMPRESOS (DPI),EXCELENTE,M5J1
DRTSC.2.2847,EL SOMBRERO DE OTOÑO,WALDO CHÁVEZ VELASCO,DIRECCIÓN DE PUBLICACIONES E IMPRESOS (DPI),EXCELENTE,M5J1
DRTSC.2.2848,EL SOMBRERO DE OTOÑO,WALDO CHÁVEZ VELASCO,DIRECCIÓN DE PUBLICACIONES E IMPRESOS (DPI),EXCELENTE,M5J1
DRTSC.2.2849,JÚPITER,FRANCISCO GAVIDIA,DIRECCIÓN DE PUBLICACIONES E IMPRESOS (DPI),EXCELENTE,M5J1
DRTSC.2.2850,JÚPITER,FRANCISCO GAVIDIA,DIRECCIÓN DE PUBLICACIONES E IMPRESOS (DPI),EXCELENTE,M5J1
DRTSC.2.2851,JÚPITER,FRANCISCO GAVIDIA,DIRECCIÓN DE PUBLICACIONES E IMPRESOS (DPI),EXCELENTE,M5J1
DRTSC.2.2852,LA BICICLETA AL PIE DE LA MURALLA,ÁLVARO MENEN DESLEAL,DIRECCIÓN DE PUBLICACIONES E IMPRESOS (DPI),EXCELENTE,M5J1
DRTSC.2.2853,LA BICICLETA AL PIE DE LA MURALLA,ÁLVARO MENEN DESLEAL,DIRECCIÓN DE PUBLICACIONES E IMPRESOS (DPI),EXCELENTE,M5J1
DRTSC.2.2854,LA BICICLETA AL PIE DE LA MURALLA,ÁLVARO MENEN DESLEAL,DIRECCIÓN DE PUBLICACIONES E IMPRESOS (DPI),EXCELENTE,M5J1
DRTSC.2.2855,MUERTE EN LA CONSAGRACIÓN O LA CONSAGRACIÓN DE LA MUERTE,JOSÉ NAPOLEÓN RODRÍGUEZ,DIRECCIÓN DE PUBLICACIONES E IMPRESOS (DPI),EXCELENTE,M5J1
DRTSC.2.2856,MUERTE EN LA CONSAGRACIÓN O LA CONSAGRACIÓN DE LA MUERTE,JOSÉ NAPOLEÓN RODRÍGUEZ,DIRECCIÓN DE PUBLICACIONES E IMPRESOS (DPI),EXCELENTE,M5J1
DRTSC.2.2857,MUERTE EN LA CONSAGRACIÓN O LA CONSAGRACIÓN DE LA MUERTE,JOSÉ NAPOLEÓN RODRÍGUEZ,DIRECCIÓN DE PUBLICACIONES E IMPRESOS (DPI),EXCELENTE,M5J1
DRTSC.2.2858,NUEVO TEATRO SALVADOREÑO,"MIGUEL ÁNGEL CHINCHILLA, FRANCISCO AYALA SILVA Y EDGAR ROBERTO GUSTAVE",DIRECCIÓN DE PUBLICACIONES E IMPRESOS (DPI),EXCELENTE,M5J1
DRTSC.2.2859,NUEVO TEATRO SALVADOREÑO,"MIGUEL ÁNGEL CHINCHILLA, FRANCISCO AYALA SILVA Y EDGAR ROBERTO GUSTAVE",DIRECCIÓN DE PUBLICACIONES E IMPRESOS (DPI),EXCELENTE,M5J1
DRTSC.2.2860,NUEVO TEATRO SALVADOREÑO,"MIGUEL ÁNGEL CHINCHILLA, FRANCISCO AYALA SILVA Y EDGAR ROBERTO GUSTAVE",DIRECCIÓN DE PUBLICACIONES E IMPRESOS (DPI),EXCELENTE,M5J1
DRTSC.2.2861,OBRA DRAMÁTICA II,FRANCISCO GAVIDIA,DIRECCIÓN DE PUBLICACIONES E IMPRESOS (DPI),EXCELENTE,M5J1
DRTSC.2.2862,OBRA DRAMÁTICA II,FRANCISCO GAVIDIA,DIRECCIÓN DE PUBLICACIONES E IMPRESOS (DPI),EXCELENTE,M5J1
DRTSC.2.2863,OBRA DRAMÁTICA II,FRANCISCO GAVIDIA,DIRECCIÓN DE PUBLICACIONES E IMPRESOS (DPI),EXCELENTE,M5J1
DRTSC.2.2864,RETRATOS DE ALDEA EN BLANCO,JORGELINA CERRITOS,DIRECCIÓN DE PUBLICACIONES E IMPRESOS (DPI),EXCELENTE,M5J2
DRTSC.2.2865,RETRATOS DE ALDEA EN BLANCO,JORGELINA CERRITOS,DIRECCIÓN DE PUBLICACIONES E IMPRESOS (DPI),EXCELENTE,M5J2
DRTSC.2.2866,RETRATOS DE ALDEA EN BLANCO,JORGELINA CERRITOS,DIRECCIÓN DE PUBLICACIONES E IMPRESOS (DPI),EXCELENTE,M5J2
DRTSC.2.2867,EN FAMILIA,FLORENCIO SÁNCHEZ,GRADIFCO,EXCELENTE,M5J2
DRTSC.2.2868,ASESINATO EN LETRÓPOLIS,YOLANDA GONZÁLEZ,EDITORIAL EDEBÉ,EXCELENTE,M5J2
DRTSC.2.2869,ASESINATO EN LETRÓPOLIS,YOLANDA GONZÁLEZ,EDITORIAL EDEBÉ,EXCELENTE,M5J2
DRTSC.2.2870,CARTAS A TATIANA,JORDI SIERRA I FABRA,PANAMERICANA EDITORIAL,EXCELENTE,M5J2
DRTSC.2.2871,CARTAS A TATIANA,JORDI SIERRA I FABRA,PANAMERICANA EDITORIAL,EXCELENTE,M5J2
DRTSC.2.2872,CUENTOS Y LEYENDAS DE CENTROAMÉRICA,"ANSELMO J. GARCÍA CURADO, ERICK VELASCO Y GABRIEL MAIORANO",LIBRERIAS Y EDITORIALES LA CEIBA,EXCELENTE,M5J2
DRTSC.2.2873,CUENTOS Y LEYENDAS DE CENTROAMÉRICA,"ANSELMO J. GARCÍA CURADO, ERICK VELASCO Y GABRIEL MAIORANO",LIBRERIAS Y EDITORIALES LA CEIBA,EXCELENTE,M5J2
DRTSC.2.2874,DONDE EL VIENTO DA LA VUELTA,JORDI SIERRA I FABRA,EDITORIAL EDEBÉ,EXCELENTE,M5J2
DRTSC.2.2875,DONDE EL VIENTO DA LA VUELTA,JORDI SIERRA I FABRA,EDITORIAL EDEBÉ,EXCELENTE,M5J2
DRTSC.2.2876,DON QUIJOTE DE LA MANCHA,MIGUEL DE CERVANTES SAAVEDRA,GRADIFCO,EXCELENTE,M5J2
DRTSC.2.2877,EL CABALLERO DEL OCÉANO ANTÁRTICO,PASQUAL ALAPONT,EDITORIAL EDEBÉ,EXCELENTE,M5J2
DRTSC.2.2878,EL CABALLERO DEL OCÉANO ANTÁRTICO,PASQUAL ALAPONT,EDITORIAL EDEBÉ,EXCELENTE,M5J2
DRTSC.2.2879,EL COLOQUIO DE LOS PERROS Y OTRAS NOVELAS EJEMPLARES,MIGUEL DE CERVANTES,DIRECCIÓN DE PUBLICACIONES E IMPRESOS (DPI),EXCELENTE,M5J2
DRTSC.2.2880,EL COLOQUIO DE LOS PERROS Y OTRAS NOVELAS EJEMPLARES,MIGUEL DE CERVANTES,DIRECCIÓN DE PUBLICACIONES E IMPRESOS (DPI),EXCELENTE,M5J2
DRTSC.2.2881,EL COLOQUIO DE LOS PERROS Y OTRAS NOVELAS EJEMPLARES,MIGUEL DE CERVANTES,DIRECCIÓN DE PUBLICACIONES E IMPRESOS (DPI),EXCELENTE,M5J2
DRTSC.2.2882,EL CONDE LUCANOR,JUAN MANUEL INFANTE DE CASTILLA,GRADIFCO,EXCELENTE,M5J2
DRTSC.2.2883,EL DÍA QUE SE PERDIÓ EL AMOR,JAVIER CASTILLO,PENGUIN RANDOM HOUSE GRUPO EDITORIAL,EXCELENTE,M5J2
DRTSC.2.2884,EL DÍA QUE SE PERDIÓ LA CORDURA,JAVIER CASTILLO,PENGUIN RANDOM HOUSE GRUPO EDITORIAL,EXCELENTE,M5J2
DRTSC.2.2885,EL SOMBRERO DE LAS IDEAS DESCABELLADAS,JOSÉ ANTONIO FRANCÉS,EDITORIAL EDEBÉ,EXCELENTE,M5J2
DRTSC.2.2886,EL SOMBRERO DE LAS IDEAS DESCABELLADAS,JOSÉ ANTONIO FRANCÉS,EDITORIAL EDEBÉ,EXCELENTE,M5J2
DRTSC.2.2887,EL TÚNEL DEL VIENTO,JUAN KRUZ IGERABIDE,EDITORIAL EDEBÉ,EXCELENTE,M5J2
DRTSC.2.2888,EL TÚNEL DEL VIENTO,JUAN KRUZ IGERABIDE,EDITORIAL EDEBÉ,EXCELENTE,M5J2
DRTSC.2.2889,EL VIAJE SIN FIN,JORDI SIERRA I FABRA,PANAMERICANA EDITORIAL,EXCELENTE,M5J2
DRTSC.2.2890,EL VIAJE SIN FIN,JORDI SIERRA I FABRA,PANAMERICANA EDITORIAL,EXCELENTE,M5J2
DRTSC.2.2891,EN EL SUELO DEL CIELO,JORDI SIERRA I FABRA,PANAMERICANA EDITORIAL,EXCELENTE,M5J3
DRTSC.2.2892,EN EL SUELO DEL CIELO,JORDI SIERRA I FABRA,PANAMERICANA EDITORIAL,EXCELENTE,M5J3
DRTSC.2.2893,EXPERIMENTO MYTHOS,VICTORIA RODRÍGUEZ,EDITORIAL EDEBÉ,EXCELENTE,M5J3
DRTSC.2.2894,EXPERIMENTO MYTHOS,VICTORIA RODRÍGUEZ,EDITORIAL EDEBÉ,EXCELENTE,M5J3
DRTSC.2.2895,FESTIVAL DE LAS PALABRAS,JORDI SIERRA I FABRA,PANAMERICANA EDITORIAL,EXCELENTE,M5J3
DRTSC.2.2896,FESTIVAL DE LAS PALABRAS,JORDI SIERRA I FABRA,PANAMERICANA EDITORIAL,EXCELENTE,M5J3
DRTSC.2.2897,FUERA DE JUEGO,JORDI SIERRA I FABRA,PANAMERICANA EDITORIAL,EXCELENTE,M5J3
DRTSC.2.2898,FUERA DE JUEGO,JORDI SIERRA I FABRA,PANAMERICANA EDITORIAL,EXCELENTE,M5J3
DRTSC.2.2899,JAQUE A BORGIA,NATALIA DEMIDOFF,EDITORIAL EDEBÉ,EXCELENTE,M5J3
DRTSC.2.2900,JAQUE A BORGIA,NATALIA DEMIDOFF,EDITORIAL EDEBÉ,EXCELENTE,M5J3
DRTSC.2.2901,KORAZÓN DE PARARRAYOS,ANDREU SOTORRA,EDITORIAL EDEBÉ,EXCELENTE,M5J3
DRTSC.2.2902,KORAZÓN DE PARARRAYOS,ANDREU SOTORRA,EDITORIAL EDEBÉ,EXCELENTE,M5J3
DRTSC.2.2903,LA EDAD DEL LORO,GISELA POU,EDITORIAL EDEBÉ,EXCELENTE,M5J3
DRTSC.2.2904,LA TÍA TULA,MIGUEL DE UNAMUNO,EDITORIAL CLÁSICOS ROXSIL,EXCELENTE,M5J3
DRTSC.2.2905,LLENOS DE RABIA,PASQUAL ALAPONT,EDITORIAL EDEBÉ,EXCELENTE,M5J3
DRTSC.2.2906,LLENOS DE RABIA,PASQUAL ALAPONT,EDITORIAL EDEBÉ,EXCELENTE,M5J3
DRTSC.2.2907,LOS ESPÍRITUS BLANCOS,JAUME MIQUEL PEIDRÓ,EDITORIAL EDEBÉ,EXCELENTE,M5J3
DRTSC.2.2908,LOS ESPÍRITUS BLANCOS,JAUME MIQUEL PEIDRÓ,EDITORIAL EDEBÉ,EXCELENTE,M5J3
DRTSC.2.2909,LOS HEREDEROS DE LA TIERRA,ILDEFONSO FALCONES DE SIERRA,PENGUIN RANDOM HOUSE GRUPO EDITORIAL,EXCELENTE,M5J3
DRTSC.2.2910,MARIANELA,BENITO PÉREZ GALDÓS,CLÁSICOS ROXSIL,EXCELENTE,M5J3
DRTSC.2.2911,MELANCOLÍA N° 1,FRANCESC MIRALLES,EDITORIAL EDEBÉ,EXCELENTE,M5J3
DRTSC.2.2912,MELANCOLÍA N° 1,FRANCESC MIRALLES,EDITORIAL EDEBÉ,EXCELENTE,M5J3
DRTSC.2.2913,MELOCOTÓN LOCO,MEGAN MAXWELL,EDITORIAL PLANETA,EXCELENTE,M5J3
DRTSC.2.2914,MEMORIA DE DRAGÓN,JAVIER NEGRETE,EDITORIAL EDEBÉ,EXCELENTE,M5J3
DRTSC.2.2915,MEMORIA DE DRAGÓN,JAVIER NEGRETE,EDITORIAL EDEBÉ,EXCELENTE,M5J3
DRTSC.2.2916,MEMORIAS DE UN GATO TONTO,LUIS BLANCO VILA,EDITORIAL EDEBÉ,EXCELENTE,M5J3
DRTSC.2.2917,MEMORIAS DE UN GATO TONTO,LUIS BLANCO VILA,EDITORIAL EDEBÉ,EXCELENTE,M5J3
DRTSC.2.2918,"NIEBLA, ABEL SÁNCHEZ, TRES NOVELAS EJEMPLARES Y UN PRÓLOGO",MIGUEL DE UNAMUNO,EDITORIAL PORRÚA,EXCELENTE,M5J3
DRTSC.2.2919,OLVIDÉ OLVIDARTE,MEGAN MAXWELL,EDITORIAL PLANETA,EXCELENTE,M5J4
DRTSC.2.2920,PALABRAS ENVENENADAS,MAITE CARRANZA,EDEBÉ,EXCELENTE,M5J4
DRTSC.2.2921,PALABRAS ENVENENADAS,MAITE CARRANZA,EDEBÉ,EXCELENTE,M5J4
DRTSC.2.2922,PEPITA JIMÉNEZ,JUAN VALERA,EDICOMUNICACIÓN,EXCELENTE,M5J4
DRTSC.2.2923,PROHIBIDO TENER CATORSE AÑOS, ROBERTO SANTIAGO Y JESÚS OLMO,EDITORIAL EDEBÉ,EXCELENTE,M5J4
DRTSC.2.2924,PROHIBIDO TENER CATORSE AÑOS, ROBERTO SANTIAGO Y JESÚS OLMO,EDITORIAL EDEBÉ,EXCELENTE,M5J4
DRTSC.2.2925,RIÁNSARES Y EL FASCISTA. CAPITAL DEL MUNDO,JUAN GARCÍA HORTELADO,ALIANZA EDITORIAL,EXCELENTE,M5J4
DRTSC.2.2926,SABES QUE TE QUIERO,BLUE JEANS,EDITORIAL PLANETA,,M5J4
DRTSC.2.2927,SÍGUEME LA CORRIENTE,MEGAN MAXWELL,EDITORIAL PLANETA,EXCELENTE,M5J4
DRTSC.2.2928,"SAN MANUEL BUENO, MÁRTIR",MIGUEL DE UNAMUNO,EDICIONES CÁTEDRA,EXCELENTE,M5J4
DRTSC.2.2929,TENGO UN SECRETO: EL DIARIO DE MERI,BLUE JEANS,EDITORIAL PLANETA,EXCELENTE,M5J4
DRTSC.2.2930,TESA: EL DESPACHO DE DON BALTASAR DE GARCIHERREROS,PILAR MOLINA LLORENTE,EDITORIAL EDEBÉ,EXCELENTE,M5J4
DRTSC.2.2931,TESA: EL DESPACHO DE DON BALTASAR DE GARCIHERREROS,PILAR MOLINA LLORENTE,EDITORIAL EDEBÉ,EXCELENTE,M5J4
DRTSC.2.2932,TESTER (PROBADOR),JORDI SIERRA I FABRA,EDITORIAL EDEBÉ,EXCELENTE,M5J4
DRTSC.2.2933,TESTER (PROBADOR),JORDI SIERRA I FABRA,EDITORIAL EDEBÉ,EXCELENTE,M5J4
DRTSC.2.2934,TODO LO QUE SUCEDIÓ CON MIRANDA HUFF,JAVIER CASTILLO,PENGUIN RANDOM HOUSE GRUPO EDITORIAL,EXCELENTE,M5J4
DRTSC.2.2935,UN CARACOL PARA EMMA,ALBERT ROCA ORTA,EDITORIAL EDEBÉ,EXCELENTE,M5J4
DRTSC.2.2936,UN CARACOL PARA EMMA,ALBERT ROCA ORTA,EDITORIAL EDEBÉ,EXCELENTE,M5J4
DRTSC.2.2937,Y LUEGO GANAS TÚ. CINCO RELATOS SOBRE EL BULLYNG,"ANDREA COMPTON, JAVIER RUESCAS, MARÍA HERREJÓN, JEDET SÁNCHEZ Y MANU CARBAJO",PENGUIN RANDOM HOUSE GRUPO EDITORIAL,EXCELENTE,M5J4
DRTSC.2.2938,EL LAZARILLO DE TORMES,ANÓNIMO,DIRECCIÓN DE PUBLICACIONES E IMPRESOS (DPI),EXCELENTE,M5J4
DRTSC.2.2939,EL LAZARILLO DE TORMES,ANÓNIMO,DIRECCIÓN DE PUBLICACIONES E IMPRESOS (DPI),EXCELENTE,M5J4
DRTSC.2.2940,EL LAZARILLO DE TORMES,ANÓNIMO,DIRECCIÓN DE PUBLICACIONES E IMPRESOS (DPI),EXCELENTE,M5J4
DRTSC.2.2941,EL LAZARILLO DE TORMES,ANÓNIMO,EDITORIAL CLÁSICOS ROXSIL,EXCELENTE,M5J4
DRTSC.2.2942,EL LAZARILLO DE TORMES,ANÓNIMO,EDITORIAL CLÁSICOS ROXSIL,EXCELENTE,M5J4
DRTSC.2.2943,EL LAZARILLO DE TORMES,ANÓNIMO,EDITORIAL CLÁSICOS ROXSIL,EXCELENTE,M5J4
DRTSC.2.2944,EL LAZARILLO DE TORMES,ANÓNIMO,PLUTÓN EDICIONES,EXCELENTE,M5J4
DRTSC.2.2945,EL LAZARILLO DE TORMES,ANÓNIMO,PLUTÓN EDICIONES,EXCELENTE,M5J4
DRTSC.2.2946,EL LAZARILLO DE TORMES,ANÓNIMO,COLECCIÓN PENSAMIENTO,EXCELENTE,M5J4
DRTSC.2.2947,AMALIA,JOSÉ MÁRMOL,EDITORIAL PORRÚA,EXCELENTE,M5J4
DRTSC.2.2948,CABALLO,MARÍA LUISA DE FRANCESCO,EDITORIAL TIEMPO DE LEER,EXCELENTE,M5J4
DRTSC.2.2949,CABALLO,MARÍA LUISA DE FRANCESCO,EDITORIAL TIEMPO DE LEER,EXCELENTE,M5J4
DRTSC.2.2950,EL MATADERO / LA CAUTIVA,ESTEBAN ECHEVERRÍA,GRADIFCO,EXCELENTE,M5J4
DRTSC.2.2951,EL TESORO ESCONDIDO Y OTRAS FOTOS DE FAMILIA,SILVIA SCHUFER,ALFAGUARA,EXCELENTE,M5J5
DRTSC.2.2952,FACUNDO,DOMINGO FAUSTINO SARMIENTO,GRADIFCO,EXCELENTE,M5J5
DRTSC.2.2953,LA GUERRA GAUCHA,LEOPOLDO LUGONES,GRADIFCO,EXCELENTE,M5J5
DRTSC.2.2954,LAS PRIMAS,MARÍA LUISA DE FRANCESCO,EDITORIAL TIEMPO DE LEER,EXCELENTE,M5J5
DRTSC.2.2955,LAS PRIMAS,MARÍA LUISA DE FRANCESCO,EDITORIAL TIEMPO DE LEER,EXCELENTE,M5J5
DRTSC.2.2956,RECUERDOS DE PROVINCIA,DOMINGO FAUSTINO SARMIENTO,GRADIFCO,EXCELENTE,M5J5
DRTSC.2.2957,EL AMANTE JAPONÉS,ISABEL ALLENDE,PENGUIN RANDOM HOUSE GRUPO EDITORIAL,EXCELENTE,M5J5
DRTSC.2.2958,LARGO PÉTALO DE MAR ,ISABEL ALLENDE,PENGUIN RANDOM HOUSE GRUPO EDITORIAL,EXCELENTE,M5J5
DRTSC.2.2959,ALICIA Y EL DRAGÓN QUE MORÍA DE AMOR,MAURICIO CONTRERAS HERNÁNDEZ,EDITORIAL TIEMPO DE LEER,EXCELENTE,M5J5
DRTSC.2.2960,ALICIA Y EL DRAGÓN QUE MORÍA DE AMOR,MAURICIO CONTRERAS HERNÁNDEZ,EDITORIAL TIEMPO DE LEER,EXCELENTE,M5J5
DRTSC.2.2961,AURA O LAS VIOLETAS / EMMA,JOSÉ MARÍA VARGAS VILA,PANAMERICANA EDITORIAL,EXCELENTE,M5J5
DRTSC.2.2962,AURA O LAS VIOLETAS / EMMA,JOSÉ MARÍA VARGAS VILA,PANAMERICANA EDITORIAL,EXCELENTE,M5J5
DRTSC.2.2963,AVENTURAS DE LA DAMA INFANTA,JOSÉ MARTÍNEZ SÁNCHEZ,EDITORIAL TIEMPO DE LEER,EXCELENTE,M5J5
DRTSC.2.2964,AVENTURAS DE LA DAMA INFANTA,JOSÉ MARTÍNEZ SÁNCHEZ,EDITORIAL TIEMPO DE LEER,EXCELENTE,M5J5
DRTSC.2.2965,BUSCANDO A NAZIM,FERNANDO IRIARTE M.,EDITORIAL TIEMPO DE LEER,EXCELENTE,M5J5
DRTSC.2.2966,BUSCANDO A NAZIM,FERNANDO IRIARTE M.,EDITORIAL TIEMPO DE LEER,EXCELENTE,M5J5
DRTSC.2.2967,CAPERUCITA ROJA Y EL PROFESOR LOBO,LUIS BERNARDO YEPES,PANAMERICANA EDITORIAL,EXCELENTE,M5J5
DRTSC.2.2968,CAPERUCITA ROJA Y EL PROFESOR LOBO,LUIS BERNARDO YEPES,PANAMERICANA EDITORIAL,EXCELENTE,M5J5
DRTSC.2.2969,CIEN AÑOS DE SOLEDAD,GABRIEL GARCÍA MARQUEZ,DIANA,EXCELENTE,M5J5
DRTSC.2.2970,CRÓNICA DE UNA MUERTE ANUNCIADA,GABRIEL GARCÍA MARQUEZ,DIANA,EXCELENTE,M5J5
DRTSC.2.2971,CRÓNICA DE UNA MUERTE ANUNCIADA,GABRIEL GARCÍA MARQUEZ,DIANA,EXCELENTE,M5J5
DRTSC.2.2972,EL CHISPERO. CARBONELL,FERNANDO IRIARTE MARTÍNEZ,EDITORIAL TIEMPO DE LEER,EXCELENTE,M5J5
DRTSC.2.2973,EL CHISPERO. CARBONELL,FERNANDO IRIARTE MARTÍNEZ,EDITORIAL TIEMPO DE LEER,EXCELENTE,M5J5
DRTSC.2.2974,EL CORAZÓN DE LA TIERRA,FERNADO SOTO APARICIO,PANAMERICANA EDITORIAL,EXCELENTE,M5J5
DRTSC.2.2975,EL CORAZÓN DE LA TIERRA,FERNADO SOTO APARICIO,PANAMERICANA EDITORIAL,EXCELENTE,M5J5
DRTSC.2.2976,EL MENSAJERO DE LOS DIOSES,EDGARD SANDINO VELÁSQUEZ,EDITORIAL TIEMPO DE LEER,EXCELENTE,M5J5
DRTSC.2.2977,EL MENSAJERO DE LOS DIOSES,EDGARD SANDINO VELÁSQUEZ,EDITORIAL TIEMPO DE LEER,EXCELENTE,M5J5
DRTSC.2.2978,EL TESORO DE  TISQUESUSA,FERNANDO IRIARTE MARTÍNEZ,EDITORIAL TIEMPO DE LEER,EXCELENTE,M5J5
DRTSC.2.2979,"FÚTBOL, GOLES Y GIRASOLES",JAIRO ANÍBAL NIÑO,PANAMERICANA EDITORIAL,EXCELENTE,M5J5
DRTSC.2.2980,"FÚTBOL, GOLES Y GIRASOLES",JAIRO ANÍBAL NIÑO,PANAMERICANA EDITORIAL,EXCELENTE,M5J5
DRTSC.2.2981,GORITO EL ABUSÓN,RUBÉN LÓPEZ RODRIGUÉ,EDITORIAL TIEMPO DE LEER,EXCELENTE,M5J5
DRTSC.2.2982,GORITO EL ABUSÓN,RUBÉN LÓPEZ RODRIGUÉ,EDITORIAL TIEMPO DE LEER,EXCELENTE,M5J5
DRTSC.2.2983,LA DOBLE AGENTE,SONIA NADHEZDA TRUQUE,EDITORIAL TIEMPO DE LEER,EXCELENTE,M5J5
DRTSC.2.2984,LA DOBLE AGENTE,SONIA NADHEZDA TRUQUE,EDITORIAL TIEMPO DE LEER,EXCELENTE,M5J5
DRTSC.2.2985,LA POLA: ESPÍA PATRIOTA,PEDRO CLAVER TÉLLEZ T.,EDITORIAL TIEMPO DE LEER,EXCELENTE,M5K1
DRTSC.2.2986,LA POLA: ESPÍA PATRIOTA,PEDRO CLAVER TÉLLEZ T.,EDITORIAL TIEMPO DE LEER,EXCELENTE,M5K1
DRTSC.2.2987,LA VORÁGINE,JOSÉ EUSTASIO RIVERA,PLUTÓN EDICIONES,EXCELENTE,M5K1
DRTSC.2.2988,LA VORÁGINE,JOSÉ EUSTASIO RIVERA,PLUTÓN EDICIONES,EXCELENTE,M5K1
DRTSC.2.2989,MARÍA,JORGE ISAACS,GRADIFCO,EXCELENTE,M5K1
DRTSC.2.2990,LUNELA,FERNANDO SOTO APARICIO,PANAMERICANA EDITORIAL,EXCELENTE,M5K1
DRTSC.2.2991,LUNELA,FERNANDO SOTO APARICIO,PANAMERICANA EDITORIAL,EXCELENTE,M5K1
DRTSC.2.2992,MEMORIA DE MI PUTAS TRISTES,GABRIEL GARCÍA MARQUEZ,PENGUIN RANDOM HOUSE GRUPO EDITORIAL,EXCELENTE,M5K1
DRTSC.2.2993,SIETEMARAVILLAS,ARMANDO MONTEALEGRE AGUILAR,EDITORIAL TIEMPO DE LEER,EXCELENTE,M5K1
DRTSC.2.2994,SIETEMARAVILLAS,ARMANDO MONTEALEGRE AGUILAR,EDITORIAL TIEMPO DE LEER,EXCELENTE,M5K1
DRTSC.2.2995,"SÍ, SI ES CONTIGO",CALLE Y POCHÉ,PENGUIN RANDOM HOUSE GRUPO EDITORIAL,EXCELENTE,M5K1
DRTSC.2.2996,UN CUADRO Y UN CUENTO PARA RITHA,CARLOS GUEVARA AMÓRTEGUI,EDITORIAL TIEMPO DE LEER,EXCELENTE,M5K1
DRTSC.2.2997,UN CUADRO Y UN CUENTO PARA RITHA,CARLOS GUEVARA AMÓRTEGUI,EDITORIAL TIEMPO DE LEER,EXCELENTE,M5K1
DRTSC.2.2998,UN E-MAIL A LA SEÑORA BLOOM,FERNANDO IRIARTE MARTÍNEZ,EDITORIAL TIEMPO DE LEER,EXCELENTE,M5K1
DRTSC.2.2999,UN E-MAIL A LA SEÑORA BLOOM,FERNANDO IRIARTE MARTÍNEZ,EDITORIAL TIEMPO DE LEER,EXCELENTE,M5K1
DRTSC.2.3000,UN GRAN ENCUENTRO,VERÓNICA SAMPER,PANAMERICANA EDITORIAL,EXCELENTE,M5K1
DRTSC.2.3001,UN GRAN ENCUENTRO,VERÓNICA SAMPER,PANAMERICANA EDITORIAL,EXCELENTE,M5K1
DRTSC.2.3002,UN POETA NO ES COMO LO PINTAN,MAURICIO CONTRERAS HERNÁNDEZ,EDITORIAL TIEMPO DE LEER,EXCELENTE,M5K1
DRTSC.2.3003,UN POETA NO ES COMO LO PINTAN,MAURICIO CONTRERAS HERNÁNDEZ,EDITORIAL TIEMPO DE LEER,EXCELENTE,M5K1
DRTSC.2.3004,VIAJE A LA CLARIDAD,FERNANDO SOTO APARICIO,PANAMERICANA EDITORIAL,EXCELENTE,M5K1
DRTSC.2.3005,VIAJE A LA CLARIDAD,FERNANDO SOTO APARICIO,PANAMERICANA EDITORIAL,EXCELENTE,M5K1
DRTSC.2.3006,BUSCADORES DE SUEÑOS. 14 RELATOS CONTRA LO IMPOSIBLE,"ADRIANA BARTELS, CARLOS VESGA, DENISE SILVA Y OTROS",GEUPO EDITORIAL DIAMANTE,EXCELENTE,M5K1
DRTSC.2.3007,"CON CARIÑO, AMALIA",ALMA FLOR ADA / GABRIEL M. ZUBIZARRETA,ATHENEUM BOOKS FOR YOUNG READERS,EXCELENTE,M5K1
DRTSC.2.3008,CON UNA ESTRELLA EN LA MANO. RUBÉN DARIO,MARGARITA ENGLE,ATHENEUM BOOKS FOR YOUNG READERS,EXCELENTE,M5K1
DRTSC.2.3009,LA NIÑA ALEMANA,ARMANDO LUCAS CORREA,PENGUIN RANDOM HOUSE GRUPO EDITORIAL,EXCELENTE,M5K1
DRTSC.2.3010,DOMADORA DE LEONES,CECILIA VELASCO,PANAMERICANA EDITORIAL,EXCELENTE,M5K1
DRTSC.2.3011,DOMADORA DE LEONES,CECILIA VELASCO,PANAMERICANA EDITORIAL,EXCELENTE,M5K1
DRTSC.2.3012,ALLÁ AL PIE DE LA MONTAÑA,RENAN ALCIDES ORELLANA,TALLERES UCA EDITORES,EXCELENTE,M5K1
DRTSC.2.3013,ALLÁ AL PIE DE LA MONTAÑA,RENAN ALCIDES ORELLANA,TALLERES UCA EDITORES,EXCELENTE,M5K1
DRTSC.2.3014,AQUÍ SE CUENTAN CUENTOS,HUGO LINDO,DIRECCIÓN DE PUBLICACIONES E IMPRESOS (DPI),EXCELENTE,M5K1
DRTSC.2.3015,ARCA DE LOS OLVIDOS,RICARDO LINDO,DIRECCIÓN DE PUBLICACIONES E IMPRESOS (DPI),EXCELENTE,M5K1
DRTSC.2.3016,ARCA DE LOS OLVIDOS,RICARDO LINDO,DIRECCIÓN DE PUBLICACIONES E IMPRESOS (DPI),EXCELENTE,M5K1
DRTSC.2.3017,ARCA DE LOS OLVIDOS,RICARDO LINDO,DIRECCIÓN DE PUBLICACIONES E IMPRESOS (DPI),EXCELENTE,M5K1
DRTSC.2.3018,BREVEDADES,MAURICIO AMAYA,DIRECCIÓN DE PUBLICACIONES E IMPRESOS (DPI),EXCELENTE,M5K2
DRTSC.2.3019,BREVEDADES,MAURICIO AMAYA,DIRECCIÓN DE PUBLICACIONES E IMPRESOS (DPI),EXCELENTE,M5K2
DRTSC.2.3020,BREVEDADES,MAURICIO AMAYA,DIRECCIÓN DE PUBLICACIONES E IMPRESOS (DPI),EXCELENTE,M5K2
DRTSC.2.3021,CAMINO DE HORMIGAS,MIGUEL HUEZO MIXCO,PENGUIN RANDOM HOUSE GRUPO EDITORIAL,EXCELENTE,M5K2
DRTSC.2.3022,CENIZAS DE IZALCO,CLARIBEL ALEGRÍA / DARWIN FLAKOLL,DIRECCIÓN DE PUBLICACIONES E IMPRESOS (DPI),EXCELENTE,M5K2
DRTSC.2.3023,CENIZAS DE IZALCO,CLARIBEL ALEGRÍA / DARWIN FLAKOLL,DIRECCIÓN DE PUBLICACIONES E IMPRESOS (DPI),EXCELENTE,M5K2
DRTSC.2.3024,CENIZAS DE IZALCO,CLARIBEL ALEGRÍA / DARWIN FLAKOLL,DIRECCIÓN DE PUBLICACIONES E IMPRESOS (DPI),EXCELENTE,M5K2
DRTSC.2.3025,CONJETURAS EN LA PENUMBRA,SALARRUÉ,FUNDACIÓNMARÍA ESCALÓN DE NUÑEZ,EXCELENTE,M5K2
DRTSC.2.3026,CONJETURAS EN LA PENUMBRA,SALARRUÉ,FUNDACIÓNMARÍA ESCALÓN DE NUÑEZ,EXCELENTE,M5K2
DRTSC.2.3027,CONJETURAS EN LA PENUMBRA,SALARRUÉ,FUNDACIÓNMARÍA ESCALÓN DE NUÑEZ,EXCELENTE,M5K2
DRTSC.2.3028,CRÓNICAS ,ARTURO AMBROGI,CONSEJO NACIONAL PARA LA CULTURA Y EL ARTE (CONCULTURA),EXCELENTE,M5K2
DRTSC.2.3029,CRÓNICAS ,ARTURO AMBROGI,CONSEJO NACIONAL PARA LA CULTURA Y EL ARTE (CONCULTURA),EXCELENTE,M5K2
DRTSC.2.3030,CRÓNICAS ,ARTURO AMBROGI,CONSEJO NACIONAL PARA LA CULTURA Y EL ARTE (CONCULTURA),EXCELENTE,M5K2
DRTSC.2.3031,CUENTOS DEL SÁBADO,TALLER LITERARIO PALABRA Y OBRA,ÍNDOLE EDITORES,EXCELENTE,M5K2
DRTSC.2.3032,CUENTOS DE MI TIERRA,CARLOS ALBERTO SAZ,DIRECCIÓN DE PUBLICACIONES E IMPRESOS (DPI),EXCELENTE,M5K2
DRTSC.2.3033,CUENTOS DE MI TIERRA,CARLOS ALBERTO SAZ,DIRECCIÓN DE PUBLICACIONES E IMPRESOS (DPI),EXCELENTE,M5K2
DRTSC.2.3034,CUENTOS DE MI TIERRA,CARLOS ALBERTO SAZ,DIRECCIÓN DE PUBLICACIONES E IMPRESOS (DPI),EXCELENTE,M5K2
DRTSC.2.3035,CUENTOS (IN)COMPLETOS Y MARAVILLOSOS,ÁLVARO MENEN DESLEAL,DIRECCIÓN NACIONAL DE PUBLICACIONES E IMPRESOS (DPI),EXCELENTE,M5K2
DRTSC.2.3036,CUENTOS (IN)COMPLETOS Y MARAVILLOSOS,ÁLVARO MENEN DESLEAL,DIRECCIÓN NACIONAL DE PUBLICACIONES E IMPRESOS (DPI),EXCELENTE,M5K2
DRTSC.2.3037,CUENTOS (IN)COMPLETOS Y MARAVILLOSOS,ÁLVARO MENEN DESLEAL,DIRECCIÓN NACIONAL DE PUBLICACIONES E IMPRESOS (DPI),EXCELENTE,M5K2
DRTSC.2.3038,CUENTOS (IN)COMPLETOS Y MARAVILLOSOS,ÁLVARO MENEN DESLEAL,DIRECCIÓN  DE PUBLICACIONES E IMPRESOS (DPI),EXCELENTE,M5K2
DRTSC.2.3039,CUENTOS (IN)COMPLETOS Y MARAVILLOSOS,ÁLVARO MENEN DESLEAL,DIRECCIÓN  DE PUBLICACIONES E IMPRESOS (DPI),EXCELENTE,M5K2
DRTSC.2.3040,ANTOLOGÍA DEFINITIVA,JOSÉ MARÍA MÉNDEZ,UCA EDITORES,EXCELENTE,M5K2
DRTSC.2.3041,CUENTOS SUCIOS,JACINTA ESCUDOS,DIRECCIÓN  DE PUBLICACIONES E IMPRESOS (DPI),EXCELENTE,M5K2
DRTSC.2.3042,CUENTOS SUCIOS,JACINTA ESCUDOS,DIRECCIÓN  DE PUBLICACIONES E IMPRESOS (DPI),EXCELENTE,M5K2
DRTSC.2.3043,CUENTOS SUCIOS,JACINTA ESCUDOS,DIRECCIÓN  DE PUBLICACIONES E IMPRESOS (DPI),EXCELENTE,M5K2
DRTSC.2.3044,CUENTOS Y NARRACIONES,FRANCISCO GAVIDIA,DIRECCIÓN  DE PUBLICACIONES E IMPRESOS (DPI),EXCELENTE,M5K2
DRTSC.2.3045,CUENTOS Y NARRACIONES,FRANCISCO GAVIDIA,DIRECCIÓN  DE PUBLICACIONES E IMPRESOS (DPI),EXCELENTE,M5K2
DRTSC.2.3046,CUENTOS Y NARRACIONES,FRANCISCO GAVIDIA,DIRECCIÓN  DE PUBLICACIONES E IMPRESOS (DPI),EXCELENTE,M5K2
DRTSC.2.3047,CUENTOS Y NARRACIONES,FRANCISCO GAVIDIA,BIBLIOTECA ESCOLAR PRESIDENCIAL,EXCELENTE,M5K2
DRTSC.2.3048,DISPARO EN LA CATEDRAL,MARIO BENCASTRO,PATROCINIO DE LA CONGREGACIÓN SOMASCA,EXCELENTE,M5K2
DRTSC.2.3049,EL ASMA DE LEVIATÁN,ROBERTO ARMIJO,DIRECCIÓN  DE PUBLICACIONES E IMPRESOS (DPI),EXCELENTE,M5K2
DRTSC.2.3050,EL ASMA DE LEVIATÁN,ROBERTO ARMIJO,DIRECCIÓN  DE PUBLICACIONES E IMPRESOS (DPI),EXCELENTE,M5K2
DRTSC.2.3051,EL ASMA DE LEVIATÁN,ROBERTO ARMIJO,DIRECCIÓN  DE PUBLICACIONES E IMPRESOS (DPI),EXCELENTE,M5K2
DRTSC.2.3052,EL DESENCANTO,JACINTA ESCUDOS,DIRECCIÓN  DE PUBLICACIONES E IMPRESOS (DPI),EXCELENTE,M5K2
DRTSC.2.3053,EL DESENCANTO,JACINTA ESCUDOS,DIRECCIÓN  DE PUBLICACIONES E IMPRESOS (DPI),EXCELENTE,M5K2
DRTSC.2.3054,EL DESENCANTO,JACINTA ESCUDOS,DIRECCIÓN  DE PUBLICACIONES E IMPRESOS (DPI),EXCELENTE,M5K2
DRTSC.2.3055,EL LIBRO BLANCO ,DAVID ESCOBAR GALINDO,EDITORIAL CLÁSICOS ROXSIL,EXCELENTE,M5K2
DRTSC.2.3056,EL LIBRO DEL TRÓPICO,ARTURO AMBROGI,DIRECCIÓN  DE PUBLICACIONES E IMPRESOS (DPI),EXCELENTE,M5K3
DRTSC.2.3057,EL LIBRO DEL TRÓPICO,ARTURO AMBROGI,DIRECCIÓN  DE PUBLICACIONES E IMPRESOS (DPI),EXCELENTE,M5K3
DRTSC.2.3058,EL LIBRO DEL TRÓPICO,ARTURO AMBROGI,DIRECCIÓN  DE PUBLICACIONES E IMPRESOS (DPI),EXCELENTE,M5K3
DRTSC.2.3059,EL LIBRO DESNUDO. ESTANCIAS DEL CAMINO,SALARRUÉ,FUNDACIÓNMARÍA ESCALÓN DE NUÑEZ,EXCELENTE,M5K3
DRTSC.2.3060,EL LIBRO DESNUDO. ESTANCIAS DEL CAMINO,SALARRUÉ,FUNDACIÓNMARÍA ESCALÓN DE NUÑEZ,EXCELENTE,M5K3
DRTSC.2.3061,EL MÉTODO ACCIDENTAL,LUCÍA MORAN,DIRECCIÓN DE PUBLICACIONES E IMPRESOS (DPI),EXCELENTE,M5K3
DRTSC.2.3062,EL MÉTODO ACCIDENTAL,LUCÍA MORAN,DIRECCIÓN DE PUBLICACIONES E IMPRESOS (DPI),EXCELENTE,M5K3
DRTSC.2.3063,EL MÉTODO ACCIDENTAL,LUCÍA MORAN,DIRECCIÓN DE PUBLICACIONES E IMPRESOS (DPI),EXCELENTE,M5K3
DRTSC.2.3064,EL PERRO EN LA NIEBLA,RÓGER LINDO,DIRECCIÓN  DE PUBLICACIONES E IMPRESOS (DPI),EXCELENTE,M5K3
DRTSC.2.3065,EL PERRO EN LA NIEBLA,RÓGER LINDO,DIRECCIÓN  DE PUBLICACIONES E IMPRESOS (DPI),EXCELENTE,M5K3
DRTSC.2.3066,EL PERRO EN LA NIEBLA,RÓGER LINDO,DIRECCIÓN  DE PUBLICACIONES E IMPRESOS (DPI),EXCELENTE,M5K3
DRTSC.2.3067,ESO Y MÁS,SALARRUÉ,FUNDACIÓN MARÍA ESCALÓN DE NUÑEZ,EXCELENTE,M5K3
DRTSC.2.3068,ESO Y MÁS,SALARRUÉ,FUNDACIÓN MARÍA ESCALÓN DE NUÑEZ,EXCELENTE,M5K3
DRTSC.2.3069,FRANCISCO GAVIDIA: ANTOLOGÍA DE SU NARRATIVA,FRANCISCO GAVIDIA,DIRECCIÓN DE PUBLICACIONES E IMPRESOS (DPI),EXCELENTE,M5K3
DRTSC.2.3070,FUEGO OSCURO,BENJAMÍN SILVA,DIRECCIÓN DE PUBLICACIONES E IMPRESOS (DPI),EXCELENTE,M5K3
DRTSC.2.3071,FUEGO OSCURO,BENJAMÍN SILVA,DIRECCIÓN DE PUBLICACIONES E IMPRESOS (DPI),EXCELENTE,M5K3
DRTSC.2.3072,FUEGO OSCURO,BENJAMÍN SILVA,DIRECCIÓN DE PUBLICACIONES E IMPRESOS (DPI),EXCELENTE,M5K3
DRTSC.2.3073,HISTORIA DE UN FLORERO,JORGE GALÁN,DIRECCIÓN DE PUBLICACIONES E IMPRESOS (DPI),EXCELENTE,M5K3
DRTSC.2.3074,HOMBRES CONTRA LA MUERTE,MIGUEL ÁNGEL ESPINO,DIRECCIÓN  DE PUBLICACIONES E IMPRESOS (DPI),EXCELENTE,M5K3
DRTSC.2.3075,HOMBRES CONTRA LA MUERTE,MIGUEL ÁNGEL ESPINO,DIRECCIÓN  DE PUBLICACIONES E IMPRESOS (DPI),EXCELENTE,M5K3
DRTSC.2.3076,HOMBRES CONTRA LA MUERTE,MIGUEL ÁNGEL ESPINO,DIRECCIÓN  DE PUBLICACIONES E IMPRESOS (DPI),EXCELENTE,M5K3
DRTSC.2.3077,INTERECLIPSIS Y OTROS RELATOS,GUILLERMO SCHLESINGER,EDITORIAL DEL OSOS,EXCELENTE,M5K3
DRTSC.2.3078,INTERECLIPSIS Y OTROS RELATOS,GUILLERMO SCHLESINGER,EDITORIAL DEL OSOS,EXCELENTE,M5K3
DRTSC.2.3079,ISLAS Y NÁUFRAGOS,LUIS FLORES,DIRECCIÓN DE PUBLICACIONES E IMPRESOS (DPI),EXCELENTE,M5K3
DRTSC.2.3080,ISLAS Y NÁUFRAGOS,LUIS FLORES,DIRECCIÓN DE PUBLICACIONES E IMPRESOS (DPI),EXCELENTE,M5K3
DRTSC.2.3081,ISLAS Y NÁUFRAGOS,LUIS FLORES,DIRECCIÓN DE PUBLICACIONES E IMPRESOS (DPI),EXCELENTE,M5K3
DRTSC.2.3082,LABERINTO,CARMEN GONZÁLEZ HUGUET,DIRECCIÓN  DE PUBLICACIONES E IMPRESOS (DPI),EXCELENTE,M5K3
DRTSC.2.3083,LABERINTO,CARMEN GONZÁLEZ HUGUET,DIRECCIÓN  DE PUBLICACIONES E IMPRESOS (DPI),EXCELENTE,M5K3
DRTSC.2.3084,LABERINTO,CARMEN GONZÁLEZ HUGUET,DIRECCIÓN  DE PUBLICACIONES E IMPRESOS (DPI),EXCELENTE,M5K3
DRTSC.2.3085,LA DAMA DE LOS VELOS,MAURICIO ORELLANA SUÁREZ,DIRECCIÓN  DE PUBLICACIONES E IMPRESOS (DPI),EXCELENTE,M5K3
DRTSC.2.3086,LA DAMA DE LOS VELOS,MAURICIO ORELLANA SUÁREZ,DIRECCIÓN  DE PUBLICACIONES E IMPRESOS (DPI),EXCELENTE,M5K3
DRTSC.2.3087,LA DAMA DE LOS VELOS,MAURICIO ORELLANA SUÁREZ,DIRECCIÓN  DE PUBLICACIONES E IMPRESOS (DPI),EXCELENTE,M5K3
DRTSC.2.3088,LA FAMA INFAME DEL FAMOSO (AP) ATRIDA,ALFONSO QUIJADA URÍAS,EDITORIAL UNIVERSITARIA,EXCELENTE,M5K3
DRTSC.2.3089,LA MÁSCARA DE ABADDÓN,CARLOS ANCHETTA,DIRECCIÓN  DE PUBLICACIONES E IMPRESOS (DPI),EXCELENTE,M5K3
DRTSC.2.3090,LA MÁSCARA DE ABADDÓN,CARLOS ANCHETTA,DIRECCIÓN  DE PUBLICACIONES E IMPRESOS (DPI),EXCELENTE,M5K3
DRTSC.2.3091,LA MÁSCARA DE ABADDÓN,CARLOS ANCHETTA,DIRECCIÓN  DE PUBLICACIONES E IMPRESOS (DPI),EXCELENTE,M5K3
DRTSC.2.3092,LA ODISEA DE ANDERS CARLSSON,OSCAR GARCÍA HUEZO,DIRECCIÓN NACIONAL DE PUBLICACIONES E IMPRESOS (DPI),EXCELENTE,M5K4
DRTSC.2.3093,LA ODISEA DE ANDERS CARLSSON,OSCAR GARCÍA HUEZO,DIRECCIÓN NACIONAL DE PUBLICACIONES E IMPRESOS (DPI),EXCELENTE,M5K4
DRTSC.2.3094,LA ODISEA DE ANDERS CARLSSON,OSCAR GARCÍA HUEZO,DIRECCIÓN NACIONAL DE PUBLICACIONES E IMPRESOS (DPI),EXCELENTE,M5K4
DRTSC.2.3095,LA REBELIÓN DE ANASTASIO AQUINO,RODRIGO EZEQUIEL MONTEJO,EDITORIAL CLÁSICOS ROXSIL,EXCELENTE,M5K4
DRTSC.2.3096,LOS HÉROES TIENEN SUEÑO,RAFAEL MENJIVAR OCHOA,DIRECCIÓN DE PUBLICACIONES E IMPRESOS (DPI),EXCELENTE,M5K4
DRTSC.2.3097,LOS HÉROES TIENEN SUEÑO,RAFAEL MENJIVAR OCHOA,DIRECCIÓN DE PUBLICACIONES E IMPRESOS (DPI),EXCELENTE,M5K4
DRTSC.2.3098,LOS HÉROES TIENEN SUEÑO,RAFAEL MENJIVAR OCHOA,DIRECCIÓN DE PUBLICACIONES E IMPRESOS (DPI),EXCELENTE,M5K4
DRTSC.2.3099,MENGUANTES Y OTRAS CREATURAS,ANA SOTO,DIRECCIÓN DE PUBLICACIONES E IMPRESOS (DPI),EXCELENTE,M5K4
DRTSC.2.3100,MENGUANTES Y OTRAS CREATURAS,ANA SOTO,DIRECCIÓN DE PUBLICACIONES E IMPRESOS (DPI),EXCELENTE,M5K4
DRTSC.2.3101,MENGUANTES Y OTRAS CREATURAS,ANA SOTO,DIRECCIÓN DE PUBLICACIONES E IMPRESOS (DPI),EXCELENTE,M5K4
DRTSC.2.3102,MORONGA,HORACIO CASTELLANOS MOYA,PENGUIN RANDOM HOUSE GRUPO EDITORIAL,EXCELENTE,M5K4
DRTSC.2.3103,NARRATIVA COMPLETA I,SALARRUÉ,DIRECCIÓN DE PUBLICACIONES E IMPRESOS (DPI),EXCELENTE,M5K4
DRTSC.2.3104,NARRATIVA COMPLETA I,SALARRUÉ,DIRECCIÓN DE PUBLICACIONES E IMPRESOS (DPI),EXCELENTE,M5K4
DRTSC.2.3105,NARRATIVA COMPLETA I,SALARRUÉ,DIRECCIÓN DE PUBLICACIONES E IMPRESOS (DPI),EXCELENTE,M5K4
DRTSC.2.3106,NARRATIVA COMPLETA II,SALARRUÉ,DIRECCIÓN DE PUBLICACIONES E IMPRESOS (DPI),EXCELENTE,M5K4
DRTSC.2.3107,NARRATIVA COMPLETA II,SALARRUÉ,DIRECCIÓN DE PUBLICACIONES E IMPRESOS (DPI),EXCELENTE,M5K4
DRTSC.2.3108,NARRATIVA COMPLETA II,SALARRUÉ,DIRECCIÓN DE PUBLICACIONES E IMPRESOS (DPI),EXCELENTE,M5K4
DRTSC.2.3109,NARRATIVA COMPLETA III,SALARRUÉ,DIRECCIÓN DE PUBLICACIONES E IMPRESOS (DPI),EXCELENTE,M5K4
DRTSC.2.3110,NARRATIVA COMPLETA III,SALARRUÉ,DIRECCIÓN DE PUBLICACIONES E IMPRESOS (DPI),EXCELENTE,M5K4
DRTSC.2.3111,NARRATIVA COMPLETA III,SALARRUÉ,DIRECCIÓN DE PUBLICACIONES E IMPRESOS (DPI),EXCELENTE,M5K4
DRTSC.2.3112,O-YARKANDAL,SALVADOR SALAZAR ARRUÉ,DIRECCIÓN DE PUBLICACIONES E IMPRESOS (DPI),EXCELENTE,M5K4
DRTSC.2.3113,O-YARKANDAL,SALVADOR SALAZAR ARRUÉ,DIRECCIÓN DE PUBLICACIONES E IMPRESOS (DPI),EXCELENTE,M5K4
DRTSC.2.3114,O-YARKANDAL,SALVADOR SALAZAR ARRUÉ,DIRECCIÓN DE PUBLICACIONES E IMPRESOS (DPI),EXCELENTE,M5K4
DRTSC.2.3115,PERFIL EN EL AIRE,RICARDO TRIGUEROS DE LEÓN,DIRECCIÓN DE PUBLICACIONES E IMPRESOS (DPI),EXCELENTE,M5K4
DRTSC.2.3116,PERFIL EN EL AIRE,RICARDO TRIGUEROS DE LEÓN,DIRECCIÓN DE PUBLICACIONES E IMPRESOS (DPI),EXCELENTE,M5K4
DRTSC.2.3117,PERFIL EN EL AIRE,RICARDO TRIGUEROS DE LEÓN,DIRECCIÓN DE PUBLICACIONES E IMPRESOS (DPI),EXCELENTE,M5K4
DRTSC.2.3118,SIGLO DE O(G)RO,MANLIO ARGUETA,DIRECCIÓN DE PUBLICACIONES E IMPRESOS (DPI),EXCELENTE,M5K5
DRTSC.2.3119,SIGLO DE O(G)RO,MANLIO ARGUETA,DIRECCIÓN DE PUBLICACIONES E IMPRESOS (DPI),EXCELENTE,M5K5
DRTSC.2.3120,SIGLO DE O(G)RO,MANLIO ARGUETA,DIRECCIÓN DE PUBLICACIONES E IMPRESOS (DPI),EXCELENTE,M5K5
DRTSC.2.3121,TEORÍA PARA LOGRAR LA INMORTALIDAD Y OTRAS TEORÍAS,RICARDO CASTRORRIVAS,DIRECCIÓN DE PUBLICACIONES E IMPRESOS (DPI),EXCELENTE,M5K5
DRTSC.2.3122,TEORÍA PARA LOGRAR LA INMORTALIDAD Y OTRAS TEORÍAS,RICARDO CASTRORRIVAS,DIRECCIÓN DE PUBLICACIONES E IMPRESOS (DPI),EXCELENTE,M5K5
DRTSC.2.3123,TEORÍA PARA LOGRAR LA INMORTALIDAD Y OTRAS TEORÍAS,RICARDO CASTRORRIVAS,DIRECCIÓN DE PUBLICACIONES E IMPRESOS (DPI),EXCELENTE,M5K5
DRTSC.2.3124,TIERRA DE INFANCIA,CLAUDIA LARS,DIRECCIÓN DE PUBLICACIONES E IMPRESOS (DPI),EXCELENTE,M5K5
DRTSC.2.3125,TIERRA DE INFANCIA,CLAUDIA LARS,DIRECCIÓN DE PUBLICACIONES E IMPRESOS (DPI),EXCELENTE,M5K5
DRTSC.2.3126,TIERRA DE INFANCIA,CLAUDIA LARS,DIRECCIÓN DE PUBLICACIONES E IMPRESOS (DPI),EXCELENTE,M5K5
DRTSC.2.3127,TIERRA DE INFANCIA,CLAUDIA LARS,DIRECCIÓN DE PUBLICACIONES E IMPRESOS (DPI),EXCELENTE,M5K5
DRTSC.2.3128,UNA VIDA EN EL CINE,ALBERTO MASFERRER,DIRECCIÓN DE PUBLICACIONES E IMPRESOS (DPI),EXCELENTE,M5K5
DRTSC.2.3129,UN DÍA EN LA VIDA,MANLIO ARGUETA,DIRECCIÓN NACIONAL DE PUBLICACIONES E IMPRESOS (DPI),EXCELENTE,M5K5
DRTSC.2.3130,UN DÍA EN LA VIDA,MANLIO ARGUETA,DIRECCIÓN NACIONAL DE PUBLICACIONES E IMPRESOS (DPI),EXCELENTE,M5K5
DRTSC.2.3131,UN DÍA EN LA VIDA,MANLIO ARGUETA,DIRECCIÓN NACIONAL DE PUBLICACIONES E IMPRESOS (DPI),EXCELENTE,M5K5
DRTSC.2.3132,URBE CARENTE,ALEJANDRO CÓRDOVA,DIRECCIÓN NACIONAL DE PUBLICACIONES E IMPRESOS (DPI),EXCELENTE,M5K5
DRTSC.2.3133,URBE CARENTE,ALEJANDRO CÓRDOVA,DIRECCIÓN NACIONAL DE PUBLICACIONES E IMPRESOS (DPI),EXCELENTE,M5K5
DRTSC.2.3134,URBE CARENTE,ALEJANDRO CÓRDOVA,DIRECCIÓN NACIONAL DE PUBLICACIONES E IMPRESOS (DPI),EXCELENTE,M5K5
DRTSC.2.3135,VAIVÉN,CARLOS ALBERTO SORIANO,DIRECCIÓN NACIONAL DE PUBLICACIONES E IMPRESOS (DPI),EXCELENTE,M5K5
DRTSC.2.3136,VAIVÉN,CARLOS ALBERTO SORIANO,DIRECCIÓN NACIONAL DE PUBLICACIONES E IMPRESOS (DPI),EXCELENTE,M5K5
DRTSC.2.3137,VAIVÉN,CARLOS ALBERTO SORIANO,DIRECCIÓN NACIONAL DE PUBLICACIONES E IMPRESOS (DPI),EXCELENTE,M5K5
DRTSC.2.3138,VUELO 7096,SALVADOR CANJURA,DIRECCIÓN NACIONAL DE PUBLICACIONES E IMPRESOS (DPI),EXCELENTE,M5K5
DRTSC.2.3139,VUELO 7096,SALVADOR CANJURA,DIRECCIÓN NACIONAL DE PUBLICACIONES E IMPRESOS (DPI),EXCELENTE,M5K5
DRTSC.2.3140,VUELO 7096,SALVADOR CANJURA,DIRECCIÓN NACIONAL DE PUBLICACIONES E IMPRESOS (DPI),EXCELENTE,M5K5
DRTSC.2.3141,CRUSH,SILVIA PIRA,GRELISAL,EXCELENTE,M5K5
DRTSC.2.3142,CRUSH,SILVIA PIRA,GRELISAL,EXCELENTE,M5K5
DRTSC.2.3143,"CAJAS DE CARTÓN, RELATOS DE LA VIDA PEREGRINA DE UN NIÑO CAMPESINO",FRANCISCO JIMÉNEZ,UNIVERSITY OF NEW MEXICO PRESS,EXCELENTE,M5K5
DRTSC.2.3144,"CAJAS DE CARTÓN, RELATOS DE LA VIDA PEREGRINA DE UN NIÑO CAMPESINO",FRANCISCO JIMÉNEZ,UNIVERSITY OF NEW MEXICO PRESS,EXCELENTE,M5K5
DRTSC.2.3145,EL MISTERIO DE LA GAIA,CARLOS CUAUHTÉMOC SÁNCHEZ,EDICIONES SELECTAS DIAMANTE,EXCELENTE,M5K5
DRTSC.2.3146,EN BUSCA DE KLINGSOR,JORGE VOLPI,PENGUIN RANDOM HOUSE GRUPO EDITORIAL,EXCELENTE,M5K5
DRTSC.2.3147,LAS ELEGIDAS,JORGE VOLPI,ALFAGUARA,EXCELENTE,M5K5
DRTSC.2.3148,LUNA: EN LA OSCURIDAD,ANA COELLO,PENGUIN RANDOM HOUSE GRUPO EDITORIAL,EXCELENTE,M5K5
DRTSC.2.3149,UNA NOVELA CRIMINAL,JORGE VOLPI,PENGUIN RANDOM HOUSE GRUPO EDITORIAL,EXCELENTE,M5K5
DRTSC.2.3150,PUEBLO DE DIOS Y DE MANDINGA,CLARIBEL ALEGRÍA,DIRECCIÓN DE PUBLICACIONES E IMPRESOS (DPI),EXCELENTE,M5K5
DRTSC.2.3151,PUEBLO DE DIOS Y DE MANDINGA,CLARIBEL ALEGRÍA,DIRECCIÓN DE PUBLICACIONES E IMPRESOS (DPI),EXCELENTE,M5K5
DRTSC.2.3152,PUEBLO DE DIOS Y DE MANDINGA,CLARIBEL ALEGRÍA,DIRECCIÓN DE PUBLICACIONES E IMPRESOS (DPI),EXCELENTE,M5K5